muc_id,allele_dich,dich_2field,donor,donor_2field,intron_muon,locus
HLA00001,A*01:01:01:01,A*01:01,,,False,A
HLA02169,A*01:01:01:02N,A*01:01,,,False,A
HLA00003,A*01:03,A*01:03,,,False,A
HLA01496,A*01:09,A*01:09,,,False,A
HLA02057,A*01:11N,A*01:11N,,,False,A
HLA02152,A*01:14,A*01:14,,,False,A
HLA02310,A*01:16N,A*01:16N,,,False,A
HLA02537,A*01:20,A*01:20,,,False,A
HLA00005,A*02:01:01:01,A*02:01,,,False,A
HLA03253,A*02:01:01:03,A*02:01,,,False,A
HLA00007,A*02:02,A*02:02,,,False,A
HLA00008,A*02:03:01,A*02:03,,,False,A
HLA05409,A*02:03:03,A*02:03,,,False,A
HLA00010,A*02:05:01,A*02:05,,,False,A
HLA00011,A*02:06:01,A*02:06,,,False,A
HLA00012,A*02:07:01,A*02:07,,,False,A
HLA00015,A*02:10,A*02:10,,,False,A
HLA05227,A*02:251,A*02:251,,,False,A
HLA05368,A*02:259,A*02:259,,,False,A
HLA05542,A*02:269,A*02:269,,,False,A
HLA05801,A*02:279,A*02:279,,,False,A
HLA00968,A*02:32N,A*02:32N,,,False,A
HLA08558,A*02:376,A*02:376,,,False,A
HLA01218,A*02:43N,A*02:43N,,,False,A
HLA01331,A*02:48,A*02:48,,,False,A
HLA01478,A*02:51,A*02:51,,,False,A
HLA01534,A*02:53N,A*02:53N,,,False,A
HLA01609,A*02:57,A*02:57,,,False,A
HLA01665,A*02:60:01,A*02:60,,,False,A
HLA01778,A*02:65,A*02:65,,,False,A
HLA01867,A*02:68,A*02:68,,,False,A
HLA02082,A*02:77,A*02:77,,,False,A
HLA02168,A*02:81,A*02:81,,,False,A
HLA00037,A*03:01:01:01,A*03:01,,,False,A
HLA01960,A*03:01:01:03,A*03:01,,,False,A
HLA00040,A*03:02:01,A*03:02,,,False,A
HLA01714,A*03:11N,A*03:11N,,,False,A
HLA03119,A*03:36N,A*03:36N,,,False,A
HLA00043,A*11:01:01,A*11:01,,,False,A
HLA05114,A*11:01:18,A*11:01,,,False,A
HLA00044,A*11:02:01,A*11:02,,,False,A
HLA00047,A*11:05,A*11:05,,,False,A
HLA02456,A*11:25,A*11:25,,,False,A
HLA04135,A*11:50Q,A*11:50Q,,,False,A
HLA05116,A*11:60,A*11:60,,,False,A
HLA05728,A*11:74,A*11:74,,,False,A
HLA05792,A*11:75,A*11:75,,,False,A
HLA00048,A*23:01:01,A*23:01,,,False,A
HLA01571,A*23:09,A*23:09,,,False,A
HLA06368,A*23:38N,A*23:38N,,,False,A
HLA00050,A*24:02:01:01,A*24:02,,,False,A
HLA00051,A*24:02:01:02L,A*24:02,,,False,A
HLA06112,A*24:02:01:03,A*24:02,,,False,A
HLA00053,A*24:03:01,A*24:03,,,False,A
HLA00057,A*24:07,A*24:07,,,False,A
HLA00058,A*24:08,A*24:08,,,False,A
HLA00060,A*24:10:01,A*24:10,,,False,A
HLA05800,A*24:152,A*24:152,,,False,A
HLA00070,A*24:20,A*24:20,,,False,A
HLA08602,A*24:215,A*24:215,,,False,A
HLA02449,A*24:61,A*24:61,,,False,A
HLA03251,A*24:86N,A*24:86N,,,False,A
HLA00071,A*25:01:01,A*25:01,,,False,A
HLA00073,A*26:01:01,A*26:01,,,False,A
HLA00083,A*26:11N,A*26:11N,,,False,A
HLA01272,A*26:15,A*26:15,,,False,A
HLA05407,A*26:50,A*26:50,,,False,A
HLA00085,A*29:01:01:01,A*29:01,,,False,A
HLA01406,A*29:01:01:02N,A*29:01,,,False,A
HLA00086,A*29:02:01:01,A*29:02,,,False,A
HLA00089,A*30:01:01,A*30:01,,,False,A
HLA00090,A*30:02:01,A*30:02,,,False,A
HLA00092,A*30:04:01,A*30:04,,,False,A
HLA00097,A*31:01:02,A*31:01,,,False,A
HLA00100,A*31:04,A*31:04,,,False,A
HLA00101,A*32:01:01,A*32:01,,,False,A
HLA00104,A*33:01:01,A*33:01,,,False,A
HLA00106,A*33:03:01,A*33:03,,,False,A
HLA01704,A*33:07,A*33:07,,,False,A
HLA00108,A*34:01:01,A*34:01,,,False,A
HLA00109,A*34:02:01,A*34:02,,,False,A
HLA00110,A*36:01,A*36:01,,,False,A
HLA00112,A*66:01,A*66:01,,,False,A
HLA00115,A*68:01:01:01,A*68:01,,,False,A
HLA05918,A*68:01:01:02,A*68:01,,,False,A
HLA00116,A*68:01:02,A*68:01,,,False,A
HLA00117,A*68:02:01:01,A*68:02,,,False,A
HLA02911,A*68:02:01:03,A*68:02,,,False,A
HLA03152,A*68:02:02,A*68:02,,,False,A
HLA00118,A*68:03:01,A*68:03,,,False,A
HLA00124,A*68:08:01,A*68:08,,,False,A
HLA01170,A*68:17,A*68:17,,,False,A
HLA01291,A*68:18N,A*68:18N,,,False,A
HLA01595,A*68:22,A*68:22,,,False,A
HLA06129,A*68:71,A*68:71,,,False,A
HLA00126,A*69:01,A*69:01,,,False,A
HLA00127,A*74:01,A*74:01,,,False,A
HLA00128,A*74:02:01:01,A*74:02,,,False,A
HLA05527,A*74:02:01:02,A*74:02,,,False,A
HLA00130,A*80:01:01:01,A*80:01,,,False,A
HLA08791,A*80:01:01:02,A*80:01,,,False,A
HLA00002_HLA02537,A*01:02,A*01:02,A*01:20,A*01:20,True,A
HLA00006_HLA00005,A*02:01:02,A*02:01,A*02:01:01:01,A*02:01,True,A
HLA00006_HLA03253,A*02:01:02,A*02:01,A*02:01:01:03,A*02:01,True,A
HLA00006_HLA01218,A*02:01:02,A*02:01,A*02:43N,A*02:43N,True,A
HLA00009_HLA00005,A*02:04,A*02:04,A*02:01:01:01,A*02:01,True,A
HLA00009_HLA03253,A*02:04,A*02:04,A*02:01:01:03,A*02:01,True,A
HLA00013_HLA00010,A*02:08,A*02:08,A*02:05:01,A*02:05,True,A
HLA00016_HLA00005,A*02:11:01,A*02:11,A*02:01:01:01,A*02:01,True,A
HLA00016_HLA03253,A*02:11:01,A*02:11,A*02:01:01:03,A*02:01,True,A
HLA00017_HLA00005,A*02:12,A*02:12,A*02:01:01:01,A*02:01,True,A
HLA00017_HLA03253,A*02:12,A*02:12,A*02:01:01:03,A*02:01,True,A
HLA00018_HLA00005,A*02:13,A*02:13,A*02:01:01:01,A*02:01,True,A
HLA00018_HLA03253,A*02:13,A*02:13,A*02:01:01:03,A*02:01,True,A
HLA00019_HLA00010,A*02:14,A*02:14,A*02:05:01,A*02:05,True,A
HLA00021_HLA00005,A*02:16,A*02:16,A*02:01:01:01,A*02:01,True,A
HLA00021_HLA03253,A*02:16,A*02:16,A*02:01:01:03,A*02:01,True,A
HLA00022_HLA00005,A*02:17:01,A*02:17,A*02:01:01:01,A*02:01,True,A
HLA00022_HLA03253,A*02:17:01,A*02:17,A*02:01:01:03,A*02:01,True,A
HLA00022_HLA01609,A*02:17:01,A*02:17,A*02:57,A*02:57,True,A
HLA00024_HLA00012,A*02:18,A*02:18,A*02:07:01,A*02:07,True,A
HLA00025_HLA00005,A*02:19,A*02:19,A*02:01:01:01,A*02:01,True,A
HLA00025_HLA03253,A*02:19,A*02:19,A*02:01:01:03,A*02:01,True,A
HLA00025_HLA01218,A*02:19,A*02:19,A*02:43N,A*02:43N,True,A
HLA00026_HLA00005,A*02:20:01,A*02:20,A*02:01:01:01,A*02:01,True,A
HLA00026_HLA03253,A*02:20:01,A*02:20,A*02:01:01:03,A*02:01,True,A
HLA00027_HLA00011,A*02:21,A*02:21,A*02:06:01,A*02:06,True,A
HLA00028_HLA00005,A*02:22:01,A*02:22,A*02:01:01:01,A*02:01,True,A
HLA00028_HLA03253,A*02:22:01,A*02:22,A*02:01:01:03,A*02:01,True,A
HLA00030_HLA00005,A*02:24:01,A*02:24,A*02:01:01:01,A*02:01,True,A
HLA00030_HLA03253,A*02:24:01,A*02:24,A*02:01:01:03,A*02:01,True,A
HLA00031_HLA00005,A*02:25,A*02:25,A*02:01:01:01,A*02:01,True,A
HLA00031_HLA03253,A*02:25,A*02:25,A*02:01:01:03,A*02:01,True,A
HLA00031_HLA01218,A*02:25,A*02:25,A*02:43N,A*02:43N,True,A
HLA00032_HLA00005,A*02:26,A*02:26,A*02:01:01:01,A*02:01,True,A
HLA00032_HLA03253,A*02:26,A*02:26,A*02:01:01:03,A*02:01,True,A
HLA00033_HLA00005,A*02:27,A*02:27,A*02:01:01:01,A*02:01,True,A
HLA00033_HLA03253,A*02:27,A*02:27,A*02:01:01:03,A*02:01,True,A
HLA00033_HLA01218,A*02:27,A*02:27,A*02:43N,A*02:43N,True,A
HLA00034_HLA00011,A*02:28,A*02:28,A*02:06:01,A*02:06,True,A
HLA00035_HLA00005,A*02:29,A*02:29,A*02:01:01:01,A*02:01,True,A
HLA00035_HLA03253,A*02:29,A*02:29,A*02:01:01:03,A*02:01,True,A
HLA00036_HLA00005,A*02:30,A*02:30,A*02:01:01:01,A*02:01,True,A
HLA00036_HLA03253,A*02:30,A*02:30,A*02:01:01:03,A*02:01,True,A
HLA00038_HLA00037,A*03:01:02,A*03:01,A*03:01:01:01,A*03:01,True,A
HLA00038_HLA01960,A*03:01:02,A*03:01,A*03:01:01:03,A*03:01,True,A
HLA00039_HLA00037,A*03:01:03,A*03:01,A*03:01:01:01,A*03:01,True,A
HLA00039_HLA01960,A*03:01:03,A*03:01,A*03:01:01:03,A*03:01,True,A
HLA00041_HLA00037,A*03:03N,A*03:03N,A*03:01:01:01,A*03:01,True,A
HLA00041_HLA01960,A*03:03N,A*03:03N,A*03:01:01:03,A*03:01,True,A
HLA00042_HLA00037,A*03:04:01,A*03:04,A*03:01:01:01,A*03:01,True,A
HLA00042_HLA01960,A*03:04:01,A*03:04,A*03:01:01:03,A*03:01,True,A
HLA00045_HLA05116,A*11:03,A*11:03,A*11:60,A*11:60,True,A
HLA00046_HLA00043,A*11:04,A*11:04,A*11:01:01,A*11:01,True,A
HLA00052_HLA00050,A*24:02:02,A*24:02,A*24:02:01:01,A*24:02,True,A
HLA00052_HLA00051,A*24:02:02,A*24:02,A*24:02:01:02L,A*24:02,True,A
HLA00052_HLA06112,A*24:02:02,A*24:02,A*24:02:01:03,A*24:02,True,A
HLA00054_HLA00050,A*24:04,A*24:04,A*24:02:01:01,A*24:02,True,A
HLA00054_HLA00051,A*24:04,A*24:04,A*24:02:01:02L,A*24:02,True,A
HLA00054_HLA06112,A*24:04,A*24:04,A*24:02:01:03,A*24:02,True,A
HLA00055_HLA00050,A*24:05,A*24:05,A*24:02:01:01,A*24:02,True,A
HLA00055_HLA00051,A*24:05,A*24:05,A*24:02:01:02L,A*24:02,True,A
HLA00055_HLA06112,A*24:05,A*24:05,A*24:02:01:03,A*24:02,True,A
HLA00056_HLA00050,A*24:06,A*24:06,A*24:02:01:01,A*24:02,True,A
HLA00056_HLA00051,A*24:06,A*24:06,A*24:02:01:02L,A*24:02,True,A
HLA00056_HLA06112,A*24:06,A*24:06,A*24:02:01:03,A*24:02,True,A
HLA00063_HLA00048,A*24:13:01,A*24:13,A*23:01:01,A*23:01,True,A
HLA00063_HLA00051,A*24:13:01,A*24:13,A*24:02:01:02L,A*24:02,True,A
HLA00063_HLA06112,A*24:13:01,A*24:13,A*24:02:01:03,A*24:02,True,A
HLA00064_HLA00050,A*24:14,A*24:14,A*24:02:01:01,A*24:02,True,A
HLA00064_HLA00051,A*24:14,A*24:14,A*24:02:01:02L,A*24:02,True,A
HLA00064_HLA06112,A*24:14,A*24:14,A*24:02:01:03,A*24:02,True,A
HLA00065_HLA00050,A*24:15,A*24:15,A*24:02:01:01,A*24:02,True,A
HLA00065_HLA00051,A*24:15,A*24:15,A*24:02:01:02L,A*24:02,True,A
HLA00065_HLA06112,A*24:15,A*24:15,A*24:02:01:03,A*24:02,True,A
HLA00066_HLA00048,A*31:08,A*31:08,A*23:01:01,A*23:01,True,A
HLA00066_HLA00101,A*31:08,A*31:08,A*32:01:01,A*32:01,True,A
HLA00067_HLA00050,A*24:17,A*24:17,A*24:02:01:01,A*24:02,True,A
HLA00067_HLA00051,A*24:17,A*24:17,A*24:02:01:02L,A*24:02,True,A
HLA00067_HLA06112,A*24:17,A*24:17,A*24:02:01:03,A*24:02,True,A
HLA00068_HLA00053,A*24:18,A*24:18,A*24:03:01,A*24:03,True,A
HLA00069_HLA00057,A*24:19,A*24:19,A*24:07,A*24:07,True,A
HLA00072_HLA00071,A*25:02,A*25:02,A*25:01:01,A*25:01,True,A
HLA00074_HLA00073,A*26:02,A*26:02,A*26:01:01,A*26:01,True,A
HLA00075_HLA00112,A*26:03:01,A*26:03,A*66:01,A*66:01,True,A
HLA00076_HLA00073,A*26:04,A*26:04,A*26:01:01,A*26:01,True,A
HLA00077_HLA00073,A*26:05,A*26:05,A*26:01:01,A*26:01,True,A
HLA00078_HLA00112,A*26:06,A*26:06,A*66:01,A*66:01,True,A
HLA00079_HLA00073,A*26:07:01,A*26:07,A*26:01:01,A*26:01,True,A
HLA00080_HLA00073,A*26:08,A*26:08,A*26:01:01,A*26:01,True,A
HLA00081_HLA00073,A*26:09,A*26:09,A*26:01:01,A*26:01,True,A
HLA00082_HLA00073,A*26:10,A*26:10,A*26:01:01,A*26:01,True,A
HLA00084_HLA00073,A*26:12,A*26:12,A*26:01:01,A*26:01,True,A
HLA00087_HLA00086,A*29:03,A*29:03,A*29:02:01:01,A*29:02,True,A
HLA00088_HLA00086,A*29:04,A*29:04,A*29:02:01:01,A*29:02,True,A
HLA00091_HLA00090,A*30:03,A*30:03,A*30:02:01,A*30:02,True,A
HLA00094_HLA00092,A*30:06,A*30:06,A*30:04:01,A*30:04,True,A
HLA00095_HLA00090,A*30:07,A*30:07,A*30:02:01,A*30:02,True,A
HLA00098_HLA00097,A*31:02,A*31:02,A*31:01:02,A*31:01,True,A
HLA00099_HLA00100,A*31:03,A*31:03,A*31:04,A*31:04,True,A
HLA00102_HLA00101,A*32:02,A*32:02,A*32:01:01,A*32:01,True,A
HLA00103_HLA00101,A*32:03,A*32:03,A*32:01:01,A*32:01,True,A
HLA00107_HLA00104,A*33:04,A*33:04,A*33:01:01,A*33:01,True,A
HLA00111_HLA00073,A*43:01,A*43:01,A*26:01:01,A*26:01,True,A
HLA00113_HLA00112,A*66:02,A*66:02,A*66:01,A*66:01,True,A
HLA00114_HLA00112,A*66:03,A*66:03,A*66:01,A*66:01,True,A
HLA00119_HLA00118,A*68:03:02,A*68:03,A*68:03:01,A*68:03,True,A
HLA00120_HLA00115,A*68:04,A*68:04,A*68:01:01:01,A*68:01,True,A
HLA00120_HLA05918,A*68:04,A*68:04,A*68:01:01:02,A*68:01,True,A
HLA00121_HLA00118,A*68:05,A*68:05,A*68:03:01,A*68:03,True,A
HLA00122_HLA00116,A*68:06,A*68:06,A*68:01:02,A*68:01,True,A
HLA00123_HLA00116,A*68:07,A*68:07,A*68:01:02,A*68:01,True,A
HLA00125_HLA00116,A*68:09,A*68:09,A*68:01:02,A*68:01,True,A
HLA00125_HLA00124,A*68:09,A*68:09,A*68:08:01,A*68:08,True,A
HLA00129_HLA00127,A*74:03,A*74:03,A*74:01,A*74:01,True,A
HLA00129_HLA00128,A*74:03,A*74:03,A*74:02:01:01,A*74:02,True,A
HLA00129_HLA05527,A*74:03,A*74:03,A*74:02:01:02,A*74:02,True,A
HLA00966_HLA00005,A*02:01:03,A*02:01,A*02:01:01:01,A*02:01,True,A
HLA00966_HLA03253,A*02:01:03,A*02:01,A*02:01:01:03,A*02:01,True,A
HLA00967_HLA00005,A*02:31,A*02:31,A*02:01:01:01,A*02:01,True,A
HLA00967_HLA03253,A*02:31,A*02:31,A*02:01:01:03,A*02:01,True,A
HLA00967_HLA01218,A*02:31,A*02:31,A*02:43N,A*02:43N,True,A
HLA00969_HLA00050,A*24:21:01,A*24:21,A*24:02:01:01,A*24:02,True,A
HLA00969_HLA00051,A*24:21:01,A*24:21,A*24:02:01:02L,A*24:02,True,A
HLA00969_HLA06112,A*24:21:01,A*24:21,A*24:02:01:03,A*24:02,True,A
HLA00970_HLA00053,A*24:22,A*24:22,A*24:03:01,A*24:03,True,A
HLA00971_HLA00104,A*33:05,A*33:05,A*33:01:01,A*33:01,True,A
HLA00972_HLA00115,A*68:10,A*68:10,A*68:01:01:01,A*68:01,True,A
HLA00972_HLA05918,A*68:10,A*68:10,A*68:01:01:02,A*68:01,True,A
HLA01031_HLA00001,A*01:06,A*01:06,A*01:01:01:01,A*01:01,True,A
HLA01031_HLA02169,A*01:06,A*01:06,A*01:01:01:02N,A*01:01,True,A
HLA01032_HLA00005,A*02:01:04,A*02:01,A*02:01:01:01,A*02:01,True,A
HLA01032_HLA03253,A*02:01:04,A*02:01,A*02:01:01:03,A*02:01,True,A
HLA01032_HLA01218,A*02:01:04,A*02:01,A*02:43N,A*02:43N,True,A
HLA01033_HLA00005,A*02:33,A*02:33,A*02:01:01:01,A*02:01,True,A
HLA01033_HLA03253,A*02:33,A*02:33,A*02:01:01:03,A*02:01,True,A
HLA01034_HLA00005,A*02:34,A*02:34,A*02:01:01:01,A*02:01,True,A
HLA01034_HLA03253,A*02:34,A*02:34,A*02:01:01:03,A*02:01,True,A
HLA01035_HLA00005,A*02:35:01,A*02:35,A*02:01:01:01,A*02:01,True,A
HLA01035_HLA03253,A*02:35:01,A*02:35,A*02:01:01:03,A*02:01,True,A
HLA01035_HLA01218,A*02:35:01,A*02:35,A*02:43N,A*02:43N,True,A
HLA01036_HLA00005,A*02:36,A*02:36,A*02:01:01:01,A*02:01,True,A
HLA01036_HLA03253,A*02:36,A*02:36,A*02:01:01:03,A*02:01,True,A
HLA01036_HLA01218,A*02:36,A*02:36,A*02:43N,A*02:43N,True,A
HLA01037_HLA00043,A*11:01:02,A*11:01,A*11:01:01,A*11:01,True,A
HLA01038_HLA00048,A*23:02,A*23:02,A*23:01:01,A*23:01,True,A
HLA01039_HLA00048,A*23:03:01,A*23:03,A*23:01:01,A*23:01,True,A
HLA01040_HLA00053,A*24:03:02,A*24:03,A*24:03:01,A*24:03,True,A
HLA01041_HLA00050,A*24:23,A*24:23,A*24:02:01:01,A*24:02,True,A
HLA01041_HLA00051,A*24:23,A*24:23,A*24:02:01:02L,A*24:02,True,A
HLA01041_HLA06112,A*24:23,A*24:23,A*24:02:01:03,A*24:02,True,A
HLA01042_HLA01571,A*24:24,A*24:24,A*23:09,A*23:09,True,A
HLA01043_HLA00071,A*25:03,A*25:03,A*25:01:01,A*25:01,True,A
HLA01044_HLA00073,A*26:13,A*26:13,A*26:01:01,A*26:01,True,A
HLA01045_HLA00101,A*32:04,A*32:04,A*32:01:01,A*32:01,True,A
HLA01046_HLA00116,A*68:12,A*68:12,A*68:01:02,A*68:01,True,A
HLA01047_HLA00115,A*68:13:01,A*68:13,A*68:01:01:01,A*68:01,True,A
HLA01047_HLA05918,A*68:13:01,A*68:13,A*68:01:01:02,A*68:01,True,A
HLA01048_HLA00115,A*68:14,A*68:14,A*68:01:01:01,A*68:01,True,A
HLA01048_HLA05918,A*68:14,A*68:14,A*68:01:01:02,A*68:01,True,A
HLA01102_HLA00005,A*02:37,A*02:37,A*02:01:01:01,A*02:01,True,A
HLA01102_HLA03253,A*02:37,A*02:37,A*02:01:01:03,A*02:01,True,A
HLA01102_HLA01218,A*02:37,A*02:37,A*02:43N,A*02:43N,True,A
HLA01104_HLA00043,A*11:06,A*11:06,A*11:01:01,A*11:01,True,A
HLA01105_HLA00008,A*02:38,A*02:38,A*02:03:01,A*02:03,True,A
HLA01106_HLA00117,A*68:15,A*68:15,A*68:02:01:01,A*68:02,True,A
HLA01106_HLA02911,A*68:15,A*68:15,A*68:02:01:03,A*68:02,True,A
HLA01107_HLA00037,A*03:05:01,A*03:05,A*03:01:01:01,A*03:01,True,A
HLA01107_HLA01960,A*03:05:01,A*03:05,A*03:01:01:03,A*03:01,True,A
HLA01108_HLA00048,A*23:04,A*23:04,A*23:01:01,A*23:01,True,A
HLA01109_HLA00005,A*02:39,A*02:39,A*02:01:01:01,A*02:01,True,A
HLA01109_HLA03253,A*02:39,A*02:39,A*02:01:01:03,A*02:01,True,A
HLA01109_HLA01218,A*02:39,A*02:39,A*02:43N,A*02:43N,True,A
HLA01111_HLA00048,A*23:05,A*23:05,A*23:01:01,A*23:01,True,A
HLA01112_HLA00089,A*30:08,A*30:08,A*30:01:01,A*30:01,True,A
HLA01115_HLA01778,A*74:04,A*74:04,A*02:65,A*02:65,True,A
HLA01115_HLA00127,A*74:04,A*74:04,A*74:01,A*74:01,True,A
HLA01115_HLA00128,A*74:04,A*74:04,A*74:02:01:01,A*74:02,True,A
HLA01115_HLA05527,A*74:04,A*74:04,A*74:02:01:02,A*74:02,True,A
HLA01119_HLA00116,A*68:16,A*68:16,A*68:01:02,A*68:01,True,A
HLA01120_HLA00073,A*26:14,A*26:14,A*26:01:01,A*26:01,True,A
HLA01121_HLA00005,A*02:40:01,A*02:40,A*02:01:01:01,A*02:01,True,A
HLA01121_HLA03253,A*02:40:01,A*02:40,A*02:01:01:03,A*02:01,True,A
HLA01121_HLA01218,A*02:40:01,A*02:40,A*02:43N,A*02:43N,True,A
HLA01171_HLA00050,A*24:26,A*24:26,A*24:02:01:01,A*24:02,True,A
HLA01171_HLA00051,A*24:26,A*24:26,A*24:02:01:02L,A*24:02,True,A
HLA01171_HLA06112,A*24:26,A*24:26,A*24:02:01:03,A*24:02,True,A
HLA01172_HLA00011,A*02:41,A*02:41,A*02:06:01,A*02:06,True,A
HLA01189_HLA00050,A*24:25,A*24:25,A*24:02:01:01,A*24:02,True,A
HLA01189_HLA00051,A*24:25,A*24:25,A*24:02:01:02L,A*24:02,True,A
HLA01189_HLA06112,A*24:25,A*24:25,A*24:02:01:03,A*24:02,True,A
HLA01198_HLA00005,A*02:42,A*02:42,A*02:01:01:01,A*02:01,True,A
HLA01198_HLA03253,A*02:42,A*02:42,A*02:01:01:03,A*02:01,True,A
HLA01199_HLA00097,A*31:05,A*31:05,A*31:01:02,A*31:01,True,A
HLA01207_HLA00101,A*32:05,A*32:05,A*32:01:01,A*32:01,True,A
HLA01208_HLA00001,A*01:07,A*01:07,A*01:01:01:01,A*01:01,True,A
HLA01208_HLA02169,A*01:07,A*01:07,A*01:01:01:02N,A*01:01,True,A
HLA01210_HLA00048,A*23:06,A*23:06,A*23:01:01,A*23:01,True,A
HLA01220_HLA00050,A*24:27,A*24:27,A*24:02:01:01,A*24:02,True,A
HLA01220_HLA00051,A*24:27,A*24:27,A*24:02:01:02L,A*24:02,True,A
HLA01220_HLA06112,A*24:27,A*24:27,A*24:02:01:03,A*24:02,True,A
HLA01222_HLA00011,A*02:44,A*02:44,A*02:06:01,A*02:06,True,A
HLA01224_HLA00090,A*30:09,A*30:09,A*30:02:01,A*30:02,True,A
HLA01224_HLA00092,A*30:09,A*30:09,A*30:04:01,A*30:04,True,A
HLA01228_HLA00101,A*32:06,A*32:06,A*32:01:01,A*32:01,True,A
HLA01244_HLA00001,A*01:01:02,A*01:01,A*01:01:01:01,A*01:01,True,A
HLA01244_HLA02169,A*01:01:02,A*01:01,A*01:01:01:02N,A*01:01,True,A
HLA01248_HLA00109,A*34:03,A*34:03,A*34:02:01,A*34:02,True,A
HLA01249_HLA00005,A*02:45,A*02:45,A*02:01:01:01,A*02:01,True,A
HLA01249_HLA03253,A*02:45,A*02:45,A*02:01:01:03,A*02:01,True,A
HLA01249_HLA01218,A*02:45,A*02:45,A*02:43N,A*02:43N,True,A
HLA01251_HLA00037,A*03:06,A*03:06,A*03:01:01:01,A*03:01,True,A
HLA01251_HLA01960,A*03:06,A*03:06,A*03:01:01:03,A*03:01,True,A
HLA01254_HLA00127,A*74:05,A*74:05,A*74:01,A*74:01,True,A
HLA01254_HLA00128,A*74:05,A*74:05,A*74:02:01:01,A*74:02,True,A
HLA01254_HLA05527,A*74:05,A*74:05,A*74:02:01:02,A*74:02,True,A
HLA01260_HLA00005,A*02:20:02,A*02:20,A*02:01:01:01,A*02:01,True,A
HLA01260_HLA03253,A*02:20:02,A*02:20,A*02:01:01:03,A*02:01,True,A
HLA01260_HLA01218,A*02:20:02,A*02:20,A*02:43N,A*02:43N,True,A
HLA01268_HLA00050,A*24:28,A*24:28,A*24:02:01:01,A*24:02,True,A
HLA01268_HLA00051,A*24:28,A*24:28,A*24:02:01:02L,A*24:02,True,A
HLA01268_HLA06112,A*24:28,A*24:28,A*24:02:01:03,A*24:02,True,A
HLA01274_HLA00005,A*02:46,A*02:46,A*02:01:01:01,A*02:01,True,A
HLA01274_HLA03253,A*02:46,A*02:46,A*02:01:01:03,A*02:01,True,A
HLA01274_HLA01218,A*02:46,A*02:46,A*02:43N,A*02:43N,True,A
HLA01275_HLA00037,A*03:07,A*03:07,A*03:01:01:01,A*03:01,True,A
HLA01275_HLA01960,A*03:07,A*03:07,A*03:01:01:03,A*03:01,True,A
HLA01290_HLA00110,A*36:02,A*36:02,A*36:01,A*36:01,True,A
HLA01292_HLA00001,A*01:08,A*01:08,A*01:01:01:01,A*01:01,True,A
HLA01292_HLA02169,A*01:08,A*01:08,A*01:01:01:02N,A*01:01,True,A
HLA01297_HLA00043,A*11:07,A*11:07,A*11:01:01,A*11:01,True,A
HLA01298_HLA00043,A*11:08,A*11:08,A*11:01:01,A*11:01,True,A
HLA01302_HLA00037,A*03:08,A*03:08,A*03:01:01:01,A*03:01,True,A
HLA01302_HLA01960,A*03:08,A*03:08,A*03:01:01:03,A*03:01,True,A
HLA01303_HLA00116,A*68:19,A*68:19,A*68:01:02,A*68:01,True,A
HLA01310_HLA00043,A*11:09,A*11:09,A*11:01:01,A*11:01,True,A
HLA01316_HLA00050,A*24:29,A*24:29,A*24:02:01:01,A*24:02,True,A
HLA01316_HLA00051,A*24:29,A*24:29,A*24:02:01:02L,A*24:02,True,A
HLA01316_HLA06112,A*24:29,A*24:29,A*24:02:01:03,A*24:02,True,A
HLA01317_HLA00050,A*24:30,A*24:30,A*24:02:01:01,A*24:02,True,A
HLA01317_HLA00051,A*24:30,A*24:30,A*24:02:01:02L,A*24:02,True,A
HLA01317_HLA06112,A*24:30,A*24:30,A*24:02:01:03,A*24:02,True,A
HLA01318_HLA00106,A*33:06,A*33:06,A*33:03:01,A*33:03,True,A
HLA01320_HLA00109,A*34:04,A*34:04,A*34:02:01,A*34:02,True,A
HLA01324_HLA00007,A*02:47,A*02:47,A*02:02,A*02:02,True,A
HLA01327_HLA00005,A*02:01:05,A*02:01,A*02:01:01:01,A*02:01,True,A
HLA01327_HLA03253,A*02:01:05,A*02:01,A*02:01:01:03,A*02:01,True,A
HLA01330_HLA00050,A*24:31,A*24:31,A*24:02:01:01,A*24:02,True,A
HLA01330_HLA00051,A*24:31,A*24:31,A*24:02:01:02L,A*24:02,True,A
HLA01330_HLA06112,A*24:31,A*24:31,A*24:02:01:03,A*24:02,True,A
HLA01332_HLA00005,A*02:01:06,A*02:01,A*02:01:01:01,A*02:01,True,A
HLA01332_HLA03253,A*02:01:06,A*02:01,A*02:01:01:03,A*02:01,True,A
HLA01347_HLA00073,A*26:16,A*26:16,A*26:01:01,A*26:01,True,A
HLA01351_HLA00073,A*26:17,A*26:17,A*26:01:01,A*26:01,True,A
HLA01375_HLA00112,A*66:04,A*66:04,A*66:01,A*66:01,True,A
HLA01404_HLA00005,A*02:49,A*02:49,A*02:01:01:01,A*02:01,True,A
HLA01404_HLA03253,A*02:49,A*02:49,A*02:01:01:03,A*02:01,True,A
HLA01411_HLA00090,A*30:10,A*30:10,A*30:02:01,A*30:02,True,A
HLA01422_HLA00127,A*74:06,A*74:06,A*74:01,A*74:01,True,A
HLA01422_HLA00128,A*74:06,A*74:06,A*74:02:01:01,A*74:02,True,A
HLA01422_HLA05527,A*74:06,A*74:06,A*74:02:01:02,A*74:02,True,A
HLA01423_HLA00043,A*11:10,A*11:10,A*11:01:01,A*11:01,True,A
HLA01431_HLA00005,A*02:50,A*02:50,A*02:01:01:01,A*02:01,True,A
HLA01431_HLA03253,A*02:50,A*02:50,A*02:01:01:03,A*02:01,True,A
HLA01431_HLA01218,A*02:50,A*02:50,A*02:43N,A*02:43N,True,A
HLA01445_HLA00089,A*30:11:01,A*30:11,A*30:01:01,A*30:01,True,A
HLA01463_HLA00101,A*32:07,A*32:07,A*32:01:01,A*32:01,True,A
HLA01464_HLA00118,A*68:20,A*68:20,A*68:03:01,A*68:03,True,A
HLA01465_HLA00050,A*24:32,A*24:32,A*24:02:01:01,A*24:02,True,A
HLA01465_HLA00051,A*24:32,A*24:32,A*24:02:01:02L,A*24:02,True,A
HLA01465_HLA06112,A*24:32,A*24:32,A*24:02:01:03,A*24:02,True,A
HLA01477_HLA00037,A*03:09,A*03:09,A*03:01:01:01,A*03:01,True,A
HLA01477_HLA01960,A*03:09,A*03:09,A*03:01:01:03,A*03:01,True,A
HLA01491_HLA02168,A*24:33,A*24:33,A*02:81,A*02:81,True,A
HLA01492_HLA00048,A*23:08N,A*23:08N,A*23:01:01,A*23:01,True,A
HLA01497_HLA00110,A*36:03,A*36:03,A*36:01,A*36:01,True,A
HLA01511_HLA00071,A*25:04,A*25:04,A*25:01:01,A*25:01,True,A
HLA01512_HLA00086,A*29:05,A*29:05,A*29:02:01:01,A*29:02,True,A
HLA01519_HLA00128,A*74:07,A*74:07,A*74:02:01:01,A*74:02,True,A
HLA01519_HLA05527,A*74:07,A*74:07,A*74:02:01:02,A*74:02,True,A
HLA01525_HLA00073,A*26:18,A*26:18,A*26:01:01,A*26:01,True,A
HLA01533_HLA00005,A*02:52,A*02:52,A*02:01:01:01,A*02:01,True,A
HLA01533_HLA03253,A*02:52,A*02:52,A*02:01:01:03,A*02:01,True,A
HLA01533_HLA01218,A*02:52,A*02:52,A*02:43N,A*02:43N,True,A
HLA01544_HLA00127,A*74:08,A*74:08,A*74:01,A*74:01,True,A
HLA01544_HLA00128,A*74:08,A*74:08,A*74:02:01:01,A*74:02,True,A
HLA01544_HLA05527,A*74:08,A*74:08,A*74:02:01:02,A*74:02,True,A
HLA01545_HLA00011,A*02:54,A*02:54,A*02:06:01,A*02:06,True,A
HLA01546_HLA00097,A*31:06,A*31:06,A*31:01:02,A*31:01,True,A
HLA01547_HLA00043,A*11:11,A*11:11,A*11:01:01,A*11:01,True,A
HLA01549_HLA00050,A*24:34,A*24:34,A*24:02:01:01,A*24:02,True,A
HLA01549_HLA00051,A*24:34,A*24:34,A*24:02:01:02L,A*24:02,True,A
HLA01549_HLA06112,A*24:34,A*24:34,A*24:02:01:03,A*24:02,True,A
HLA01556_HLA00043,A*11:12,A*11:12,A*11:01:01,A*11:01,True,A
HLA01558_HLA00086,A*29:06,A*29:06,A*29:02:01:01,A*29:02,True,A
HLA01562_HLA00005,A*02:55,A*02:55,A*02:01:01:01,A*02:01,True,A
HLA01562_HLA03253,A*02:55,A*02:55,A*02:01:01:03,A*02:01,True,A
HLA01562_HLA01218,A*02:55,A*02:55,A*02:43N,A*02:43N,True,A
HLA01562_HLA00126,A*02:55,A*02:55,A*69:01,A*69:01,True,A
HLA01566_HLA00050,A*24:35,A*24:35,A*24:02:01:01,A*24:02,True,A
HLA01566_HLA00051,A*24:35,A*24:35,A*24:02:01:02L,A*24:02,True,A
HLA01566_HLA06112,A*24:35,A*24:35,A*24:02:01:03,A*24:02,True,A
HLA01575_HLA00005,A*02:56:01,A*02:56,A*02:01:01:01,A*02:01,True,A
HLA01575_HLA03253,A*02:56:01,A*02:56,A*02:01:01:03,A*02:01,True,A
HLA01576_HLA00043,A*11:13,A*11:13,A*11:01:01,A*11:01,True,A
HLA01583_HLA00050,A*24:36N,A*24:36N,A*24:02:01:01,A*24:02,True,A
HLA01583_HLA00051,A*24:36N,A*24:36N,A*24:02:01:02L,A*24:02,True,A
HLA01583_HLA06112,A*24:36N,A*24:36N,A*24:02:01:03,A*24:02,True,A
HLA01584_HLA00090,A*30:12,A*30:12,A*30:02:01,A*30:02,True,A
HLA01590_HLA00116,A*68:21:01,A*68:21,A*68:01:02,A*68:01,True,A
HLA01603_HLA00101,A*31:07,A*31:07,A*32:01:01,A*32:01,True,A
HLA01610_HLA00005,A*02:58,A*02:58,A*02:01:01:01,A*02:01,True,A
HLA01610_HLA03253,A*02:58,A*02:58,A*02:01:01:03,A*02:01,True,A
HLA01610_HLA01218,A*02:58,A*02:58,A*02:43N,A*02:43N,True,A
HLA01624_HLA00005,A*02:01:07,A*02:01,A*02:01:01:01,A*02:01,True,A
HLA01624_HLA03253,A*02:01:07,A*02:01,A*02:01:01:03,A*02:01,True,A
HLA01631_HLA00001,A*36:04,A*36:04,A*01:01:01:01,A*01:01,True,A
HLA01631_HLA02169,A*36:04,A*36:04,A*01:01:01:02N,A*01:01,True,A
HLA01646_HLA00040,A*03:10,A*03:10,A*03:02:01,A*03:02,True,A
HLA01647_HLA05116,A*11:14,A*11:14,A*11:60,A*11:60,True,A
HLA01648_HLA00050,A*24:02:04,A*24:02,A*24:02:01:01,A*24:02,True,A
HLA01648_HLA00051,A*24:02:04,A*24:02,A*24:02:01:02L,A*24:02,True,A
HLA01648_HLA06112,A*24:02:04,A*24:02,A*24:02:01:03,A*24:02,True,A
HLA01649_HLA00050,A*24:37,A*24:37,A*24:02:01:01,A*24:02,True,A
HLA01649_HLA00051,A*24:37,A*24:37,A*24:02:01:02L,A*24:02,True,A
HLA01649_HLA06112,A*24:37,A*24:37,A*24:02:01:03,A*24:02,True,A
HLA01650_HLA00086,A*29:07,A*29:07,A*29:02:01:01,A*29:02,True,A
HLA01651_HLA00097,A*31:09,A*31:09,A*31:01:02,A*31:01,True,A
HLA01652_HLA00116,A*68:23,A*68:23,A*68:01:02,A*68:01,True,A
HLA01653_HLA00127,A*74:09,A*74:09,A*74:01,A*74:01,True,A
HLA01653_HLA00128,A*74:09,A*74:09,A*74:02:01:01,A*74:02,True,A
HLA01653_HLA05527,A*74:09,A*74:09,A*74:02:01:02,A*74:02,True,A
HLA01666_HLA00005,A*02:59,A*02:59,A*02:01:01:01,A*02:01,True,A
HLA01666_HLA03253,A*02:59,A*02:59,A*02:01:01:03,A*02:01,True,A
HLA01674_HLA00050,A*24:38,A*24:38,A*24:02:01:01,A*24:02,True,A
HLA01674_HLA00051,A*24:38,A*24:38,A*24:02:01:02L,A*24:02,True,A
HLA01674_HLA06112,A*24:38,A*24:38,A*24:02:01:03,A*24:02,True,A
HLA01675_HLA00108,A*34:05,A*34:05,A*34:01:01,A*34:01,True,A
HLA01682_HLA00005,A*02:01:09,A*02:01,A*02:01:01:01,A*02:01,True,A
HLA01682_HLA03253,A*02:01:09,A*02:01,A*02:01:01:03,A*02:01,True,A
HLA01696_HLA00086,A*29:08N,A*29:08N,A*29:02:01:01,A*29:02,True,A
HLA01699_HLA00011,A*02:61,A*02:61,A*02:06:01,A*02:06,True,A
HLA01703_HLA00086,A*29:02:02,A*29:02,A*29:02:01:01,A*29:02,True,A
HLA01707_HLA00116,A*68:24,A*68:24,A*68:01:02,A*68:01,True,A
HLA01709_HLA00005,A*02:62,A*02:62,A*02:01:01:01,A*02:01,True,A
HLA01709_HLA03253,A*02:62,A*02:62,A*02:01:01:03,A*02:01,True,A
HLA01709_HLA01218,A*02:62,A*02:62,A*02:43N,A*02:43N,True,A
HLA01716_HLA00086,A*29:09,A*29:09,A*29:02:01:01,A*29:02,True,A
HLA01726_HLA00115,A*68:01:03,A*68:01,A*68:01:01:01,A*68:01,True,A
HLA01726_HLA05918,A*68:01:03,A*68:01,A*68:01:01:02,A*68:01,True,A
HLA01735_HLA00007,A*02:63,A*02:63,A*02:02,A*02:02,True,A
HLA01757_HLA00048,A*23:10,A*23:10,A*23:01:01,A*23:01,True,A
HLA01758_HLA00106,A*33:03:02,A*33:03,A*33:03:01,A*33:03,True,A
HLA01759_HLA00071,A*25:01:02,A*25:01,A*25:01:01,A*25:01,True,A
HLA01760_HLA00005,A*02:64,A*02:64,A*02:01:01:01,A*02:01,True,A
HLA01760_HLA03253,A*02:64,A*02:64,A*02:01:01:03,A*02:01,True,A
HLA01771_HLA00037,A*03:12,A*03:12,A*03:01:01:01,A*03:01,True,A
HLA01771_HLA01960,A*03:12,A*03:12,A*03:01:01:03,A*03:01,True,A
HLA01773_HLA00050,A*24:39,A*24:39,A*24:02:01:01,A*24:02,True,A
HLA01773_HLA00051,A*24:39,A*24:39,A*24:02:01:02L,A*24:02,True,A
HLA01773_HLA06112,A*24:39,A*24:39,A*24:02:01:03,A*24:02,True,A
HLA01795_HLA00086,A*29:10,A*29:10,A*29:02:01:01,A*29:02,True,A
HLA01796_HLA00073,A*26:19,A*26:19,A*26:01:01,A*26:01,True,A
HLA01802_HLA00005,A*02:67,A*02:67,A*02:01:01:01,A*02:01,True,A
HLA01802_HLA03253,A*02:67,A*02:67,A*02:01:01:03,A*02:01,True,A
HLA01805_HLA00073,A*26:07:02,A*26:07,A*26:01:01,A*26:01,True,A
HLA01815_HLA00043,A*11:15:01,A*11:15,A*11:01:01,A*11:01,True,A
HLA01819_HLA00127,A*74:10,A*74:10,A*74:01,A*74:01,True,A
HLA01819_HLA00128,A*74:10,A*74:10,A*74:02:01:01,A*74:02,True,A
HLA01819_HLA05527,A*74:10,A*74:10,A*74:02:01:02,A*74:02,True,A
HLA01822_HLA00115,A*68:25,A*68:25,A*68:01:01:01,A*68:01,True,A
HLA01822_HLA05918,A*68:25,A*68:25,A*68:01:01:02,A*68:01,True,A
HLA01823_HLA00050,A*24:41,A*24:41,A*24:02:01:01,A*24:02,True,A
HLA01823_HLA00051,A*24:41,A*24:41,A*24:02:01:02L,A*24:02,True,A
HLA01823_HLA06112,A*24:41,A*24:41,A*24:02:01:03,A*24:02,True,A
HLA01826_HLA00037,A*03:13,A*03:13,A*03:01:01:01,A*03:01,True,A
HLA01826_HLA01960,A*03:13,A*03:13,A*03:01:01:03,A*03:01,True,A
HLA01827_HLA00037,A*03:14,A*03:14,A*03:01:01:01,A*03:01,True,A
HLA01827_HLA01960,A*03:14,A*03:14,A*03:01:01:03,A*03:01,True,A
HLA01828_HLA00050,A*24:02:05,A*24:02,A*24:02:01:01,A*24:02,True,A
HLA01828_HLA00051,A*24:02:05,A*24:02,A*24:02:01:02L,A*24:02,True,A
HLA01828_HLA06112,A*24:02:05,A*24:02,A*24:02:01:03,A*24:02,True,A
HLA01829_HLA00044,A*11:16,A*11:16,A*11:02:01,A*11:02,True,A
HLA01834_HLA00048,A*23:11N,A*23:11N,A*23:01:01,A*23:01,True,A
HLA01839_HLA00043,A*11:17,A*11:17,A*11:01:01,A*11:01,True,A
HLA01847_HLA00048,A*23:12,A*23:12,A*23:01:01,A*23:01,True,A
HLA01852_HLA00086,A*29:11,A*29:11,A*29:02:01:01,A*29:02,True,A
HLA01872_HLA00058,A*24:42,A*24:42,A*24:08,A*24:08,True,A
HLA01876_HLA00073,A*26:20,A*26:20,A*26:01:01,A*26:01,True,A
HLA01882_HLA00001,A*01:10,A*01:10,A*01:01:01:01,A*01:01,True,A
HLA01882_HLA02169,A*01:10,A*01:10,A*01:01:01:02N,A*01:01,True,A
HLA01886_HLA00101,A*32:08,A*32:08,A*32:01:01,A*32:01,True,A
HLA01887_HLA00086,A*29:02:03,A*29:02,A*29:02:01:01,A*29:02,True,A
HLA01893_HLA00005,A*02:01:10,A*02:01,A*02:01:01:01,A*02:01,True,A
HLA01893_HLA03253,A*02:01:10,A*02:01,A*02:01:01:03,A*02:01,True,A
HLA01894_HLA00112,A*26:21,A*26:21,A*66:01,A*66:01,True,A
HLA01904_HLA00112,A*34:06,A*34:06,A*66:01,A*66:01,True,A
HLA01918_HLA00124,A*68:26,A*68:26,A*68:08:01,A*68:08,True,A
HLA01928_HLA00005,A*02:70,A*02:70,A*02:01:01:01,A*02:01,True,A
HLA01928_HLA03253,A*02:70,A*02:70,A*02:01:01:03,A*02:01,True,A
HLA01942_HLA00005,A*02:71,A*02:71,A*02:01:01:01,A*02:01,True,A
HLA01942_HLA03253,A*02:71,A*02:71,A*02:01:01:03,A*02:01,True,A
HLA01944_HLA00117,A*68:27:01,A*68:27,A*68:02:01:01,A*68:02,True,A
HLA01944_HLA02911,A*68:27:01,A*68:27,A*68:02:01:03,A*68:02,True,A
HLA01945_HLA00008,A*02:03:02,A*02:03,A*02:03:01,A*02:03,True,A
HLA01946_HLA00005,A*02:35:02,A*02:35,A*02:01:01:01,A*02:01,True,A
HLA01946_HLA03253,A*02:35:02,A*02:35,A*02:01:01:03,A*02:01,True,A
HLA01946_HLA01218,A*02:35:02,A*02:35,A*02:43N,A*02:43N,True,A
HLA01955_HLA00011,A*02:72,A*02:72,A*02:06:01,A*02:06,True,A
HLA01956_HLA00011,A*02:06:02,A*02:06,A*02:06:01,A*02:06,True,A
HLA01957_HLA00050,A*24:43,A*24:43,A*24:02:01:01,A*24:02,True,A
HLA01957_HLA00051,A*24:43,A*24:43,A*24:02:01:02L,A*24:02,True,A
HLA01957_HLA06112,A*24:43,A*24:43,A*24:02:01:03,A*24:02,True,A
HLA01958_HLA00073,A*26:22,A*26:22,A*26:01:01,A*26:01,True,A
HLA01962_HLA00050,A*24:44,A*24:44,A*24:02:01:01,A*24:02,True,A
HLA01962_HLA00051,A*24:44,A*24:44,A*24:02:01:02L,A*24:02,True,A
HLA01962_HLA06112,A*24:44,A*24:44,A*24:02:01:03,A*24:02,True,A
HLA01965_HLA00011,A*02:06:03,A*02:06,A*02:06:01,A*02:06,True,A
HLA01966_HLA00073,A*26:23,A*26:23,A*26:01:01,A*26:01,True,A
HLA01970_HLA00101,A*31:10,A*31:10,A*32:01:01,A*32:01,True,A
HLA01971_HLA00001,A*01:01:03,A*01:01,A*01:01:01:01,A*01:01,True,A
HLA01971_HLA02169,A*01:01:03,A*01:01,A*01:01:01:02N,A*01:01,True,A
HLA01972_HLA00005,A*02:73,A*02:73,A*02:01:01:01,A*02:01,True,A
HLA01972_HLA03253,A*02:73,A*02:73,A*02:01:01:03,A*02:01,True,A
HLA01973_HLA00043,A*11:18,A*11:18,A*11:01:01,A*11:01,True,A
HLA01974_HLA00050,A*24:45N,A*24:45N,A*24:02:01:01,A*24:02,True,A
HLA01974_HLA00051,A*24:45N,A*24:45N,A*24:02:01:02L,A*24:02,True,A
HLA01974_HLA06112,A*24:45N,A*24:45N,A*24:02:01:03,A*24:02,True,A
HLA01987_HLA00043,A*11:19,A*11:19,A*11:01:01,A*11:01,True,A
HLA01988_HLA00050,A*24:46,A*24:46,A*24:02:01:01,A*24:02,True,A
HLA01988_HLA00051,A*24:46,A*24:46,A*24:02:01:02L,A*24:02,True,A
HLA01988_HLA06112,A*24:46,A*24:46,A*24:02:01:03,A*24:02,True,A
HLA01997_HLA00050,A*24:02:06,A*24:02,A*24:02:01:01,A*24:02,True,A
HLA01997_HLA00051,A*24:02:06,A*24:02,A*24:02:01:02L,A*24:02,True,A
HLA01997_HLA06112,A*24:02:06,A*24:02,A*24:02:01:03,A*24:02,True,A
HLA02011_HLA00043,A*11:01:03,A*11:01,A*11:01:01,A*11:01,True,A
HLA02024_HLA00037,A*03:01:04,A*03:01,A*03:01:01:01,A*03:01,True,A
HLA02024_HLA01960,A*03:01:04,A*03:01,A*03:01:01:03,A*03:01,True,A
HLA02025_HLA00043,A*11:01:04,A*11:01,A*11:01:01,A*11:01,True,A
HLA02028_HLA00005,A*02:74:01,A*02:74,A*02:01:01:01,A*02:01,True,A
HLA02028_HLA03253,A*02:74:01,A*02:74,A*02:01:01:03,A*02:01,True,A
HLA02037_HLA00050,A*24:47,A*24:47,A*24:02:01:01,A*24:02,True,A
HLA02037_HLA00051,A*24:47,A*24:47,A*24:02:01:02L,A*24:02,True,A
HLA02037_HLA06112,A*24:47,A*24:47,A*24:02:01:03,A*24:02,True,A
HLA02040_HLA00097,A*31:11,A*31:11,A*31:01:02,A*31:01,True,A
HLA02045_HLA00043,A*11:20,A*11:20,A*11:01:01,A*11:01,True,A
HLA02049_HLA00050,A*24:48N,A*24:48N,A*24:02:01:01,A*24:02,True,A
HLA02049_HLA00051,A*24:48N,A*24:48N,A*24:02:01:02L,A*24:02,True,A
HLA02049_HLA06112,A*24:48N,A*24:48N,A*24:02:01:03,A*24:02,True,A
HLA02053_HLA00050,A*24:49,A*24:49,A*24:02:01:01,A*24:02,True,A
HLA02053_HLA00051,A*24:49,A*24:49,A*24:02:01:02L,A*24:02,True,A
HLA02053_HLA06112,A*24:49,A*24:49,A*24:02:01:03,A*24:02,True,A
HLA02081_HLA00005,A*02:76:01,A*02:76,A*02:01:01:01,A*02:01,True,A
HLA02081_HLA03253,A*02:76:01,A*02:76,A*02:01:01:03,A*02:01,True,A
HLA02083_HLA00085,A*29:12,A*29:12,A*29:01:01:01,A*29:01,True,A
HLA02083_HLA01406,A*29:12,A*29:12,A*29:01:01:02N,A*29:01,True,A
HLA02084_HLA00086,A*29:13,A*29:13,A*29:02:01:01,A*29:02,True,A
HLA02084_HLA00101,A*29:13,A*29:13,A*32:01:01,A*32:01,True,A
HLA02085_HLA00097,A*31:12,A*31:12,A*31:01:02,A*31:01,True,A
HLA02094_HLA00011,A*02:78,A*02:78,A*02:06:01,A*02:06,True,A
HLA02101_HLA00043,A*11:22,A*11:22,A*11:01:01,A*11:01,True,A
HLA02102_HLA00089,A*30:13,A*30:13,A*30:01:01,A*30:01,True,A
HLA02103_HLA00117,A*68:28,A*68:28,A*68:02:01:01,A*68:02,True,A
HLA02103_HLA02911,A*68:28,A*68:28,A*68:02:01:03,A*68:02,True,A
HLA02105_HLA00011,A*02:79:01,A*02:79,A*02:06:01,A*02:06,True,A
HLA02107_HLA00050,A*24:50,A*24:50,A*24:02:01:01,A*24:02,True,A
HLA02107_HLA00051,A*24:50,A*24:50,A*24:02:01:02L,A*24:02,True,A
HLA02107_HLA06112,A*24:50,A*24:50,A*24:02:01:03,A*24:02,True,A
HLA02108_HLA02152,A*01:12,A*01:12,A*01:14,A*01:14,True,A
HLA02109_HLA00037,A*03:15,A*03:15,A*03:01:01:01,A*03:01,True,A
HLA02109_HLA01960,A*03:15,A*03:15,A*03:01:01:03,A*03:01,True,A
HLA02110_HLA00001,A*01:13,A*01:13,A*01:01:01:01,A*01:01,True,A
HLA02110_HLA02169,A*01:13,A*01:13,A*01:01:01:02N,A*01:01,True,A
HLA02111_HLA00037,A*03:16,A*03:16,A*03:01:01:01,A*03:01,True,A
HLA02111_HLA01960,A*03:16,A*03:16,A*03:01:01:03,A*03:01,True,A
HLA02116_HLA00089,A*30:14L,A*30:14L,A*30:01:01,A*30:01,True,A
HLA02124_HLA00043,A*11:23,A*11:23,A*11:01:01,A*11:01,True,A
HLA02125_HLA00050,A*24:51,A*24:51,A*24:02:01:01,A*24:02,True,A
HLA02125_HLA00051,A*24:51,A*24:51,A*24:02:01:02L,A*24:02,True,A
HLA02125_HLA06112,A*24:51,A*24:51,A*24:02:01:03,A*24:02,True,A
HLA02126_HLA00005,A*02:74:02,A*02:74,A*02:01:01:01,A*02:01,True,A
HLA02126_HLA03253,A*02:74:02,A*02:74,A*02:01:01:03,A*02:01,True,A
HLA02126_HLA01218,A*02:74:02,A*02:74,A*02:43N,A*02:43N,True,A
HLA02127_HLA00089,A*30:15,A*30:15,A*30:01:01,A*30:01,True,A
HLA02138_HLA00101,A*32:09,A*32:09,A*32:01:01,A*32:01,True,A
HLA02156_HLA00073,A*26:25N,A*26:25N,A*26:01:01,A*26:01,True,A
HLA02160_HLA00005,A*02:80,A*02:80,A*02:01:01:01,A*02:01,True,A
HLA02160_HLA03253,A*02:80,A*02:80,A*02:01:01:03,A*02:01,True,A
HLA02177_HLA00073,A*26:01:02,A*26:01,A*26:01:01,A*26:01,True,A
HLA02180_HLA00073,A*26:01:03,A*26:01,A*26:01:01,A*26:01,True,A
HLA02181_HLA00050,A*24:52,A*24:52,A*24:02:01:01,A*24:02,True,A
HLA02181_HLA00051,A*24:52,A*24:52,A*24:02:01:02L,A*24:02,True,A
HLA02181_HLA06112,A*24:52,A*24:52,A*24:02:01:03,A*24:02,True,A
HLA02183_HLA00001,A*01:15N,A*01:15N,A*01:01:01:01,A*01:01,True,A
HLA02183_HLA02169,A*01:15N,A*01:15N,A*01:01:01:02N,A*01:01,True,A
HLA02194_HLA00005,A*02:82N,A*02:82N,A*02:01:01:01,A*02:01,True,A
HLA02194_HLA03253,A*02:82N,A*02:82N,A*02:01:01:03,A*02:01,True,A
HLA02194_HLA01218,A*02:82N,A*02:82N,A*02:43N,A*02:43N,True,A
HLA02197_HLA00037,A*03:17:01,A*03:17,A*03:01:01:01,A*03:01,True,A
HLA02197_HLA01960,A*03:17:01,A*03:17,A*03:01:01:03,A*03:01,True,A
HLA02198_HLA00050,A*24:53,A*24:53,A*24:02:01:01,A*24:02,True,A
HLA02198_HLA00051,A*24:53,A*24:53,A*24:02:01:02L,A*24:02,True,A
HLA02198_HLA06112,A*24:53,A*24:53,A*24:02:01:03,A*24:02,True,A
HLA02199_HLA00090,A*30:02:03,A*30:02,A*30:02:01,A*30:02,True,A
HLA02204_HLA00050,A*24:02:07,A*24:02,A*24:02:01:01,A*24:02,True,A
HLA02204_HLA00051,A*24:02:07,A*24:02,A*24:02:01:02L,A*24:02,True,A
HLA02204_HLA06112,A*24:02:07,A*24:02,A*24:02:01:03,A*24:02,True,A
HLA02216_HLA00043,A*11:01:05,A*11:01,A*11:01:01,A*11:01,True,A
HLA02233_HLA00011,A*02:84,A*02:84,A*02:06:01,A*02:06,True,A
HLA02235_HLA00005,A*02:85,A*02:85,A*02:01:01:01,A*02:01,True,A
HLA02235_HLA03253,A*02:85,A*02:85,A*02:01:01:03,A*02:01,True,A
HLA02237_HLA00050,A*24:54,A*24:54,A*24:02:01:01,A*24:02,True,A
HLA02237_HLA00051,A*24:54,A*24:54,A*24:02:01:02L,A*24:02,True,A
HLA02237_HLA06112,A*24:54,A*24:54,A*24:02:01:03,A*24:02,True,A
HLA02248_HLA00005,A*02:86,A*02:86,A*02:01:01:01,A*02:01,True,A
HLA02248_HLA03253,A*02:86,A*02:86,A*02:01:01:03,A*02:01,True,A
HLA02248_HLA01218,A*02:86,A*02:86,A*02:43N,A*02:43N,True,A
HLA02250_HLA00106,A*33:08,A*33:08,A*33:03:01,A*33:03,True,A
HLA02254_HLA00127,A*74:11,A*74:11,A*74:01,A*74:01,True,A
HLA02255_HLA00073,A*26:01:04,A*26:01,A*26:01:01,A*26:01,True,A
HLA02256_HLA00086,A*29:14,A*29:14,A*29:02:01:01,A*29:02,True,A
HLA02258_HLA00101,A*32:10,A*32:10,A*32:01:01,A*32:01,True,A
HLA02290_HLA00001,A*03:18,A*03:18,A*01:01:01:01,A*01:01,True,A
HLA02290_HLA02169,A*03:18,A*03:18,A*01:01:01:02N,A*01:01,True,A
HLA02290_HLA00040,A*03:18,A*03:18,A*03:02:01,A*03:02,True,A
HLA02299_HLA00050,A*24:02:08,A*24:02,A*24:02:01:01,A*24:02,True,A
HLA02299_HLA00051,A*24:02:08,A*24:02,A*24:02:01:02L,A*24:02,True,A
HLA02299_HLA06112,A*24:02:08,A*24:02,A*24:02:01:03,A*24:02,True,A
HLA02312_HLA00005,A*02:01:12,A*02:01,A*02:01:01:01,A*02:01,True,A
HLA02312_HLA03253,A*02:01:12,A*02:01,A*02:01:01:03,A*02:01,True,A
HLA02312_HLA01218,A*02:01:12,A*02:01,A*02:43N,A*02:43N,True,A
HLA02321_HLA02168,A*02:87,A*02:87,A*02:81,A*02:81,True,A
HLA02322_HLA00037,A*03:19,A*03:19,A*03:01:01:01,A*03:01,True,A
HLA02322_HLA01960,A*03:19,A*03:19,A*03:01:01:03,A*03:01,True,A
HLA02327_HLA00115,A*68:01:04,A*68:01,A*68:01:01:01,A*68:01,True,A
HLA02327_HLA05918,A*68:01:04,A*68:01,A*68:01:01:02,A*68:01,True,A
HLA02328_HLA00048,A*23:13,A*23:13,A*23:01:01,A*23:01,True,A
HLA02337_HLA00005,A*02:88N,A*02:88N,A*02:01:01:01,A*02:01,True,A
HLA02337_HLA03253,A*02:88N,A*02:88N,A*02:01:01:03,A*02:01,True,A
HLA02344_HLA00112,A*66:05,A*66:05,A*66:01,A*66:01,True,A
HLA02347_HLA00050,A*24:02:09,A*24:02,A*24:02:01:01,A*24:02,True,A
HLA02347_HLA00051,A*24:02:09,A*24:02,A*24:02:01:02L,A*24:02,True,A
HLA02347_HLA06112,A*24:02:09,A*24:02,A*24:02:01:03,A*24:02,True,A
HLA02349_HLA00048,A*23:14:01,A*23:14,A*23:01:01,A*23:01,True,A
HLA02349_HLA00051,A*23:14:01,A*23:14,A*24:02:01:02L,A*24:02,True,A
HLA02349_HLA06112,A*23:14:01,A*23:14,A*24:02:01:03,A*24:02,True,A
HLA02355_HLA00097,A*31:13,A*31:13,A*31:01:02,A*31:01,True,A
HLA02361_HLA06129,A*68:29,A*68:29,A*68:71,A*68:71,True,A
HLA02362_HLA00050,A*24:55,A*24:55,A*24:02:01:01,A*24:02,True,A
HLA02362_HLA00051,A*24:55,A*24:55,A*24:02:01:02L,A*24:02,True,A
HLA02362_HLA06112,A*24:55,A*24:55,A*24:02:01:03,A*24:02,True,A
HLA02363_HLA00109,A*34:07,A*34:07,A*34:02:01,A*34:02,True,A
HLA02364_HLA00116,A*68:30,A*68:30,A*68:01:02,A*68:01,True,A
HLA02365_HLA00050,A*24:57,A*24:57,A*24:02:01:01,A*24:02,True,A
HLA02365_HLA00051,A*24:57,A*24:57,A*24:02:01:02L,A*24:02,True,A
HLA02365_HLA06112,A*24:57,A*24:57,A*24:02:01:03,A*24:02,True,A
HLA02366_HLA00050,A*24:56,A*24:56,A*24:02:01:01,A*24:02,True,A
HLA02366_HLA00051,A*24:56,A*24:56,A*24:02:01:02L,A*24:02,True,A
HLA02366_HLA06112,A*24:56,A*24:56,A*24:02:01:03,A*24:02,True,A
HLA02367_HLA00073,A*26:27,A*26:27,A*26:01:01,A*26:01,True,A
HLA02373_HLA00001,A*01:17,A*01:17,A*01:01:01:01,A*01:01,True,A
HLA02373_HLA02169,A*01:17,A*01:17,A*01:01:01:02N,A*01:01,True,A
HLA02374_HLA00005,A*02:90,A*02:90,A*02:01:01:01,A*02:01,True,A
HLA02374_HLA03253,A*02:90,A*02:90,A*02:01:01:03,A*02:01,True,A
HLA02379_HLA00127,A*74:12N,A*74:12N,A*74:01,A*74:01,True,A
HLA02379_HLA00128,A*74:12N,A*74:12N,A*74:02:01:01,A*74:02,True,A
HLA02379_HLA05527,A*74:12N,A*74:12N,A*74:02:01:02,A*74:02,True,A
HLA02386_HLA00043,A*11:24:01,A*11:24,A*11:01:01,A*11:01,True,A
HLA02401_HLA00050,A*24:58,A*24:58,A*24:02:01:01,A*24:02,True,A
HLA02401_HLA00051,A*24:58,A*24:58,A*24:02:01:02L,A*24:02,True,A
HLA02401_HLA06112,A*24:58,A*24:58,A*24:02:01:03,A*24:02,True,A
HLA02405_HLA00037,A*03:22:01,A*03:22,A*03:01:01:01,A*03:01,True,A
HLA02405_HLA01960,A*03:22:01,A*03:22,A*03:01:01:03,A*03:01,True,A
HLA02413_HLA00101,A*32:11Q,A*32:11Q,A*32:01:01,A*32:01,True,A
HLA02416_HLA00050,A*24:02:11,A*24:02,A*24:02:01:01,A*24:02,True,A
HLA02416_HLA00051,A*24:02:11,A*24:02,A*24:02:01:02L,A*24:02,True,A
HLA02416_HLA06112,A*24:02:11,A*24:02,A*24:02:01:03,A*24:02,True,A
HLA02417_HLA00050,A*24:59,A*24:59,A*24:02:01:01,A*24:02,True,A
HLA02417_HLA00051,A*24:59,A*24:59,A*24:02:01:02L,A*24:02,True,A
HLA02417_HLA06112,A*24:59,A*24:59,A*24:02:01:03,A*24:02,True,A
HLA02435_HLA00011,A*02:91,A*02:91,A*02:06:01,A*02:06,True,A
HLA02439_HLA00089,A*30:16,A*30:16,A*30:01:01,A*30:01,True,A
HLA02440_HLA00005,A*02:92,A*02:92,A*02:01:01:01,A*02:01,True,A
HLA02440_HLA03253,A*02:92,A*02:92,A*02:01:01:03,A*02:01,True,A
HLA02440_HLA01218,A*02:92,A*02:92,A*02:43N,A*02:43N,True,A
HLA02441_HLA00117,A*68:31,A*68:31,A*68:02:01:01,A*68:02,True,A
HLA02441_HLA02911,A*68:31,A*68:31,A*68:02:01:03,A*68:02,True,A
HLA02442_HLA00044,A*11:02:02,A*11:02,A*11:02:01,A*11:02,True,A
HLA02443_HLA00050,A*24:60N,A*24:60N,A*24:02:01:01,A*24:02,True,A
HLA02443_HLA00051,A*24:60N,A*24:60N,A*24:02:01:02L,A*24:02,True,A
HLA02443_HLA06112,A*24:60N,A*24:60N,A*24:02:01:03,A*24:02,True,A
HLA02462_HLA00043,A*11:26,A*11:26,A*11:01:01,A*11:01,True,A
HLA02466_HLA00050,A*24:62,A*24:62,A*24:02:01:01,A*24:02,True,A
HLA02466_HLA00051,A*24:62,A*24:62,A*24:02:01:02L,A*24:02,True,A
HLA02466_HLA06112,A*24:62,A*24:62,A*24:02:01:03,A*24:02,True,A
HLA02468_HLA00005,A*02:93,A*02:93,A*02:01:01:01,A*02:01,True,A
HLA02468_HLA03253,A*02:93,A*02:93,A*02:01:01:03,A*02:01,True,A
HLA02468_HLA01218,A*02:93,A*02:93,A*02:43N,A*02:43N,True,A
HLA02470_HLA00116,A*68:32,A*68:32,A*68:01:02,A*68:01,True,A
HLA02471_HLA00073,A*26:28,A*26:28,A*26:01:01,A*26:01,True,A
HLA02472_HLA00112,A*66:06,A*66:06,A*66:01,A*66:01,True,A
HLA02476_HLA00005,A*02:94N,A*02:94N,A*02:01:01:01,A*02:01,True,A
HLA02476_HLA03253,A*02:94N,A*02:94N,A*02:01:01:03,A*02:01,True,A
HLA02476_HLA01218,A*02:94N,A*02:94N,A*02:43N,A*02:43N,True,A
HLA02481_HLA00005,A*02:95,A*02:95,A*02:01:01:01,A*02:01,True,A
HLA02481_HLA03253,A*02:95,A*02:95,A*02:01:01:03,A*02:01,True,A
HLA02481_HLA01218,A*02:95,A*02:95,A*02:43N,A*02:43N,True,A
HLA02484_HLA00001,A*01:18N,A*01:18N,A*01:01:01:01,A*01:01,True,A
HLA02484_HLA02169,A*01:18N,A*01:18N,A*01:01:01:02N,A*01:01,True,A
HLA02491_HLA02152,A*01:19,A*01:19,A*01:14,A*01:14,True,A
HLA02501_HLA00005,A*02:96,A*02:96,A*02:01:01:01,A*02:01,True,A
HLA02501_HLA03253,A*02:96,A*02:96,A*02:01:01:03,A*02:01,True,A
HLA02502_HLA00109,A*34:08,A*34:08,A*34:02:01,A*34:02,True,A
HLA02510_HLA00092,A*30:17,A*30:17,A*30:04:01,A*30:04,True,A
HLA02521_HLA01272,A*26:29,A*26:29,A*26:15,A*26:15,True,A
HLA02524_HLA00050,A*24:63,A*24:63,A*24:02:01:01,A*24:02,True,A
HLA02524_HLA00051,A*24:63,A*24:63,A*24:02:01:02L,A*24:02,True,A
HLA02524_HLA06112,A*24:63,A*24:63,A*24:02:01:03,A*24:02,True,A
HLA02528_HLA00037,A*03:23:01,A*03:23,A*03:01:01:01,A*03:01,True,A
HLA02528_HLA01960,A*03:23:01,A*03:23,A*03:01:01:03,A*03:01,True,A
HLA02529_HLA00011,A*02:99,A*02:99,A*02:06:01,A*02:06,True,A
HLA02530_HLA00043,A*11:27,A*11:27,A*11:01:01,A*11:01,True,A
HLA02538_HLA00005,A*02:101:01,A*02:101,A*02:01:01:01,A*02:01,True,A
HLA02538_HLA03253,A*02:101:01,A*02:101,A*02:01:01:03,A*02:01,True,A
HLA02538_HLA01218,A*02:101:01,A*02:101,A*02:43N,A*02:43N,True,A
HLA02540_HLA00001,A*01:01:04,A*01:01,A*01:01:01:01,A*01:01,True,A
HLA02540_HLA02169,A*01:01:04,A*01:01,A*01:01:01:02N,A*01:01,True,A
HLA02541_HLA00007,A*02:102,A*02:102,A*02:02,A*02:02,True,A
HLA02542_HLA00115,A*68:01:05,A*68:01,A*68:01:01:01,A*68:01,True,A
HLA02542_HLA05918,A*68:01:05,A*68:01,A*68:01:01:02,A*68:01,True,A
HLA02543_HLA00112,A*26:30,A*26:30,A*66:01,A*66:01,True,A
HLA02544_HLA00085,A*29:15,A*29:15,A*29:01:01:01,A*29:01,True,A
HLA02544_HLA01406,A*29:15,A*29:15,A*29:01:01:02N,A*29:01,True,A
HLA02574_HLA00050,A*24:64,A*24:64,A*24:02:01:01,A*24:02,True,A
HLA02574_HLA00051,A*24:64,A*24:64,A*24:02:01:02L,A*24:02,True,A
HLA02574_HLA06112,A*24:64,A*24:64,A*24:02:01:03,A*24:02,True,A
HLA02576_HLA00037,A*03:01:05,A*03:01,A*03:01:01:01,A*03:01,True,A
HLA02576_HLA01960,A*03:01:05,A*03:01,A*03:01:01:03,A*03:01,True,A
HLA02581_HLA00073,A*26:31,A*26:31,A*26:01:01,A*26:01,True,A
HLA02582_HLA00012,A*02:103,A*02:103,A*02:07:01,A*02:07,True,A
HLA02590_HLA00037,A*03:24,A*03:24,A*03:01:01:01,A*03:01,True,A
HLA02590_HLA01960,A*03:24,A*03:24,A*03:01:01:03,A*03:01,True,A
HLA02595_HLA00117,A*68:34,A*68:34,A*68:02:01:01,A*68:02,True,A
HLA02595_HLA02911,A*68:34,A*68:34,A*68:02:01:03,A*68:02,True,A
HLA02601_HLA00043,A*11:29,A*11:29,A*11:01:01,A*11:01,True,A
HLA02607_HLA00071,A*25:05,A*25:05,A*25:01:01,A*25:01,True,A
HLA02613_HLA00050,A*24:66,A*24:66,A*24:02:01:01,A*24:02,True,A
HLA02613_HLA00051,A*24:66,A*24:66,A*24:02:01:02L,A*24:02,True,A
HLA02613_HLA06112,A*24:66,A*24:66,A*24:02:01:03,A*24:02,True,A
HLA02615_HLA00101,A*32:12,A*32:12,A*32:01:01,A*32:01,True,A
HLA02616_HLA00073,A*26:32,A*26:32,A*26:01:01,A*26:01,True,A
HLA02624_HLA00115,A*68:35,A*68:35,A*68:01:01:01,A*68:01,True,A
HLA02624_HLA05918,A*68:35,A*68:35,A*68:01:01:02,A*68:01,True,A
HLA02640_HLA00073,A*26:33,A*26:33,A*26:01:01,A*26:01,True,A
HLA02646_HLA00089,A*30:18,A*30:18,A*30:01:01,A*30:01,True,A
HLA02649_HLA00101,A*32:13,A*32:13,A*32:01:01,A*32:01,True,A
HLA02652_HLA00050,A*24:02:12,A*24:02,A*24:02:01:01,A*24:02,True,A
HLA02652_HLA00051,A*24:02:12,A*24:02,A*24:02:01:02L,A*24:02,True,A
HLA02652_HLA06112,A*24:02:12,A*24:02,A*24:02:01:03,A*24:02,True,A
HLA02669_HLA00071,A*25:06,A*25:06,A*25:01:01,A*25:01,True,A
HLA02683_HLA00037,A*03:25,A*03:25,A*03:01:01:01,A*03:01,True,A
HLA02683_HLA01960,A*03:25,A*03:25,A*03:01:01:03,A*03:01,True,A
HLA02701_HLA00116,A*68:36,A*68:36,A*68:01:02,A*68:01,True,A
HLA02703_HLA00005,A*02:105,A*02:105,A*02:01:01:01,A*02:01,True,A
HLA02703_HLA03253,A*02:105,A*02:105,A*02:01:01:03,A*02:01,True,A
HLA02703_HLA01218,A*02:105,A*02:105,A*02:43N,A*02:43N,True,A
HLA02704_HLA00058,A*24:67,A*24:67,A*24:08,A*24:08,True,A
HLA02707_HLA00011,A*02:106,A*02:106,A*02:06:01,A*02:06,True,A
HLA02710_HLA00101,A*32:14,A*32:14,A*32:01:01,A*32:01,True,A
HLA02711_HLA00005,A*02:107,A*02:107,A*02:01:01:01,A*02:01,True,A
HLA02711_HLA03253,A*02:107,A*02:107,A*02:01:01:03,A*02:01,True,A
HLA02711_HLA01218,A*02:107,A*02:107,A*02:43N,A*02:43N,True,A
HLA02723_HLA00043,A*11:01:06,A*11:01,A*11:01:01,A*11:01,True,A
HLA02724_HLA01609,A*02:108,A*02:108,A*02:57,A*02:57,True,A
HLA02725_HLA00050,A*24:68,A*24:68,A*24:02:01:01,A*24:02,True,A
HLA02725_HLA00051,A*24:68,A*24:68,A*24:02:01:02L,A*24:02,True,A
HLA02725_HLA06112,A*24:68,A*24:68,A*24:02:01:03,A*24:02,True,A
HLA02731_HLA00073,A*26:34,A*26:34,A*26:01:01,A*26:01,True,A
HLA02733_HLA00085,A*29:16,A*29:16,A*29:01:01:01,A*29:01,True,A
HLA02733_HLA01406,A*29:16,A*29:16,A*29:01:01:02N,A*29:01,True,A
HLA02737_HLA00097,A*31:15,A*31:15,A*31:01:02,A*31:01,True,A
HLA02739_HLA00106,A*33:09,A*33:09,A*33:03:01,A*33:03,True,A
HLA02755_HLA00005,A*02:109,A*02:109,A*02:01:01:01,A*02:01,True,A
HLA02755_HLA03253,A*02:109,A*02:109,A*02:01:01:03,A*02:01,True,A
HLA02755_HLA01218,A*02:109,A*02:109,A*02:43N,A*02:43N,True,A
HLA02760_HLA00089,A*30:19,A*30:19,A*30:01:01,A*30:01,True,A
HLA02774_HLA00050,A*24:69,A*24:69,A*24:02:01:01,A*24:02,True,A
HLA02774_HLA00051,A*24:69,A*24:69,A*24:02:01:02L,A*24:02,True,A
HLA02774_HLA06112,A*24:69,A*24:69,A*24:02:01:03,A*24:02,True,A
HLA02775_HLA00043,A*11:30,A*11:30,A*11:01:01,A*11:01,True,A
HLA02776_HLA00005,A*02:110,A*02:110,A*02:01:01:01,A*02:01,True,A
HLA02776_HLA03253,A*02:110,A*02:110,A*02:01:01:03,A*02:01,True,A
HLA02776_HLA01609,A*02:110,A*02:110,A*02:57,A*02:57,True,A
HLA02777_HLA00050,A*24:70,A*24:70,A*24:02:01:01,A*24:02,True,A
HLA02777_HLA00051,A*24:70,A*24:70,A*24:02:01:02L,A*24:02,True,A
HLA02777_HLA06112,A*24:70,A*24:70,A*24:02:01:03,A*24:02,True,A
HLA02778_HLA00005,A*02:111,A*02:111,A*02:01:01:01,A*02:01,True,A
HLA02778_HLA03253,A*02:111,A*02:111,A*02:01:01:03,A*02:01,True,A
HLA02778_HLA01218,A*02:111,A*02:111,A*02:43N,A*02:43N,True,A
HLA02779_HLA00037,A*03:27,A*03:27,A*03:01:01:01,A*03:01,True,A
HLA02779_HLA01960,A*03:27,A*03:27,A*03:01:01:03,A*03:01,True,A
HLA02780_HLA00116,A*68:37,A*68:37,A*68:01:02,A*68:01,True,A
HLA02788_HLA00050,A*24:71,A*24:71,A*24:02:01:01,A*24:02,True,A
HLA02788_HLA00051,A*24:71,A*24:71,A*24:02:01:02L,A*24:02,True,A
HLA02788_HLA06112,A*24:71,A*24:71,A*24:02:01:03,A*24:02,True,A
HLA02794_HLA00089,A*30:20,A*30:20,A*30:01:01,A*30:01,True,A
HLA02798_HLA00101,A*32:15,A*32:15,A*32:01:01,A*32:01,True,A
HLA02807_HLA00106,A*33:10,A*33:10,A*33:03:01,A*33:03,True,A
HLA02828_HLA00073,A*26:01:05,A*26:01,A*26:01:01,A*26:01,True,A
HLA02829_HLA00043,A*11:01:07,A*11:01,A*11:01:01,A*11:01,True,A
HLA02840_HLA02168,A*02:112,A*02:112,A*02:81,A*02:81,True,A
HLA02854_HLA00005,A*02:01:13,A*02:01,A*02:01:01:01,A*02:01,True,A
HLA02854_HLA03253,A*02:01:13,A*02:01,A*02:01:01:03,A*02:01,True,A
HLA02854_HLA01218,A*02:01:13,A*02:01,A*02:43N,A*02:43N,True,A
HLA02857_HLA00001,A*01:21,A*01:21,A*01:01:01:01,A*01:01,True,A
HLA02857_HLA02169,A*01:21,A*01:21,A*01:01:01:02N,A*01:01,True,A
HLA02858_HLA00037,A*03:28,A*03:28,A*03:01:01:01,A*03:01,True,A
HLA02858_HLA01960,A*03:28,A*03:28,A*03:01:01:03,A*03:01,True,A
HLA02859_HLA00116,A*68:38,A*68:38,A*68:01:02,A*68:01,True,A
HLA02860_HLA00050,A*24:72,A*24:72,A*24:02:01:01,A*24:02,True,A
HLA02860_HLA00051,A*24:72,A*24:72,A*24:02:01:02L,A*24:02,True,A
HLA02860_HLA06112,A*24:72,A*24:72,A*24:02:01:03,A*24:02,True,A
HLA02861_HLA00050,A*24:73,A*24:73,A*24:02:01:01,A*24:02,True,A
HLA02861_HLA00051,A*24:73,A*24:73,A*24:02:01:02L,A*24:02,True,A
HLA02861_HLA06112,A*24:73,A*24:73,A*24:02:01:03,A*24:02,True,A
HLA02862_HLA00050,A*24:74:01,A*24:74,A*24:02:01:01,A*24:02,True,A
HLA02862_HLA00051,A*24:74:01,A*24:74,A*24:02:01:02L,A*24:02,True,A
HLA02862_HLA06112,A*24:74:01,A*24:74,A*24:02:01:03,A*24:02,True,A
HLA02863_HLA00050,A*24:75,A*24:75,A*24:02:01:01,A*24:02,True,A
HLA02863_HLA00051,A*24:75,A*24:75,A*24:02:01:02L,A*24:02,True,A
HLA02863_HLA06112,A*24:75,A*24:75,A*24:02:01:03,A*24:02,True,A
HLA02867_HLA00005,A*02:113N,A*02:113N,A*02:01:01:01,A*02:01,True,A
HLA02867_HLA03253,A*02:113N,A*02:113N,A*02:01:01:03,A*02:01,True,A
HLA02869_HLA00050,A*24:02:14,A*24:02,A*24:02:01:01,A*24:02,True,A
HLA02869_HLA00051,A*24:02:14,A*24:02,A*24:02:01:02L,A*24:02,True,A
HLA02869_HLA06112,A*24:02:14,A*24:02,A*24:02:01:03,A*24:02,True,A
HLA02889_HLA00116,A*68:01:06,A*68:01,A*68:01:02,A*68:01,True,A
HLA02891_HLA00001,A*01:23,A*01:23,A*01:01:01:01,A*01:01,True,A
HLA02891_HLA02169,A*01:23,A*01:23,A*01:01:01:02N,A*01:01,True,A
HLA02892_HLA00048,A*23:15,A*23:15,A*23:01:01,A*23:01,True,A
HLA02894_HLA00037,A*03:29,A*03:29,A*03:01:01:01,A*03:01,True,A
HLA02894_HLA01960,A*03:29,A*03:29,A*03:01:01:03,A*03:01,True,A
HLA02895_HLA00001,A*01:24,A*01:24,A*01:01:01:01,A*01:01,True,A
HLA02895_HLA02169,A*01:24,A*01:24,A*01:01:01:02N,A*01:01,True,A
HLA02896_HLA05801,A*02:114,A*02:114,A*02:279,A*02:279,True,A
HLA02897_HLA00001,A*01:25,A*01:25,A*01:01:01:01,A*01:01,True,A
HLA02897_HLA02169,A*01:25,A*01:25,A*01:01:01:02N,A*01:01,True,A
HLA02898_HLA00097,A*31:16,A*31:16,A*31:01:02,A*31:01,True,A
HLA02899_HLA00007,A*02:115,A*02:115,A*02:02,A*02:02,True,A
HLA02900_HLA00097,A*31:17,A*31:17,A*31:01:02,A*31:01,True,A
HLA02901_HLA00005,A*02:116,A*02:116,A*02:01:01:01,A*02:01,True,A
HLA02901_HLA03253,A*02:116,A*02:116,A*02:01:01:03,A*02:01,True,A
HLA02901_HLA01218,A*02:116,A*02:116,A*02:43N,A*02:43N,True,A
HLA02915_HLA00008,A*02:117,A*02:117,A*02:03:01,A*02:03,True,A
HLA02918_HLA00106,A*33:11,A*33:11,A*33:03:01,A*33:03,True,A
HLA02919_HLA00011,A*02:06:04,A*02:06,A*02:06:01,A*02:06,True,A
HLA02920_HLA00001,A*01:26,A*01:26,A*01:01:01:01,A*01:01,True,A
HLA02920_HLA02169,A*01:26,A*01:26,A*01:01:01:02N,A*01:01,True,A
HLA02921_HLA02456,A*11:31,A*11:31,A*11:25,A*11:25,True,A
HLA02934_HLA00097,A*31:18,A*31:18,A*31:01:02,A*31:01,True,A
HLA02935_HLA00005,A*02:118,A*02:118,A*02:01:01:01,A*02:01,True,A
HLA02935_HLA03253,A*02:118,A*02:118,A*02:01:01:03,A*02:01,True,A
HLA02935_HLA01218,A*02:118,A*02:118,A*02:43N,A*02:43N,True,A
HLA02936_HLA00005,A*02:119,A*02:119,A*02:01:01:01,A*02:01,True,A
HLA02936_HLA03253,A*02:119,A*02:119,A*02:01:01:03,A*02:01,True,A
HLA02936_HLA01218,A*02:119,A*02:119,A*02:43N,A*02:43N,True,A
HLA02937_HLA00005,A*02:120,A*02:120,A*02:01:01:01,A*02:01,True,A
HLA02937_HLA03253,A*02:120,A*02:120,A*02:01:01:03,A*02:01,True,A
HLA02937_HLA01218,A*02:120,A*02:120,A*02:43N,A*02:43N,True,A
HLA02938_HLA00005,A*02:35:03,A*02:35,A*02:01:01:01,A*02:01,True,A
HLA02938_HLA03253,A*02:35:03,A*02:35,A*02:01:01:03,A*02:01,True,A
HLA02938_HLA01218,A*02:35:03,A*02:35,A*02:43N,A*02:43N,True,A
HLA02939_HLA00073,A*26:35,A*26:35,A*26:01:01,A*26:01,True,A
HLA02940_HLA00115,A*68:39,A*68:39,A*68:01:01:01,A*68:01,True,A
HLA02940_HLA05918,A*68:39,A*68:39,A*68:01:01:02,A*68:01,True,A
HLA02945_HLA00097,A*31:01:03,A*31:01,A*31:01:02,A*31:01,True,A
HLA02946_HLA00001,A*01:27N,A*01:27N,A*01:01:01:01,A*01:01,True,A
HLA02946_HLA02169,A*01:27N,A*01:27N,A*01:01:01:02N,A*01:01,True,A
HLA02948_HLA00048,A*23:16,A*23:16,A*23:01:01,A*23:01,True,A
HLA02953_HLA00005,A*02:121,A*02:121,A*02:01:01:01,A*02:01,True,A
HLA02953_HLA03253,A*02:121,A*02:121,A*02:01:01:03,A*02:01,True,A
HLA02956_HLA00117,A*02:122,A*02:122,A*68:02:01:01,A*68:02,True,A
HLA02956_HLA02911,A*02:122,A*02:122,A*68:02:01:03,A*68:02,True,A
HLA02957_HLA00005,A*02:123,A*02:123,A*02:01:01:01,A*02:01,True,A
HLA02957_HLA03253,A*02:123,A*02:123,A*02:01:01:03,A*02:01,True,A
HLA02958_HLA00050,A*24:77,A*24:77,A*24:02:01:01,A*24:02,True,A
HLA02958_HLA00051,A*24:77,A*24:77,A*24:02:01:02L,A*24:02,True,A
HLA02958_HLA06112,A*24:77,A*24:77,A*24:02:01:03,A*24:02,True,A
HLA02959_HLA00106,A*33:12,A*33:12,A*33:03:01,A*33:03,True,A
HLA02961_HLA00005,A*02:125N,A*02:125N,A*02:01:01:01,A*02:01,True,A
HLA02961_HLA03253,A*02:125N,A*02:125N,A*02:01:01:03,A*02:01,True,A
HLA02962_HLA00037,A*03:30,A*03:30,A*03:01:01:01,A*03:01,True,A
HLA02962_HLA01960,A*03:30,A*03:30,A*03:01:01:03,A*03:01,True,A
HLA02963_HLA00050,A*24:78,A*24:78,A*24:02:01:01,A*24:02,True,A
HLA02963_HLA00051,A*24:78,A*24:78,A*24:02:01:02L,A*24:02,True,A
HLA02963_HLA06112,A*24:78,A*24:78,A*24:02:01:03,A*24:02,True,A
HLA02975_HLA00043,A*11:32,A*11:32,A*11:01:01,A*11:01,True,A
HLA02980_HLA00090,A*30:22,A*30:22,A*30:02:01,A*30:02,True,A
HLA02981_HLA00106,A*33:13,A*33:13,A*33:03:01,A*33:03,True,A
HLA02982_HLA00117,A*68:40,A*68:40,A*68:02:01:01,A*68:02,True,A
HLA02982_HLA02911,A*68:40,A*68:40,A*68:02:01:03,A*68:02,True,A
HLA02985_HLA00001,A*01:28,A*01:28,A*01:01:01:01,A*01:01,True,A
HLA02985_HLA02169,A*01:28,A*01:28,A*01:01:01:02N,A*01:01,True,A
HLA02992_HLA00037,A*03:01:06,A*03:01,A*03:01:01:01,A*03:01,True,A
HLA02992_HLA01960,A*03:01:06,A*03:01,A*03:01:01:03,A*03:01,True,A
HLA02997_HLA00089,A*30:23,A*30:23,A*30:01:01,A*30:01,True,A
HLA03000_HLA00050,A*24:80,A*24:80,A*24:02:01:01,A*24:02,True,A
HLA03000_HLA00051,A*24:80,A*24:80,A*24:02:01:02L,A*24:02,True,A
HLA03000_HLA06112,A*24:80,A*24:80,A*24:02:01:03,A*24:02,True,A
HLA03002_HLA00040,A*03:31,A*03:31,A*03:02:01,A*03:02,True,A
HLA03011_HLA00108,A*34:01:02,A*34:01,A*34:01:01,A*34:01,True,A
HLA03016_HLA00097,A*31:19,A*31:19,A*31:01:02,A*31:01,True,A
HLA03021_HLA00011,A*02:127,A*02:127,A*02:06:01,A*02:06,True,A
HLA03022_HLA00005,A*02:128,A*02:128,A*02:01:01:01,A*02:01,True,A
HLA03022_HLA03253,A*02:128,A*02:128,A*02:01:01:03,A*02:01,True,A
HLA03022_HLA01218,A*02:128,A*02:128,A*02:43N,A*02:43N,True,A
HLA03023_HLA00040,A*03:32,A*03:32,A*03:02:01,A*03:02,True,A
HLA03025_HLA00085,A*29:17,A*29:17,A*29:01:01:01,A*29:01,True,A
HLA03025_HLA01406,A*29:17,A*29:17,A*29:01:01:02N,A*29:01,True,A
HLA03026_HLA00011,A*02:06:05,A*02:06,A*02:06:01,A*02:06,True,A
HLA03029_HLA00001,A*01:29,A*01:29,A*01:01:01:01,A*01:01,True,A
HLA03029_HLA02169,A*01:29,A*01:29,A*01:01:01:02N,A*01:01,True,A
HLA03030_HLA00001,A*01:30,A*01:30,A*01:01:01:01,A*01:01,True,A
HLA03030_HLA02169,A*01:30,A*01:30,A*01:01:01:02N,A*01:01,True,A
HLA03031_HLA00050,A*24:81,A*24:81,A*24:02:01:01,A*24:02,True,A
HLA03031_HLA00051,A*24:81,A*24:81,A*24:02:01:02L,A*24:02,True,A
HLA03031_HLA06112,A*24:81,A*24:81,A*24:02:01:03,A*24:02,True,A
HLA03032_HLA00050,A*24:82,A*24:82,A*24:02:01:01,A*24:02,True,A
HLA03032_HLA00051,A*24:82,A*24:82,A*24:02:01:02L,A*24:02,True,A
HLA03032_HLA06112,A*24:82,A*24:82,A*24:02:01:03,A*24:02,True,A
HLA03046_HLA00101,A*32:01:03,A*32:01,A*32:01:01,A*32:01,True,A
HLA03050_HLA00116,A*68:41,A*68:41,A*68:01:02,A*68:01,True,A
HLA03076_HLA02168,A*02:129,A*02:129,A*02:81,A*02:81,True,A
HLA03082_HLA00037,A*03:33,A*03:33,A*03:01:01:01,A*03:01,True,A
HLA03082_HLA01960,A*03:33,A*03:33,A*03:01:01:03,A*03:01,True,A
HLA03083_HLA00012,A*02:130,A*02:130,A*02:07:01,A*02:07,True,A
HLA03090_HLA00037,A*03:34,A*03:34,A*03:01:01:01,A*03:01,True,A
HLA03090_HLA01960,A*03:34,A*03:34,A*03:01:01:03,A*03:01,True,A
HLA03095_HLA00005,A*02:01:17,A*02:01,A*02:01:01:01,A*02:01,True,A
HLA03095_HLA03253,A*02:01:17,A*02:01,A*02:01:01:03,A*02:01,True,A
HLA03100_HLA00037,A*03:35,A*03:35,A*03:01:01:01,A*03:01,True,A
HLA03100_HLA01960,A*03:35,A*03:35,A*03:01:01:03,A*03:01,True,A
HLA03101_HLA00050,A*24:13:02,A*24:13,A*24:02:01:01,A*24:02,True,A
HLA03101_HLA00051,A*24:13:02,A*24:13,A*24:02:01:02L,A*24:02,True,A
HLA03101_HLA06112,A*24:13:02,A*24:13,A*24:02:01:03,A*24:02,True,A
HLA03102_HLA00089,A*30:11:02,A*30:11,A*30:01:01,A*30:01,True,A
HLA03112_HLA00043,A*11:15:02,A*11:15,A*11:01:01,A*11:01,True,A
HLA03116_HLA00097,A*31:20,A*31:20,A*31:01:02,A*31:01,True,A
HLA03124_HLA00043,A*11:01:08,A*11:01,A*11:01:01,A*11:01,True,A
HLA03131_HLA00001,A*01:01:05,A*01:01,A*01:01:01:01,A*01:01,True,A
HLA03131_HLA02169,A*01:01:05,A*01:01,A*01:01:01:02N,A*01:01,True,A
HLA03132_HLA00005,A*02:133,A*02:133,A*02:01:01:01,A*02:01,True,A
HLA03132_HLA03253,A*02:133,A*02:133,A*02:01:01:03,A*02:01,True,A
HLA03140_HLA00037,A*03:38,A*03:38,A*03:01:01:01,A*03:01,True,A
HLA03140_HLA01960,A*03:38,A*03:38,A*03:01:01:03,A*03:01,True,A
HLA03141_HLA00097,A*31:21,A*31:21,A*31:01:02,A*31:01,True,A
HLA03142_HLA00090,A*30:02:04,A*30:02,A*30:02:01,A*30:02,True,A
HLA03145_HLA01778,A*02:135,A*02:135,A*02:65,A*02:65,True,A
HLA03151_HLA00112,A*66:07,A*66:07,A*66:01,A*66:01,True,A
HLA03154_HLA00050,A*24:84N,A*24:84N,A*24:02:01:01,A*24:02,True,A
HLA03154_HLA00051,A*24:84N,A*24:84N,A*24:02:01:02L,A*24:02,True,A
HLA03154_HLA06112,A*24:84N,A*24:84N,A*24:02:01:03,A*24:02,True,A
HLA03162_HLA02168,A*02:136,A*02:136,A*02:81,A*02:81,True,A
HLA03171_HLA00115,A*68:42,A*68:42,A*68:01:01:01,A*68:01,True,A
HLA03171_HLA05918,A*68:42,A*68:42,A*68:01:01:02,A*68:01,True,A
HLA03177_HLA00048,A*23:03:02,A*23:03,A*23:01:01,A*23:01,True,A
HLA03181_HLA00011,A*02:137,A*02:137,A*02:06:01,A*02:06,True,A
HLA03183_HLA00048,A*23:19Q,A*23:19Q,A*23:01:01,A*23:01,True,A
HLA03188_HLA00037,A*03:39,A*03:39,A*03:01:01:01,A*03:01,True,A
HLA03188_HLA01960,A*03:39,A*03:39,A*03:01:01:03,A*03:01,True,A
HLA03196_HLA00050,A*24:02:15,A*24:02,A*24:02:01:01,A*24:02,True,A
HLA03196_HLA00051,A*24:02:15,A*24:02,A*24:02:01:02L,A*24:02,True,A
HLA03196_HLA06112,A*24:02:15,A*24:02,A*24:02:01:03,A*24:02,True,A
HLA03199_HLA00005,A*02:01:18,A*02:01,A*02:01:01:01,A*02:01,True,A
HLA03199_HLA03253,A*02:01:18,A*02:01,A*02:01:01:03,A*02:01,True,A
HLA03201_HLA00050,A*24:85,A*24:85,A*24:02:01:01,A*24:02,True,A
HLA03201_HLA00051,A*24:85,A*24:85,A*24:02:01:02L,A*24:02,True,A
HLA03201_HLA06112,A*24:85,A*24:85,A*24:02:01:03,A*24:02,True,A
HLA03211_HLA00043,A*11:01:09,A*11:01,A*11:01:01,A*11:01,True,A
HLA03218_HLA00005,A*02:01:19,A*02:01,A*02:01:01:01,A*02:01,True,A
HLA03218_HLA03253,A*02:01:19,A*02:01,A*02:01:01:03,A*02:01,True,A
HLA03221_HLA00106,A*33:14,A*33:14,A*33:03:01,A*33:03,True,A
HLA03229_HLA00005,A*02:138,A*02:138,A*02:01:01:01,A*02:01,True,A
HLA03229_HLA03253,A*02:138,A*02:138,A*02:01:01:03,A*02:01,True,A
HLA03229_HLA01218,A*02:138,A*02:138,A*02:43N,A*02:43N,True,A
HLA03230_HLA00073,A*26:01:06,A*26:01,A*26:01:01,A*26:01,True,A
HLA03235_HLA00005,A*02:139,A*02:139,A*02:01:01:01,A*02:01,True,A
HLA03235_HLA03253,A*02:139,A*02:139,A*02:01:01:03,A*02:01,True,A
HLA03235_HLA01218,A*02:139,A*02:139,A*02:43N,A*02:43N,True,A
HLA03236_HLA00101,A*32:16,A*32:16,A*32:01:01,A*32:01,True,A
HLA03284_HLA00005,A*02:141,A*02:141,A*02:01:01:01,A*02:01,True,A
HLA03284_HLA03253,A*02:141,A*02:141,A*02:01:01:03,A*02:01,True,A
HLA03284_HLA01218,A*02:141,A*02:141,A*02:43N,A*02:43N,True,A
HLA03286_HLA00104,A*33:16,A*33:16,A*33:01:01,A*33:01,True,A
HLA03290_HLA00011,A*02:06:06,A*02:06,A*02:06:01,A*02:06,True,A
HLA03291_HLA00106,A*33:17,A*33:17,A*33:03:01,A*33:03,True,A
HLA03292_HLA00097,A*31:22,A*31:22,A*31:01:02,A*31:01,True,A
HLA03297_HLA00073,A*26:36,A*26:36,A*26:01:01,A*26:01,True,A
HLA03304_HLA00011,A*02:142,A*02:142,A*02:06:01,A*02:06,True,A
HLA03305_HLA00011,A*02:143,A*02:143,A*02:06:01,A*02:06,True,A
HLA03306_HLA00011,A*02:144,A*02:144,A*02:06:01,A*02:06,True,A
HLA03308_HLA00090,A*30:25,A*30:25,A*30:02:01,A*30:02,True,A
HLA03326_HLA00005,A*02:145,A*02:145,A*02:01:01:01,A*02:01,True,A
HLA03326_HLA03253,A*02:145,A*02:145,A*02:01:01:03,A*02:01,True,A
HLA03327_HLA02456,A*11:24:02,A*11:24,A*11:25,A*11:25,True,A
HLA03328_HLA00050,A*24:02:16,A*24:02,A*24:02:01:01,A*24:02,True,A
HLA03328_HLA00051,A*24:02:16,A*24:02,A*24:02:01:02L,A*24:02,True,A
HLA03328_HLA06112,A*24:02:16,A*24:02,A*24:02:01:03,A*24:02,True,A
HLA03329_HLA00073,A*26:37,A*26:37,A*26:01:01,A*26:01,True,A
HLA03330_HLA00005,A*02:146,A*02:146,A*02:01:01:01,A*02:01,True,A
HLA03330_HLA03253,A*02:146,A*02:146,A*02:01:01:03,A*02:01,True,A
HLA03331_HLA00050,A*24:87,A*24:87,A*24:02:01:01,A*24:02,True,A
HLA03331_HLA00051,A*24:87,A*24:87,A*24:02:01:02L,A*24:02,True,A
HLA03331_HLA06112,A*24:87,A*24:87,A*24:02:01:03,A*24:02,True,A
HLA03332_HLA00043,A*11:33:01,A*11:33,A*11:01:01,A*11:01,True,A
HLA03333_HLA00070,A*24:88,A*24:88,A*24:20,A*24:20,True,A
HLA03340_HLA00115,A*68:43,A*68:43,A*68:01:01:01,A*68:01,True,A
HLA03340_HLA05918,A*68:43,A*68:43,A*68:01:01:02,A*68:01,True,A
HLA03346_HLA00005,A*02:147,A*02:147,A*02:01:01:01,A*02:01,True,A
HLA03346_HLA03253,A*02:147,A*02:147,A*02:01:01:03,A*02:01,True,A
HLA03346_HLA01218,A*02:147,A*02:147,A*02:43N,A*02:43N,True,A
HLA03347_HLA00058,A*24:89,A*24:89,A*24:08,A*24:08,True,A
HLA03349_HLA00106,A*33:18:01,A*33:18,A*33:03:01,A*33:03,True,A
HLA03351_HLA00043,A*11:34,A*11:34,A*11:01:01,A*11:01,True,A
HLA03352_HLA00050,A*24:90N,A*24:90N,A*24:02:01:01,A*24:02,True,A
HLA03352_HLA00051,A*24:90N,A*24:90N,A*24:02:01:02L,A*24:02,True,A
HLA03352_HLA06112,A*24:90N,A*24:90N,A*24:02:01:03,A*24:02,True,A
HLA03353_HLA02456,A*11:35,A*11:35,A*11:25,A*11:25,True,A
HLA03388_HLA00058,A*33:19,A*33:19,A*24:08,A*24:08,True,A
HLA03394_HLA00043,A*11:36,A*11:36,A*11:01:01,A*11:01,True,A
HLA03395_HLA00050,A*24:91,A*24:91,A*24:02:01:01,A*24:02,True,A
HLA03395_HLA00051,A*24:91,A*24:91,A*24:02:01:02L,A*24:02,True,A
HLA03395_HLA06112,A*24:91,A*24:91,A*24:02:01:03,A*24:02,True,A
HLA03409_HLA00008,A*02:148,A*02:148,A*02:03:01,A*02:03,True,A
HLA03421_HLA00005,A*02:149,A*02:149,A*02:01:01:01,A*02:01,True,A
HLA03421_HLA03253,A*02:149,A*02:149,A*02:01:01:03,A*02:01,True,A
HLA03421_HLA01218,A*02:149,A*02:149,A*02:43N,A*02:43N,True,A
HLA03422_HLA00043,A*11:37,A*11:37,A*11:01:01,A*11:01,True,A
HLA03423_HLA00037,A*03:40,A*03:40,A*03:01:01:01,A*03:01,True,A
HLA03423_HLA01960,A*03:40,A*03:40,A*03:01:01:03,A*03:01,True,A
HLA03435_HLA00037,A*03:41,A*03:41,A*03:01:01:01,A*03:01,True,A
HLA03435_HLA01960,A*03:41,A*03:41,A*03:01:01:03,A*03:01,True,A
HLA03452_HLA00005,A*02:150,A*02:150,A*02:01:01:01,A*02:01,True,A
HLA03452_HLA03253,A*02:150,A*02:150,A*02:01:01:03,A*02:01,True,A
HLA03457_HLA00050,A*24:92,A*24:92,A*24:02:01:01,A*24:02,True,A
HLA03457_HLA00051,A*24:92,A*24:92,A*24:02:01:02L,A*24:02,True,A
HLA03457_HLA06112,A*24:92,A*24:92,A*24:02:01:03,A*24:02,True,A
HLA03466_HLA00050,A*24:93,A*24:93,A*24:02:01:01,A*24:02,True,A
HLA03466_HLA00051,A*24:93,A*24:93,A*24:02:01:02L,A*24:02,True,A
HLA03466_HLA06112,A*24:93,A*24:93,A*24:02:01:03,A*24:02,True,A
HLA03467_HLA00086,A*29:18,A*29:18,A*29:02:01:01,A*29:02,True,A
HLA03469_HLA00037,A*03:42,A*03:42,A*03:01:01:01,A*03:01,True,A
HLA03469_HLA01960,A*03:42,A*03:42,A*03:01:01:03,A*03:01,True,A
HLA03472_HLA00106,A*33:20,A*33:20,A*33:03:01,A*33:03,True,A
HLA03474_HLA00005,A*02:56:02,A*02:56,A*02:01:01:01,A*02:01,True,A
HLA03474_HLA03253,A*02:56:02,A*02:56,A*02:01:01:03,A*02:01,True,A
HLA03474_HLA01218,A*02:56:02,A*02:56,A*02:43N,A*02:43N,True,A
HLA03475_HLA00005,A*02:151,A*02:151,A*02:01:01:01,A*02:01,True,A
HLA03475_HLA03253,A*02:151,A*02:151,A*02:01:01:03,A*02:01,True,A
HLA03475_HLA01218,A*02:151,A*02:151,A*02:43N,A*02:43N,True,A
HLA03494_HLA00043,A*11:01:10,A*11:01,A*11:01:01,A*11:01,True,A
HLA03495_HLA00101,A*32:17,A*32:17,A*32:01:01,A*32:01,True,A
HLA03496_HLA00053,A*24:94,A*24:94,A*24:03:01,A*24:03,True,A
HLA03497_HLA01778,A*02:152,A*02:152,A*02:65,A*02:65,True,A
HLA03498_HLA00097,A*33:21,A*33:21,A*31:01:02,A*31:01,True,A
HLA03499_HLA00127,A*74:13,A*74:13,A*74:01,A*74:01,True,A
HLA03499_HLA00128,A*74:13,A*74:13,A*74:02:01:01,A*74:02,True,A
HLA03499_HLA05527,A*74:13,A*74:13,A*74:02:01:02,A*74:02,True,A
HLA03500_HLA00106,A*33:22,A*33:22,A*33:03:01,A*33:03,True,A
HLA03501_HLA00001,A*01:31N,A*01:31N,A*01:01:01:01,A*01:01,True,A
HLA03501_HLA02169,A*01:31N,A*01:31N,A*01:01:01:02N,A*01:01,True,A
HLA03502_HLA00089,A*30:26,A*30:26,A*30:01:01,A*30:01,True,A
HLA03518_HLA00037,A*03:43,A*03:43,A*03:01:01:01,A*03:01,True,A
HLA03518_HLA01960,A*03:43,A*03:43,A*03:01:01:03,A*03:01,True,A
HLA03519_HLA00116,A*68:08:02,A*68:08,A*68:01:02,A*68:01,True,A
HLA03525_HLA00037,A*03:44,A*03:44,A*03:01:01:01,A*03:01,True,A
HLA03525_HLA01960,A*03:44,A*03:44,A*03:01:01:03,A*03:01,True,A
HLA03528_HLA00085,A*29:01:02,A*29:01,A*29:01:01:01,A*29:01,True,A
HLA03528_HLA01406,A*29:01:02,A*29:01,A*29:01:01:02N,A*29:01,True,A
HLA03529_HLA00044,A*11:38,A*11:38,A*11:02:01,A*11:02,True,A
HLA03530_HLA00037,A*03:01:08,A*03:01,A*03:01:01:01,A*03:01,True,A
HLA03530_HLA01960,A*03:01:08,A*03:01,A*03:01:01:03,A*03:01,True,A
HLA03532_HLA00043,A*11:39,A*11:39,A*11:01:01,A*11:01,True,A
HLA03533_HLA00117,A*68:44,A*68:44,A*68:02:01:01,A*68:02,True,A
HLA03533_HLA02911,A*68:44,A*68:44,A*68:02:01:03,A*68:02,True,A
HLA03534_HLA00005,A*02:01:22,A*02:01,A*02:01:01:01,A*02:01,True,A
HLA03534_HLA03253,A*02:01:22,A*02:01,A*02:01:01:03,A*02:01,True,A
HLA03535_HLA00050,A*24:95,A*24:95,A*24:02:01:01,A*24:02,True,A
HLA03535_HLA00051,A*24:95,A*24:95,A*24:02:01:02L,A*24:02,True,A
HLA03535_HLA06112,A*24:95,A*24:95,A*24:02:01:03,A*24:02,True,A
HLA03540_HLA00050,A*24:96,A*24:96,A*24:02:01:01,A*24:02,True,A
HLA03540_HLA00051,A*24:96,A*24:96,A*24:02:01:02L,A*24:02,True,A
HLA03540_HLA06112,A*24:96,A*24:96,A*24:02:01:03,A*24:02,True,A
HLA03541_HLA00050,A*24:02:17,A*24:02,A*24:02:01:01,A*24:02,True,A
HLA03541_HLA00051,A*24:02:17,A*24:02,A*24:02:01:02L,A*24:02,True,A
HLA03541_HLA06112,A*24:02:17,A*24:02,A*24:02:01:03,A*24:02,True,A
HLA03543_HLA00037,A*03:01:09,A*03:01,A*03:01:01:01,A*03:01,True,A
HLA03543_HLA01960,A*03:01:09,A*03:01,A*03:01:01:03,A*03:01,True,A
HLA03549_HLA00090,A*30:27N,A*30:27N,A*30:02:01,A*30:02,True,A
HLA03560_HLA00086,A*29:19,A*29:19,A*29:02:01:01,A*29:02,True,A
HLA03561_HLA06129,A*68:45,A*68:45,A*68:71,A*68:71,True,A
HLA03564_HLA00090,A*30:28,A*30:28,A*30:02:01,A*30:02,True,A
HLA03565_HLA00071,A*25:08,A*25:08,A*25:01:01,A*25:01,True,A
HLA03566_HLA00106,A*33:23,A*33:23,A*33:03:01,A*33:03,True,A
HLA03567_HLA00005,A*02:153,A*02:153,A*02:01:01:01,A*02:01,True,A
HLA03567_HLA03253,A*02:153,A*02:153,A*02:01:01:03,A*02:01,True,A
HLA03567_HLA01218,A*02:153,A*02:153,A*02:43N,A*02:43N,True,A
HLA03568_HLA00037,A*03:46,A*03:46,A*03:01:01:01,A*03:01,True,A
HLA03568_HLA01960,A*03:46,A*03:46,A*03:01:01:03,A*03:01,True,A
HLA03569_HLA00050,A*24:97,A*24:97,A*24:02:01:01,A*24:02,True,A
HLA03569_HLA00051,A*24:97,A*24:97,A*24:02:01:02L,A*24:02,True,A
HLA03569_HLA06112,A*24:97,A*24:97,A*24:02:01:03,A*24:02,True,A
HLA03570_HLA00097,A*31:24,A*31:24,A*31:01:02,A*31:01,True,A
HLA03571_HLA00101,A*32:18,A*32:18,A*32:01:01,A*32:01,True,A
HLA03576_HLA00043,A*11:40,A*11:40,A*11:01:01,A*11:01,True,A
HLA03577_HLA00001,A*01:33,A*01:33,A*01:01:01:01,A*01:01,True,A
HLA03577_HLA02169,A*01:33,A*01:33,A*01:01:01:02N,A*01:01,True,A
HLA03578_HLA00037,A*03:01:10,A*03:01,A*03:01:01:01,A*03:01,True,A
HLA03578_HLA01960,A*03:01:10,A*03:01,A*03:01:01:03,A*03:01,True,A
HLA03579_HLA08558,A*02:154,A*02:154,A*02:376,A*02:376,True,A
HLA03580_HLA00007,A*02:155,A*02:155,A*02:02,A*02:02,True,A
HLA03581_HLA00116,A*68:46,A*68:46,A*68:01:02,A*68:01,True,A
HLA03582_HLA00005,A*02:156,A*02:156,A*02:01:01:01,A*02:01,True,A
HLA03582_HLA03253,A*02:156,A*02:156,A*02:01:01:03,A*02:01,True,A
HLA03582_HLA01218,A*02:156,A*02:156,A*02:43N,A*02:43N,True,A
HLA03592_HLA00112,A*66:09,A*66:09,A*66:01,A*66:01,True,A
HLA03593_HLA00050,A*24:98,A*24:98,A*24:02:01:01,A*24:02,True,A
HLA03593_HLA00051,A*24:98,A*24:98,A*24:02:01:02L,A*24:02,True,A
HLA03593_HLA06112,A*24:98,A*24:98,A*24:02:01:03,A*24:02,True,A
HLA03618_HLA00050,A*24:99,A*24:99,A*24:02:01:01,A*24:02,True,A
HLA03618_HLA00051,A*24:99,A*24:99,A*24:02:01:02L,A*24:02,True,A
HLA03618_HLA06112,A*24:99,A*24:99,A*24:02:01:03,A*24:02,True,A
HLA03629_HLA00005,A*02:157,A*02:157,A*02:01:01:01,A*02:01,True,A
HLA03629_HLA03253,A*02:157,A*02:157,A*02:01:01:03,A*02:01,True,A
HLA03652_HLA00005,A*02:158,A*02:158,A*02:01:01:01,A*02:01,True,A
HLA03652_HLA03253,A*02:158,A*02:158,A*02:01:01:03,A*02:01,True,A
HLA03652_HLA01218,A*02:158,A*02:158,A*02:43N,A*02:43N,True,A
HLA03653_HLA00005,A*02:159,A*02:159,A*02:01:01:01,A*02:01,True,A
HLA03653_HLA03253,A*02:159,A*02:159,A*02:01:01:03,A*02:01,True,A
HLA03653_HLA01218,A*02:159,A*02:159,A*02:43N,A*02:43N,True,A
HLA03654_HLA00037,A*03:47,A*03:47,A*03:01:01:01,A*03:01,True,A
HLA03654_HLA01960,A*03:47,A*03:47,A*03:01:01:03,A*03:01,True,A
HLA03655_HLA00005,A*02:160,A*02:160,A*02:01:01:01,A*02:01,True,A
HLA03655_HLA03253,A*02:160,A*02:160,A*02:01:01:03,A*02:01,True,A
HLA03655_HLA01218,A*02:160,A*02:160,A*02:43N,A*02:43N,True,A
HLA03656_HLA00010,A*02:05:02,A*02:05,A*02:05:01,A*02:05,True,A
HLA03657_HLA00005,A*02:161,A*02:161,A*02:01:01:01,A*02:01,True,A
HLA03657_HLA03253,A*02:161,A*02:161,A*02:01:01:03,A*02:01,True,A
HLA03657_HLA01218,A*02:161,A*02:161,A*02:43N,A*02:43N,True,A
HLA03667_HLA00037,A*03:48,A*03:48,A*03:01:01:01,A*03:01,True,A
HLA03667_HLA01960,A*03:48,A*03:48,A*03:01:01:03,A*03:01,True,A
HLA03668_HLA00037,A*03:49,A*03:49,A*03:01:01:01,A*03:01,True,A
HLA03668_HLA01960,A*03:49,A*03:49,A*03:01:01:03,A*03:01,True,A
HLA03669_HLA00005,A*02:162,A*02:162,A*02:01:01:01,A*02:01,True,A
HLA03669_HLA03253,A*02:162,A*02:162,A*02:01:01:03,A*02:01,True,A
HLA03669_HLA01218,A*02:162,A*02:162,A*02:43N,A*02:43N,True,A
HLA03670_HLA00005,A*02:163,A*02:163,A*02:01:01:01,A*02:01,True,A
HLA03670_HLA03253,A*02:163,A*02:163,A*02:01:01:03,A*02:01,True,A
HLA03670_HLA01218,A*02:163,A*02:163,A*02:43N,A*02:43N,True,A
HLA03671_HLA00005,A*02:164,A*02:164,A*02:01:01:01,A*02:01,True,A
HLA03671_HLA03253,A*02:164,A*02:164,A*02:01:01:03,A*02:01,True,A
HLA03671_HLA01218,A*02:164,A*02:164,A*02:43N,A*02:43N,True,A
HLA03672_HLA00005,A*02:165,A*02:165,A*02:01:01:01,A*02:01,True,A
HLA03672_HLA03253,A*02:165,A*02:165,A*02:01:01:03,A*02:01,True,A
HLA03672_HLA01218,A*02:165,A*02:165,A*02:43N,A*02:43N,True,A
HLA03673_HLA00005,A*02:166,A*02:166,A*02:01:01:01,A*02:01,True,A
HLA03673_HLA03253,A*02:166,A*02:166,A*02:01:01:03,A*02:01,True,A
HLA03673_HLA01218,A*02:166,A*02:166,A*02:43N,A*02:43N,True,A
HLA03686_HLA00043,A*11:41,A*11:41,A*11:01:01,A*11:01,True,A
HLA03688_HLA00001,A*01:35,A*01:35,A*01:01:01:01,A*01:01,True,A
HLA03688_HLA02169,A*01:35,A*01:35,A*01:01:01:02N,A*01:01,True,A
HLA03689_HLA00073,A*26:38,A*26:38,A*26:01:01,A*26:01,True,A
HLA03690_HLA00043,A*11:42,A*11:42,A*11:01:01,A*11:01,True,A
HLA03691_HLA00048,A*23:21,A*23:21,A*23:01:01,A*23:01,True,A
HLA03709_HLA00037,A*03:50,A*03:50,A*03:01:01:01,A*03:01,True,A
HLA03709_HLA01960,A*03:50,A*03:50,A*03:01:01:03,A*03:01,True,A
HLA03710_HLA00037,A*03:51,A*03:51,A*03:01:01:01,A*03:01,True,A
HLA03710_HLA01960,A*03:51,A*03:51,A*03:01:01:03,A*03:01,True,A
HLA03714_HLA00116,A*68:47,A*68:47,A*68:01:02,A*68:01,True,A
HLA03721_HLA00005,A*02:167,A*02:167,A*02:01:01:01,A*02:01,True,A
HLA03721_HLA03253,A*02:167,A*02:167,A*02:01:01:03,A*02:01,True,A
HLA03721_HLA01218,A*02:167,A*02:167,A*02:43N,A*02:43N,True,A
HLA03740_HLA00050,A*24:02:18,A*24:02,A*24:02:01:01,A*24:02,True,A
HLA03740_HLA00051,A*24:02:18,A*24:02,A*24:02:01:02L,A*24:02,True,A
HLA03740_HLA06112,A*24:02:18,A*24:02,A*24:02:01:03,A*24:02,True,A
HLA03741_HLA00050,A*24:02:19,A*24:02,A*24:02:01:01,A*24:02,True,A
HLA03741_HLA00051,A*24:02:19,A*24:02,A*24:02:01:02L,A*24:02,True,A
HLA03741_HLA06112,A*24:02:19,A*24:02,A*24:02:01:03,A*24:02,True,A
HLA03742_HLA00001,A*01:01:06,A*01:01,A*01:01:01:01,A*01:01,True,A
HLA03742_HLA02169,A*01:01:06,A*01:01,A*01:01:01:02N,A*01:01,True,A
HLA03743_HLA00037,A*03:01:11,A*03:01,A*03:01:01:01,A*03:01,True,A
HLA03743_HLA01960,A*03:01:11,A*03:01,A*03:01:01:03,A*03:01,True,A
HLA03744_HLA00005,A*02:168,A*02:168,A*02:01:01:01,A*02:01,True,A
HLA03744_HLA03253,A*02:168,A*02:168,A*02:01:01:03,A*02:01,True,A
HLA03744_HLA01218,A*02:168,A*02:168,A*02:43N,A*02:43N,True,A
HLA03750_HLA00043,A*11:43,A*11:43,A*11:01:01,A*11:01,True,A
HLA03769_HLA00097,A*31:25,A*31:25,A*31:01:02,A*31:01,True,A
HLA03771_HLA00127,A*74:14N,A*74:14N,A*74:01,A*74:01,True,A
HLA03771_HLA00128,A*74:14N,A*74:14N,A*74:02:01:01,A*74:02,True,A
HLA03771_HLA05527,A*74:14N,A*74:14N,A*74:02:01:02,A*74:02,True,A
HLA03774_HLA00011,A*02:169,A*02:169,A*02:06:01,A*02:06,True,A
HLA03775_HLA00112,A*66:10,A*66:10,A*66:01,A*66:01,True,A
HLA03776_HLA00011,A*02:170,A*02:170,A*02:06:01,A*02:06,True,A
HLA03777_HLA00008,A*02:171:01,A*02:171,A*02:03:01,A*02:03,True,A
HLA03781_HLA00050,A*24:02:20,A*24:02,A*24:02:01:01,A*24:02,True,A
HLA03781_HLA00051,A*24:02:20,A*24:02,A*24:02:01:02L,A*24:02,True,A
HLA03781_HLA06112,A*24:02:20,A*24:02,A*24:02:01:03,A*24:02,True,A
HLA03783_HLA00101,A*32:19N,A*32:19N,A*32:01:01,A*32:01,True,A
HLA03784_HLA00010,A*02:172,A*02:172,A*02:05:01,A*02:05,True,A
HLA03785_HLA00005,A*02:173,A*02:173,A*02:01:01:01,A*02:01,True,A
HLA03785_HLA03253,A*02:173,A*02:173,A*02:01:01:03,A*02:01,True,A
HLA03785_HLA01218,A*02:173,A*02:173,A*02:43N,A*02:43N,True,A
HLA03786_HLA00005,A*02:174,A*02:174,A*02:01:01:01,A*02:01,True,A
HLA03786_HLA03253,A*02:174,A*02:174,A*02:01:01:03,A*02:01,True,A
HLA03786_HLA01218,A*02:174,A*02:174,A*02:43N,A*02:43N,True,A
HLA03787_HLA00005,A*02:01:23,A*02:01,A*02:01:01:01,A*02:01,True,A
HLA03787_HLA03253,A*02:01:23,A*02:01,A*02:01:01:03,A*02:01,True,A
HLA03787_HLA01218,A*02:01:23,A*02:01,A*02:43N,A*02:43N,True,A
HLA03788_HLA00048,A*23:01:02,A*23:01,A*23:01:01,A*23:01,True,A
HLA03789_HLA00001,A*01:36,A*01:36,A*01:01:01:01,A*01:01,True,A
HLA03789_HLA02169,A*01:36,A*01:36,A*01:01:01:02N,A*01:01,True,A
HLA03790_HLA00005,A*02:01:24,A*02:01,A*02:01:01:01,A*02:01,True,A
HLA03790_HLA03253,A*02:01:24,A*02:01,A*02:01:01:03,A*02:01,True,A
HLA03790_HLA01218,A*02:01:24,A*02:01,A*02:43N,A*02:43N,True,A
HLA03791_HLA00005,A*02:175,A*02:175,A*02:01:01:01,A*02:01,True,A
HLA03791_HLA03253,A*02:175,A*02:175,A*02:01:01:03,A*02:01,True,A
HLA03791_HLA01218,A*02:175,A*02:175,A*02:43N,A*02:43N,True,A
HLA03792_HLA00005,A*02:01:25,A*02:01,A*02:01:01:01,A*02:01,True,A
HLA03792_HLA03253,A*02:01:25,A*02:01,A*02:01:01:03,A*02:01,True,A
HLA03792_HLA01218,A*02:01:25,A*02:01,A*02:43N,A*02:43N,True,A
HLA03793_HLA00073,A*26:39,A*26:39,A*26:01:01,A*26:01,True,A
HLA03794_HLA00005,A*02:01:26,A*02:01,A*02:01:01:01,A*02:01,True,A
HLA03794_HLA03253,A*02:01:26,A*02:01,A*02:01:01:03,A*02:01,True,A
HLA03794_HLA01218,A*02:01:26,A*02:01,A*02:43N,A*02:43N,True,A
HLA03795_HLA00005,A*02:176,A*02:176,A*02:01:01:01,A*02:01,True,A
HLA03795_HLA03253,A*02:176,A*02:176,A*02:01:01:03,A*02:01,True,A
HLA03795_HLA01218,A*02:176,A*02:176,A*02:43N,A*02:43N,True,A
HLA03798_HLA00005,A*02:01:27,A*02:01,A*02:01:01:01,A*02:01,True,A
HLA03798_HLA03253,A*02:01:27,A*02:01,A*02:01:01:03,A*02:01,True,A
HLA03798_HLA01218,A*02:01:27,A*02:01,A*02:43N,A*02:43N,True,A
HLA03799_HLA00001,A*01:01:07,A*01:01,A*01:01:01:01,A*01:01,True,A
HLA03799_HLA02169,A*01:01:07,A*01:01,A*01:01:01:02N,A*01:01,True,A
HLA03800_HLA00037,A*03:01:12,A*03:01,A*03:01:01:01,A*03:01,True,A
HLA03800_HLA01960,A*03:01:12,A*03:01,A*03:01:01:03,A*03:01,True,A
HLA03803_HLA00043,A*11:01:11,A*11:01,A*11:01:01,A*11:01,True,A
HLA03808_HLA00005,A*02:22:02,A*02:22,A*02:01:01:01,A*02:01,True,A
HLA03808_HLA03253,A*02:22:02,A*02:22,A*02:01:01:03,A*02:01,True,A
HLA03811_HLA00073,A*26:01:08,A*26:01,A*26:01:01,A*26:01,True,A
HLA03814_HLA00043,A*11:44,A*11:44,A*11:01:01,A*11:01,True,A
HLA03815_HLA00005,A*02:177,A*02:177,A*02:01:01:01,A*02:01,True,A
HLA03815_HLA03253,A*02:177,A*02:177,A*02:01:01:03,A*02:01,True,A
HLA03815_HLA01218,A*02:177,A*02:177,A*02:43N,A*02:43N,True,A
HLA03816_HLA00117,A*68:48,A*68:48,A*68:02:01:01,A*68:02,True,A
HLA03816_HLA02911,A*68:48,A*68:48,A*68:02:01:03,A*68:02,True,A
HLA03817_HLA00106,A*33:24,A*33:24,A*33:03:01,A*33:03,True,A
HLA03825_HLA00073,A*26:40,A*26:40,A*26:01:01,A*26:01,True,A
HLA03829_HLA00011,A*02:178,A*02:178,A*02:06:01,A*02:06,True,A
HLA03870_HLA00037,A*03:52,A*03:52,A*03:01:01:01,A*03:01,True,A
HLA03870_HLA01960,A*03:52,A*03:52,A*03:01:01:03,A*03:01,True,A
HLA03871_HLA00092,A*30:29,A*30:29,A*30:04:01,A*30:04,True,A
HLA03872_HLA00037,A*03:01:13,A*03:01,A*03:01:01:01,A*03:01,True,A
HLA03872_HLA01960,A*03:01:13,A*03:01,A*03:01:01:03,A*03:01,True,A
HLA03873_HLA00037,A*03:01:14,A*03:01,A*03:01:01:01,A*03:01,True,A
HLA03873_HLA01960,A*03:01:14,A*03:01,A*03:01:01:03,A*03:01,True,A
HLA03874_HLA00037,A*03:53,A*03:53,A*03:01:01:01,A*03:01,True,A
HLA03874_HLA01960,A*03:53,A*03:53,A*03:01:01:03,A*03:01,True,A
HLA03875_HLA00101,A*32:20,A*32:20,A*32:01:01,A*32:01,True,A
HLA03876_HLA00073,A*26:01:09,A*26:01,A*26:01:01,A*26:01,True,A
HLA03877_HLA00001,A*01:38,A*01:38,A*01:01:01:01,A*01:01,True,A
HLA03877_HLA02169,A*01:38,A*01:38,A*01:01:01:02N,A*01:01,True,A
HLA03878_HLA00043,A*11:45,A*11:45,A*11:01:01,A*11:01,True,A
HLA03879_HLA00001,A*01:39,A*01:39,A*01:01:01:01,A*01:01,True,A
HLA03879_HLA02169,A*01:39,A*01:39,A*01:01:01:02N,A*01:01,True,A
HLA03880_HLA00011,A*02:180,A*02:180,A*02:06:01,A*02:06,True,A
HLA03881_HLA00001,A*01:40,A*01:40,A*01:01:01:01,A*01:01,True,A
HLA03881_HLA02169,A*01:40,A*01:40,A*01:01:01:02N,A*01:01,True,A
HLA03882_HLA00001,A*01:41,A*01:41,A*01:01:01:01,A*01:01,True,A
HLA03882_HLA02169,A*01:41,A*01:41,A*01:01:01:02N,A*01:01,True,A
HLA03883_HLA00005,A*02:01:28,A*02:01,A*02:01:01:01,A*02:01,True,A
HLA03883_HLA03253,A*02:01:28,A*02:01,A*02:01:01:03,A*02:01,True,A
HLA03883_HLA01218,A*02:01:28,A*02:01,A*02:43N,A*02:43N,True,A
HLA03884_HLA00005,A*02:181,A*02:181,A*02:01:01:01,A*02:01,True,A
HLA03884_HLA03253,A*02:181,A*02:181,A*02:01:01:03,A*02:01,True,A
HLA03884_HLA01218,A*02:181,A*02:181,A*02:43N,A*02:43N,True,A
HLA03885_HLA00104,A*33:01:02,A*33:01,A*33:01:01,A*33:01,True,A
HLA03886_HLA00005,A*02:182,A*02:182,A*02:01:01:01,A*02:01,True,A
HLA03886_HLA03253,A*02:182,A*02:182,A*02:01:01:03,A*02:01,True,A
HLA03886_HLA01218,A*02:182,A*02:182,A*02:43N,A*02:43N,True,A
HLA03887_HLA00005,A*02:01:29,A*02:01,A*02:01:01:01,A*02:01,True,A
HLA03887_HLA03253,A*02:01:29,A*02:01,A*02:01:01:03,A*02:01,True,A
HLA03887_HLA01218,A*02:01:29,A*02:01,A*02:43N,A*02:43N,True,A
HLA03888_HLA00073,A*26:01:10,A*26:01,A*26:01:01,A*26:01,True,A
HLA03889_HLA00005,A*02:01:30,A*02:01,A*02:01:01:01,A*02:01,True,A
HLA03889_HLA03253,A*02:01:30,A*02:01,A*02:01:01:03,A*02:01,True,A
HLA03889_HLA01218,A*02:01:30,A*02:01,A*02:43N,A*02:43N,True,A
HLA03890_HLA00043,A*11:46,A*11:46,A*11:01:01,A*11:01,True,A
HLA03891_HLA00073,A*26:01:11,A*26:01,A*26:01:01,A*26:01,True,A
HLA03892_HLA00005,A*02:183,A*02:183,A*02:01:01:01,A*02:01,True,A
HLA03892_HLA03253,A*02:183,A*02:183,A*02:01:01:03,A*02:01,True,A
HLA03892_HLA01218,A*02:183,A*02:183,A*02:43N,A*02:43N,True,A
HLA03893_HLA00005,A*02:184,A*02:184,A*02:01:01:01,A*02:01,True,A
HLA03893_HLA03253,A*02:184,A*02:184,A*02:01:01:03,A*02:01,True,A
HLA03893_HLA01218,A*02:184,A*02:184,A*02:43N,A*02:43N,True,A
HLA03894_HLA00037,A*03:54,A*03:54,A*03:01:01:01,A*03:01,True,A
HLA03894_HLA01960,A*03:54,A*03:54,A*03:01:01:03,A*03:01,True,A
HLA03895_HLA00005,A*02:185,A*02:185,A*02:01:01:01,A*02:01,True,A
HLA03895_HLA03253,A*02:185,A*02:185,A*02:01:01:03,A*02:01,True,A
HLA03895_HLA01218,A*02:185,A*02:185,A*02:43N,A*02:43N,True,A
HLA03896_HLA00010,A*02:05:03,A*02:05,A*02:05:01,A*02:05,True,A
HLA03897_HLA00005,A*02:01:31,A*02:01,A*02:01:01:01,A*02:01,True,A
HLA03897_HLA03253,A*02:01:31,A*02:01,A*02:01:01:03,A*02:01,True,A
HLA03897_HLA01218,A*02:01:31,A*02:01,A*02:43N,A*02:43N,True,A
HLA03898_HLA00001,A*01:42,A*01:42,A*01:01:01:01,A*01:01,True,A
HLA03898_HLA02169,A*01:42,A*01:42,A*01:01:01:02N,A*01:01,True,A
HLA03899_HLA00043,A*11:01:12,A*11:01,A*11:01:01,A*11:01,True,A
HLA03910_HLA00043,A*11:01:13,A*11:01,A*11:01:01,A*11:01,True,A
HLA03914_HLA00037,A*03:55,A*03:55,A*03:01:01:01,A*03:01,True,A
HLA03914_HLA01960,A*03:55,A*03:55,A*03:01:01:03,A*03:01,True,A
HLA03916_HLA00085,A*29:20,A*29:20,A*29:01:01:01,A*29:01,True,A
HLA03916_HLA01406,A*29:20,A*29:20,A*29:01:01:02N,A*29:01,True,A
HLA03917_HLA00037,A*03:56,A*03:56,A*03:01:01:01,A*03:01,True,A
HLA03917_HLA01960,A*03:56,A*03:56,A*03:01:01:03,A*03:01,True,A
HLA03918_HLA00043,A*11:47,A*11:47,A*11:01:01,A*11:01,True,A
HLA03919_HLA00071,A*25:09,A*25:09,A*25:01:01,A*25:01,True,A
HLA03920_HLA00097,A*31:26,A*31:26,A*31:01:02,A*31:01,True,A
HLA03921_HLA00106,A*33:26,A*33:26,A*33:03:01,A*33:03,True,A
HLA03922_HLA00037,A*03:57,A*03:57,A*03:01:01:01,A*03:01,True,A
HLA03922_HLA01960,A*03:57,A*03:57,A*03:01:01:03,A*03:01,True,A
HLA03923_HLA00086,A*29:02:04,A*29:02,A*29:02:01:01,A*29:02,True,A
HLA03924_HLA00050,A*24:02:21,A*24:02,A*24:02:01:01,A*24:02,True,A
HLA03924_HLA00051,A*24:02:21,A*24:02,A*24:02:01:02L,A*24:02,True,A
HLA03924_HLA06112,A*24:02:21,A*24:02,A*24:02:01:03,A*24:02,True,A
HLA03925_HLA00097,A*31:27,A*31:27,A*31:01:02,A*31:01,True,A
HLA03926_HLA00104,A*33:01:03,A*33:01,A*33:01:01,A*33:01,True,A
HLA03927_HLA00037,A*03:01:15,A*03:01,A*03:01:01:01,A*03:01,True,A
HLA03927_HLA01960,A*03:01:15,A*03:01,A*03:01:01:03,A*03:01,True,A
HLA03928_HLA00043,A*11:01:14,A*11:01,A*11:01:01,A*11:01,True,A
HLA03929_HLA00037,A*03:58,A*03:58,A*03:01:01:01,A*03:01,True,A
HLA03929_HLA01960,A*03:58,A*03:58,A*03:01:01:03,A*03:01,True,A
HLA03930_HLA00001,A*01:01:08,A*01:01,A*01:01:01:01,A*01:01,True,A
HLA03930_HLA02169,A*01:01:08,A*01:01,A*01:01:01:02N,A*01:01,True,A
HLA03931_HLA00037,A*03:59,A*03:59,A*03:01:01:01,A*03:01,True,A
HLA03931_HLA01960,A*03:59,A*03:59,A*03:01:01:03,A*03:01,True,A
HLA03932_HLA00007,A*02:186,A*02:186,A*02:02,A*02:02,True,A
HLA03943_HLA00005,A*02:01:32,A*02:01,A*02:01:01:01,A*02:01,True,A
HLA03943_HLA03253,A*02:01:32,A*02:01,A*02:01:01:03,A*02:01,True,A
HLA03943_HLA01218,A*02:01:32,A*02:01,A*02:43N,A*02:43N,True,A
HLA03996_HLA00005,A*02:190,A*02:190,A*02:01:01:01,A*02:01,True,A
HLA03996_HLA03253,A*02:190,A*02:190,A*02:01:01:03,A*02:01,True,A
HLA03996_HLA01218,A*02:190,A*02:190,A*02:43N,A*02:43N,True,A
HLA04018_HLA00012,A*02:191,A*02:191,A*02:07:01,A*02:07,True,A
HLA04057_HLA00104,A*33:27,A*33:27,A*33:01:01,A*33:01,True,A
HLA04061_HLA00071,A*25:10,A*25:10,A*25:01:01,A*25:01,True,A
HLA04062_HLA00011,A*02:06:07,A*02:06,A*02:06:01,A*02:06,True,A
HLA04063_HLA00005,A*02:187,A*02:187,A*02:01:01:01,A*02:01,True,A
HLA04063_HLA03253,A*02:187,A*02:187,A*02:01:01:03,A*02:01,True,A
HLA04063_HLA01218,A*02:187,A*02:187,A*02:43N,A*02:43N,True,A
HLA04064_HLA00005,A*02:188,A*02:188,A*02:01:01:01,A*02:01,True,A
HLA04064_HLA03253,A*02:188,A*02:188,A*02:01:01:03,A*02:01,True,A
HLA04064_HLA01218,A*02:188,A*02:188,A*02:43N,A*02:43N,True,A
HLA04065_HLA00005,A*02:189,A*02:189,A*02:01:01:01,A*02:01,True,A
HLA04065_HLA03253,A*02:189,A*02:189,A*02:01:01:03,A*02:01,True,A
HLA04065_HLA01218,A*02:189,A*02:189,A*02:43N,A*02:43N,True,A
HLA04068_HLA00050,A*24:02:22,A*24:02,A*24:02:01:01,A*24:02,True,A
HLA04068_HLA00051,A*24:02:22,A*24:02,A*24:02:01:02L,A*24:02,True,A
HLA04068_HLA06112,A*24:02:22,A*24:02,A*24:02:01:03,A*24:02,True,A
HLA04069_HLA00048,A*23:22,A*23:22,A*23:01:01,A*23:01,True,A
HLA04118_HLA00106,A*33:28,A*33:28,A*33:03:01,A*33:03,True,A
HLA04120_HLA00005,A*02:192,A*02:192,A*02:01:01:01,A*02:01,True,A
HLA04120_HLA03253,A*02:192,A*02:192,A*02:01:01:03,A*02:01,True,A
HLA04120_HLA01218,A*02:192,A*02:192,A*02:43N,A*02:43N,True,A
HLA04121_HLA00005,A*02:193,A*02:193,A*02:01:01:01,A*02:01,True,A
HLA04121_HLA03253,A*02:193,A*02:193,A*02:01:01:03,A*02:01,True,A
HLA04121_HLA01218,A*02:193,A*02:193,A*02:43N,A*02:43N,True,A
HLA04122_HLA00001,A*01:43,A*01:43,A*01:01:01:01,A*01:01,True,A
HLA04122_HLA02169,A*01:43,A*01:43,A*01:01:01:02N,A*01:01,True,A
HLA04123_HLA00043,A*11:48,A*11:48,A*11:01:01,A*11:01,True,A
HLA04127_HLA00043,A*11:49,A*11:49,A*11:01:01,A*11:01,True,A
HLA04131_HLA00037,A*03:60,A*03:60,A*03:01:01:01,A*03:01,True,A
HLA04131_HLA01960,A*03:60,A*03:60,A*03:01:01:03,A*03:01,True,A
HLA04136_HLA00112,A*66:11,A*66:11,A*66:01,A*66:01,True,A
HLA04138_HLA00089,A*30:30,A*30:30,A*30:01:01,A*30:01,True,A
HLA04139_HLA00043,A*11:52Q,A*11:52Q,A*11:01:01,A*11:01,True,A
HLA04140_HLA00086,A*29:02:05,A*29:02,A*29:02:01:01,A*29:02,True,A
HLA04141_HLA00106,A*33:03:04,A*33:03,A*33:03:01,A*33:03,True,A
HLA04142_HLA00037,A*03:62,A*03:62,A*03:01:01:01,A*03:01,True,A
HLA04142_HLA01960,A*03:62,A*03:62,A*03:01:01:03,A*03:01,True,A
HLA04143_HLA00073,A*26:41,A*26:41,A*26:01:01,A*26:01,True,A
HLA04144_HLA00073,A*26:01:12,A*26:01,A*26:01:01,A*26:01,True,A
HLA04146_HLA00089,A*30:31,A*30:31,A*30:01:01,A*30:01,True,A
HLA04147_HLA00043,A*11:51,A*11:51,A*11:01:01,A*11:01,True,A
HLA04148_HLA00037,A*03:01:16,A*03:01,A*03:01:01:01,A*03:01,True,A
HLA04148_HLA01960,A*03:01:16,A*03:01,A*03:01:01:03,A*03:01,True,A
HLA04149_HLA00005,A*02:194,A*02:194,A*02:01:01:01,A*02:01,True,A
HLA04149_HLA03253,A*02:194,A*02:194,A*02:01:01:03,A*02:01,True,A
HLA04149_HLA01218,A*02:194,A*02:194,A*02:43N,A*02:43N,True,A
HLA04150_HLA00037,A*03:61,A*03:61,A*03:01:01:01,A*03:01,True,A
HLA04150_HLA01960,A*03:61,A*03:61,A*03:01:01:03,A*03:01,True,A
HLA04151_HLA00001,A*01:44,A*01:44,A*01:01:01:01,A*01:01,True,A
HLA04151_HLA02169,A*01:44,A*01:44,A*01:01:01:02N,A*01:01,True,A
HLA04152_HLA00005,A*02:195,A*02:195,A*02:01:01:01,A*02:01,True,A
HLA04152_HLA03253,A*02:195,A*02:195,A*02:01:01:03,A*02:01,True,A
HLA04152_HLA01218,A*02:195,A*02:195,A*02:43N,A*02:43N,True,A
HLA04153_HLA00050,A*24:02:23,A*24:02,A*24:02:01:01,A*24:02,True,A
HLA04153_HLA00051,A*24:02:23,A*24:02,A*24:02:01:02L,A*24:02,True,A
HLA04153_HLA06112,A*24:02:23,A*24:02,A*24:02:01:03,A*24:02,True,A
HLA04154_HLA00050,A*24:02:24,A*24:02,A*24:02:01:01,A*24:02,True,A
HLA04154_HLA00051,A*24:02:24,A*24:02,A*24:02:01:02L,A*24:02,True,A
HLA04154_HLA06112,A*24:02:24,A*24:02,A*24:02:01:03,A*24:02,True,A
HLA04155_HLA00050,A*24:02:25,A*24:02,A*24:02:01:01,A*24:02,True,A
HLA04155_HLA00051,A*24:02:25,A*24:02,A*24:02:01:02L,A*24:02,True,A
HLA04155_HLA06112,A*24:02:25,A*24:02,A*24:02:01:03,A*24:02,True,A
HLA04156_HLA00050,A*24:02:26,A*24:02,A*24:02:01:01,A*24:02,True,A
HLA04156_HLA00051,A*24:02:26,A*24:02,A*24:02:01:02L,A*24:02,True,A
HLA04156_HLA06112,A*24:02:26,A*24:02,A*24:02:01:03,A*24:02,True,A
HLA04417_HLA00043,A*11:55,A*11:55,A*11:01:01,A*11:01,True,A
HLA04418_HLA00097,A*31:28,A*31:28,A*31:01:02,A*31:01,True,A
HLA04420_HLA00005,A*02:196,A*02:196,A*02:01:01:01,A*02:01,True,A
HLA04420_HLA03253,A*02:196,A*02:196,A*02:01:01:03,A*02:01,True,A
HLA04420_HLA01218,A*02:196,A*02:196,A*02:43N,A*02:43N,True,A
HLA04421_HLA00005,A*02:01:33,A*02:01,A*02:01:01:01,A*02:01,True,A
HLA04421_HLA03253,A*02:01:33,A*02:01,A*02:01:01:03,A*02:01,True,A
HLA04421_HLA01218,A*02:01:33,A*02:01,A*02:43N,A*02:43N,True,A
HLA04422_HLA00037,A*03:01:17,A*03:01,A*03:01:01:01,A*03:01,True,A
HLA04422_HLA01960,A*03:01:17,A*03:01,A*03:01:01:03,A*03:01,True,A
HLA04423_HLA00005,A*02:197,A*02:197,A*02:01:01:01,A*02:01,True,A
HLA04423_HLA03253,A*02:197,A*02:197,A*02:01:01:03,A*02:01,True,A
HLA04423_HLA01218,A*02:197,A*02:197,A*02:43N,A*02:43N,True,A
HLA04424_HLA00005,A*02:198,A*02:198,A*02:01:01:01,A*02:01,True,A
HLA04424_HLA03253,A*02:198,A*02:198,A*02:01:01:03,A*02:01,True,A
HLA04424_HLA01218,A*02:198,A*02:198,A*02:43N,A*02:43N,True,A
HLA04425_HLA00001,A*01:01:09,A*01:01,A*01:01:01:01,A*01:01,True,A
HLA04425_HLA02169,A*01:01:09,A*01:01,A*01:01:01:02N,A*01:01,True,A
HLA04426_HLA00005,A*02:01:34,A*02:01,A*02:01:01:01,A*02:01,True,A
HLA04426_HLA03253,A*02:01:34,A*02:01,A*02:01:01:03,A*02:01,True,A
HLA04426_HLA01218,A*02:01:34,A*02:01,A*02:43N,A*02:43N,True,A
HLA04427_HLA00001,A*01:01:10,A*01:01,A*01:01:01:01,A*01:01,True,A
HLA04427_HLA02169,A*01:01:10,A*01:01,A*01:01:01:02N,A*01:01,True,A
HLA04428_HLA00005,A*02:01:35,A*02:01,A*02:01:01:01,A*02:01,True,A
HLA04428_HLA03253,A*02:01:35,A*02:01,A*02:01:01:03,A*02:01,True,A
HLA04428_HLA01218,A*02:01:35,A*02:01,A*02:43N,A*02:43N,True,A
HLA04429_HLA00050,A*24:02:27,A*24:02,A*24:02:01:01,A*24:02,True,A
HLA04429_HLA00051,A*24:02:27,A*24:02,A*24:02:01:02L,A*24:02,True,A
HLA04429_HLA06112,A*24:02:27,A*24:02,A*24:02:01:03,A*24:02,True,A
HLA04430_HLA00005,A*02:199,A*02:199,A*02:01:01:01,A*02:01,True,A
HLA04430_HLA03253,A*02:199,A*02:199,A*02:01:01:03,A*02:01,True,A
HLA04430_HLA01218,A*02:199,A*02:199,A*02:43N,A*02:43N,True,A
HLA04431_HLA00005,A*02:01:36,A*02:01,A*02:01:01:01,A*02:01,True,A
HLA04431_HLA03253,A*02:01:36,A*02:01,A*02:01:01:03,A*02:01,True,A
HLA04431_HLA01218,A*02:01:36,A*02:01,A*02:43N,A*02:43N,True,A
HLA04465_HLA00043,A*11:54,A*11:54,A*11:01:01,A*11:01,True,A
HLA04466_HLA00097,A*31:01:04,A*31:01,A*31:01:02,A*31:01,True,A
HLA04467_HLA00097,A*31:01:05,A*31:01,A*31:01:02,A*31:01,True,A
HLA04469_HLA00001,A*01:46,A*01:46,A*01:01:01:01,A*01:01,True,A
HLA04469_HLA02169,A*01:46,A*01:46,A*01:01:01:02N,A*01:01,True,A
HLA04470_HLA00001,A*01:01:11,A*01:01,A*01:01:01:01,A*01:01,True,A
HLA04470_HLA02169,A*01:01:11,A*01:01,A*01:01:01:02N,A*01:01,True,A
HLA04476_HLA00043,A*11:01:15,A*11:01,A*11:01:01,A*11:01,True,A
HLA04477_HLA00005,A*02:01:37,A*02:01,A*02:01:01:01,A*02:01,True,A
HLA04477_HLA03253,A*02:01:37,A*02:01,A*02:01:01:03,A*02:01,True,A
HLA04477_HLA01218,A*02:01:37,A*02:01,A*02:43N,A*02:43N,True,A
HLA04478_HLA00011,A*02:06:08,A*02:06,A*02:06:01,A*02:06,True,A
HLA04479_HLA00005,A*02:01:38,A*02:01,A*02:01:01:01,A*02:01,True,A
HLA04479_HLA03253,A*02:01:38,A*02:01,A*02:01:01:03,A*02:01,True,A
HLA04479_HLA01218,A*02:01:38,A*02:01,A*02:43N,A*02:43N,True,A
HLA04480_HLA00005,A*02:01:39,A*02:01,A*02:01:01:01,A*02:01,True,A
HLA04480_HLA03253,A*02:01:39,A*02:01,A*02:01:01:03,A*02:01,True,A
HLA04480_HLA01218,A*02:01:39,A*02:01,A*02:43N,A*02:43N,True,A
HLA04482_HLA00005,A*02:01:40,A*02:01,A*02:01:01:01,A*02:01,True,A
HLA04482_HLA03253,A*02:01:40,A*02:01,A*02:01:01:03,A*02:01,True,A
HLA04482_HLA01218,A*02:01:40,A*02:01,A*02:43N,A*02:43N,True,A
HLA04483_HLA00050,A*24:02:28,A*24:02,A*24:02:01:01,A*24:02,True,A
HLA04483_HLA00051,A*24:02:28,A*24:02,A*24:02:01:02L,A*24:02,True,A
HLA04483_HLA06112,A*24:02:28,A*24:02,A*24:02:01:03,A*24:02,True,A
HLA04484_HLA00005,A*02:01:41,A*02:01,A*02:01:01:01,A*02:01,True,A
HLA04484_HLA03253,A*02:01:41,A*02:01,A*02:01:01:03,A*02:01,True,A
HLA04484_HLA01218,A*02:01:41,A*02:01,A*02:43N,A*02:43N,True,A
HLA04485_HLA00048,A*23:23,A*23:23,A*23:01:01,A*23:01,True,A
HLA04486_HLA00101,A*32:01:04,A*32:01,A*32:01:01,A*32:01,True,A
HLA04487_HLA00048,A*23:24,A*23:24,A*23:01:01,A*23:01,True,A
HLA04488_HLA00050,A*24:02:29,A*24:02,A*24:02:01:01,A*24:02,True,A
HLA04488_HLA00051,A*24:02:29,A*24:02,A*24:02:01:02L,A*24:02,True,A
HLA04488_HLA06112,A*24:02:29,A*24:02,A*24:02:01:03,A*24:02,True,A
HLA04489_HLA00048,A*23:25,A*23:25,A*23:01:01,A*23:01,True,A
HLA04490_HLA00037,A*03:63,A*03:63,A*03:01:01:01,A*03:01,True,A
HLA04490_HLA01960,A*03:63,A*03:63,A*03:01:01:03,A*03:01,True,A
HLA04491_HLA00001,A*01:47,A*01:47,A*01:01:01:01,A*01:01,True,A
HLA04491_HLA02169,A*01:47,A*01:47,A*01:01:01:02N,A*01:01,True,A
HLA04492_HLA00037,A*03:64,A*03:64,A*03:01:01:01,A*03:01,True,A
HLA04492_HLA01960,A*03:64,A*03:64,A*03:01:01:03,A*03:01,True,A
HLA04493_HLA00050,A*24:02:30,A*24:02,A*24:02:01:01,A*24:02,True,A
HLA04493_HLA00051,A*24:02:30,A*24:02,A*24:02:01:02L,A*24:02,True,A
HLA04493_HLA06112,A*24:02:30,A*24:02,A*24:02:01:03,A*24:02,True,A
HLA04494_HLA00001,A*01:48,A*01:48,A*01:01:01:01,A*01:01,True,A
HLA04494_HLA02169,A*01:48,A*01:48,A*01:01:01:02N,A*01:01,True,A
HLA04522_HLA00090,A*30:32,A*30:32,A*30:02:01,A*30:02,True,A
HLA04523_HLA00073,A*26:42,A*26:42,A*26:01:01,A*26:01,True,A
HLA04524_HLA00001,A*01:01:12,A*01:01,A*01:01:01:01,A*01:01,True,A
HLA04524_HLA02169,A*01:01:12,A*01:01,A*01:01:01:02N,A*01:01,True,A
HLA04525_HLA00001,A*01:49,A*01:49,A*01:01:01:01,A*01:01,True,A
HLA04525_HLA02169,A*01:49,A*01:49,A*01:01:01:02N,A*01:01,True,A
HLA04527_HLA00001,A*01:50,A*01:50,A*01:01:01:01,A*01:01,True,A
HLA04527_HLA02169,A*01:50,A*01:50,A*01:01:01:02N,A*01:01,True,A
HLA04528_HLA00040,A*03:65,A*03:65,A*03:02:01,A*03:02,True,A
HLA04529_HLA00043,A*11:01:16,A*11:01,A*11:01:01,A*11:01,True,A
HLA04530_HLA00037,A*03:66,A*03:66,A*03:01:01:01,A*03:01,True,A
HLA04530_HLA01960,A*03:66,A*03:66,A*03:01:01:03,A*03:01,True,A
HLA04531_HLA00112,A*66:12,A*66:12,A*66:01,A*66:01,True,A
HLA04545_HLA00117,A*68:02:03,A*68:02,A*68:02:01:01,A*68:02,True,A
HLA04545_HLA02911,A*68:02:03,A*68:02,A*68:02:01:03,A*68:02,True,A
HLA04546_HLA00001,A*01:51,A*01:51,A*01:01:01:01,A*01:01,True,A
HLA04546_HLA02169,A*01:51,A*01:51,A*01:01:01:02N,A*01:01,True,A
HLA04547_HLA00117,A*68:02:04,A*68:02,A*68:02:01:01,A*68:02,True,A
HLA04547_HLA02911,A*68:02:04,A*68:02,A*68:02:01:03,A*68:02,True,A
HLA04548_HLA00097,A*31:01:06,A*31:01,A*31:01:02,A*31:01,True,A
HLA04549_HLA00106,A*33:29,A*33:29,A*33:03:01,A*33:03,True,A
HLA04550_HLA00011,A*02:06:09,A*02:06,A*02:06:01,A*02:06,True,A
HLA04557_HLA00005,A*02:01:42,A*02:01,A*02:01:01:01,A*02:01,True,A
HLA04557_HLA03253,A*02:01:42,A*02:01,A*02:01:01:03,A*02:01,True,A
HLA04557_HLA01218,A*02:01:42,A*02:01,A*02:43N,A*02:43N,True,A
HLA04558_HLA00001,A*01:01:13,A*01:01,A*01:01:01:01,A*01:01,True,A
HLA04558_HLA02169,A*01:01:13,A*01:01,A*01:01:01:02N,A*01:01,True,A
HLA04559_HLA00037,A*03:67,A*03:67,A*03:01:01:01,A*03:01,True,A
HLA04559_HLA01960,A*03:67,A*03:67,A*03:01:01:03,A*03:01,True,A
HLA04560_HLA00086,A*29:21,A*29:21,A*29:02:01:01,A*29:02,True,A
HLA04561_HLA00037,A*03:68N,A*03:68N,A*03:01:01:01,A*03:01,True,A
HLA04561_HLA01960,A*03:68N,A*03:68N,A*03:01:01:03,A*03:01,True,A
HLA04562_HLA00037,A*03:69N,A*03:69N,A*03:01:01:01,A*03:01,True,A
HLA04562_HLA01960,A*03:69N,A*03:69N,A*03:01:01:03,A*03:01,True,A
HLA04575_HLA00037,A*03:70,A*03:70,A*03:01:01:01,A*03:01,True,A
HLA04575_HLA01960,A*03:70,A*03:70,A*03:01:01:03,A*03:01,True,A
HLA04578_HLA00037,A*03:71,A*03:71,A*03:01:01:01,A*03:01,True,A
HLA04578_HLA01960,A*03:71,A*03:71,A*03:01:01:03,A*03:01,True,A
HLA04584_HLA00086,A*29:22,A*29:22,A*29:02:01:01,A*29:02,True,A
HLA04586_HLA00073,A*26:01:13,A*26:01,A*26:01:01,A*26:01,True,A
HLA04636_HLA00037,A*03:72,A*03:72,A*03:01:01:01,A*03:01,True,A
HLA04636_HLA01960,A*03:72,A*03:72,A*03:01:01:03,A*03:01,True,A
HLA04642_HLA00101,A*32:21,A*32:21,A*32:01:01,A*32:01,True,A
HLA04643_HLA00090,A*30:02:05,A*30:02,A*30:02:01,A*30:02,True,A
HLA04644_HLA00040,A*03:73,A*03:73,A*03:02:01,A*03:02,True,A
HLA04645_HLA00071,A*25:11,A*25:11,A*25:01:01,A*25:01,True,A
HLA04646_HLA00008,A*02:171:02,A*02:171,A*02:03:01,A*02:03,True,A
HLA04647_HLA00037,A*03:74,A*03:74,A*03:01:01:01,A*03:01,True,A
HLA04647_HLA01960,A*03:74,A*03:74,A*03:01:01:03,A*03:01,True,A
HLA04651_HLA00090,A*30:34,A*30:34,A*30:02:01,A*30:02,True,A
HLA04652_HLA00110,A*36:05,A*36:05,A*36:01,A*36:01,True,A
HLA04674_HLA00005,A*02:01:43,A*02:01,A*02:01:01:01,A*02:01,True,A
HLA04674_HLA03253,A*02:01:43,A*02:01,A*02:01:01:03,A*02:01,True,A
HLA04682_HLA00130,A*80:02,A*80:02,A*80:01:01:01,A*80:01,True,A
HLA04682_HLA08791,A*80:02,A*80:02,A*80:01:01:02,A*80:01,True,A
HLA04690_HLA00089,A*30:35,A*30:35,A*30:01:01,A*30:01,True,A
HLA04723_HLA00106,A*33:03:05,A*33:03,A*33:03:01,A*33:03,True,A
HLA04724_HLA00043,A*11:56,A*11:56,A*11:01:01,A*11:01,True,A
HLA04725_HLA00097,A*31:29,A*31:29,A*31:01:02,A*31:01,True,A
HLA04726_HLA00073,A*26:43:01,A*26:43,A*26:01:01,A*26:01,True,A
HLA04740_HLA00097,A*31:01:07,A*31:01,A*31:01:02,A*31:01,True,A
HLA04741_HLA00112,A*26:03:02,A*26:03,A*66:01,A*66:01,True,A
HLA04744_HLA00044,A*11:57,A*11:57,A*11:02:01,A*11:02,True,A
HLA04746_HLA00097,A*31:30,A*31:30,A*31:01:02,A*31:01,True,A
HLA04749_HLA00101,A*32:22,A*32:22,A*32:01:01,A*32:01,True,A
HLA04751_HLA00073,A*26:43:02,A*26:43,A*26:01:01,A*26:01,True,A
HLA04761_HLA00001,A*01:52N,A*01:52N,A*01:01:01:01,A*01:01,True,A
HLA04761_HLA02169,A*01:52N,A*01:52N,A*01:01:01:02N,A*01:01,True,A
HLA04762_HLA00071,A*25:12N,A*25:12N,A*25:01:01,A*25:01,True,A
HLA04772_HLA00043,A*11:58,A*11:58,A*11:01:01,A*11:01,True,A
HLA04773_HLA00001,A*01:53N,A*01:53N,A*01:01:01:01,A*01:01,True,A
HLA04773_HLA02169,A*01:53N,A*01:53N,A*01:01:01:02N,A*01:01,True,A
HLA04774_HLA00117,A*68:49N,A*68:49N,A*68:02:01:01,A*68:02,True,A
HLA04774_HLA02911,A*68:49N,A*68:49N,A*68:02:01:03,A*68:02,True,A
HLA04785_HLA00073,A*26:45,A*26:45,A*26:01:01,A*26:01,True,A
HLA04786_HLA00097,A*31:31,A*31:31,A*31:01:02,A*31:01,True,A
HLA04793_HLA00071,A*25:13,A*25:13,A*25:01:01,A*25:01,True,A
HLA04795_HLA00037,A*03:75,A*03:75,A*03:01:01:01,A*03:01,True,A
HLA04795_HLA01960,A*03:75,A*03:75,A*03:01:01:03,A*03:01,True,A
HLA04804_HLA02057,A*01:01:14,A*01:01,A*01:11N,A*01:11N,True,A
HLA04807_HLA00005,A*02:01:44,A*02:01,A*02:01:01:01,A*02:01,True,A
HLA04807_HLA03253,A*02:01:44,A*02:01,A*02:01:01:03,A*02:01,True,A
HLA04807_HLA01218,A*02:01:44,A*02:01,A*02:43N,A*02:43N,True,A
HLA04808_HLA00001,A*01:54,A*01:54,A*01:01:01:01,A*01:01,True,A
HLA04808_HLA02169,A*01:54,A*01:54,A*01:01:01:02N,A*01:01,True,A
HLA04809_HLA00089,A*30:01:03,A*30:01,A*30:01:01,A*30:01,True,A
HLA04810_HLA00112,A*66:13,A*66:13,A*66:01,A*66:01,True,A
HLA04811_HLA00001,A*01:55,A*01:55,A*01:01:01:01,A*01:01,True,A
HLA04811_HLA02169,A*01:55,A*01:55,A*01:01:01:02N,A*01:01,True,A
HLA04812_HLA00089,A*30:37,A*30:37,A*30:01:01,A*30:01,True,A
HLA04813_HLA00101,A*32:01:05,A*32:01,A*32:01:01,A*32:01,True,A
HLA04814_HLA00005,A*02:01:45,A*02:01,A*02:01:01:01,A*02:01,True,A
HLA04814_HLA03253,A*02:01:45,A*02:01,A*02:01:01:03,A*02:01,True,A
HLA04814_HLA01218,A*02:01:45,A*02:01,A*02:43N,A*02:43N,True,A
HLA04850_HLA00089,A*30:36,A*30:36,A*30:01:01,A*30:01,True,A
HLA04854_HLA00043,A*11:59,A*11:59,A*11:01:01,A*11:01,True,A
HLA04855_HLA00043,A*11:01:17,A*11:01,A*11:01:01,A*11:01,True,A
HLA04859_HLA00040,A*03:76,A*03:76,A*03:02:01,A*03:02,True,A
HLA04862_HLA00050,A*24:107,A*24:107,A*24:02:01:01,A*24:02,True,A
HLA04862_HLA00051,A*24:107,A*24:107,A*24:02:01:02L,A*24:02,True,A
HLA04862_HLA06112,A*24:107,A*24:107,A*24:02:01:03,A*24:02,True,A
HLA04863_HLA00057,A*24:108,A*24:108,A*24:07,A*24:07,True,A
HLA04865_HLA00057,A*24:112,A*24:112,A*24:07,A*24:07,True,A
HLA04869_HLA00050,A*24:127,A*24:127,A*24:02:01:01,A*24:02,True,A
HLA04869_HLA00051,A*24:127,A*24:127,A*24:02:01:02L,A*24:02,True,A
HLA04869_HLA06112,A*24:127,A*24:127,A*24:02:01:03,A*24:02,True,A
HLA04870_HLA00050,A*24:128,A*24:128,A*24:02:01:01,A*24:02,True,A
HLA04870_HLA00051,A*24:128,A*24:128,A*24:02:01:02L,A*24:02,True,A
HLA04870_HLA06112,A*24:128,A*24:128,A*24:02:01:03,A*24:02,True,A
HLA04871_HLA00050,A*24:129,A*24:129,A*24:02:01:01,A*24:02,True,A
HLA04871_HLA00051,A*24:129,A*24:129,A*24:02:01:02L,A*24:02,True,A
HLA04871_HLA06112,A*24:129,A*24:129,A*24:02:01:03,A*24:02,True,A
HLA04876_HLA00050,A*24:130,A*24:130,A*24:02:01:01,A*24:02,True,A
HLA04876_HLA00051,A*24:130,A*24:130,A*24:02:01:02L,A*24:02,True,A
HLA04876_HLA06112,A*24:130,A*24:130,A*24:02:01:03,A*24:02,True,A
HLA04883_HLA00057,A*24:131,A*24:131,A*24:07,A*24:07,True,A
HLA04885_HLA00050,A*24:132N,A*24:132N,A*24:02:01:01,A*24:02,True,A
HLA04885_HLA00051,A*24:132N,A*24:132N,A*24:02:01:02L,A*24:02,True,A
HLA04885_HLA06112,A*24:132N,A*24:132N,A*24:02:01:03,A*24:02,True,A
HLA04887_HLA00008,A*02:230,A*02:230,A*02:03:01,A*02:03,True,A
HLA04891_HLA00005,A*02:242,A*02:242,A*02:01:01:01,A*02:01,True,A
HLA04891_HLA03253,A*02:242,A*02:242,A*02:01:01:03,A*02:01,True,A
HLA04893_HLA00005,A*02:243,A*02:243,A*02:01:01:01,A*02:01,True,A
HLA04893_HLA03253,A*02:243,A*02:243,A*02:01:01:03,A*02:01,True,A
HLA04894_HLA00050,A*24:100,A*24:100,A*24:02:01:01,A*24:02,True,A
HLA04894_HLA00051,A*24:100,A*24:100,A*24:02:01:02L,A*24:02,True,A
HLA04894_HLA06112,A*24:100,A*24:100,A*24:02:01:03,A*24:02,True,A
HLA04895_HLA00050,A*24:101,A*24:101,A*24:02:01:01,A*24:02,True,A
HLA04895_HLA00051,A*24:101,A*24:101,A*24:02:01:02L,A*24:02,True,A
HLA04895_HLA06112,A*24:101,A*24:101,A*24:02:01:03,A*24:02,True,A
HLA04896_HLA00050,A*24:102,A*24:102,A*24:02:01:01,A*24:02,True,A
HLA04896_HLA00051,A*24:102,A*24:102,A*24:02:01:02L,A*24:02,True,A
HLA04896_HLA06112,A*24:102,A*24:102,A*24:02:01:03,A*24:02,True,A
HLA04897_HLA00050,A*24:103,A*24:103,A*24:02:01:01,A*24:02,True,A
HLA04897_HLA00051,A*24:103,A*24:103,A*24:02:01:02L,A*24:02,True,A
HLA04897_HLA06112,A*24:103,A*24:103,A*24:02:01:03,A*24:02,True,A
HLA04898_HLA00050,A*24:104,A*24:104,A*24:02:01:01,A*24:02,True,A
HLA04898_HLA00051,A*24:104,A*24:104,A*24:02:01:02L,A*24:02,True,A
HLA04898_HLA06112,A*24:104,A*24:104,A*24:02:01:03,A*24:02,True,A
HLA04899_HLA00050,A*24:105,A*24:105,A*24:02:01:01,A*24:02,True,A
HLA04899_HLA00051,A*24:105,A*24:105,A*24:02:01:02L,A*24:02,True,A
HLA04899_HLA06112,A*24:105,A*24:105,A*24:02:01:03,A*24:02,True,A
HLA04905_HLA00050,A*24:106,A*24:106,A*24:02:01:01,A*24:02,True,A
HLA04905_HLA00051,A*24:106,A*24:106,A*24:02:01:02L,A*24:02,True,A
HLA04905_HLA06112,A*24:106,A*24:106,A*24:02:01:03,A*24:02,True,A
HLA04906_HLA00050,A*24:109,A*24:109,A*24:02:01:01,A*24:02,True,A
HLA04906_HLA00051,A*24:109,A*24:109,A*24:02:01:02L,A*24:02,True,A
HLA04906_HLA06112,A*24:109,A*24:109,A*24:02:01:03,A*24:02,True,A
HLA04908_HLA00050,A*24:110,A*24:110,A*24:02:01:01,A*24:02,True,A
HLA04908_HLA00051,A*24:110,A*24:110,A*24:02:01:02L,A*24:02,True,A
HLA04908_HLA06112,A*24:110,A*24:110,A*24:02:01:03,A*24:02,True,A
HLA04909_HLA00050,A*24:111,A*24:111,A*24:02:01:01,A*24:02,True,A
HLA04909_HLA00051,A*24:111,A*24:111,A*24:02:01:02L,A*24:02,True,A
HLA04909_HLA06112,A*24:111,A*24:111,A*24:02:01:03,A*24:02,True,A
HLA04926_HLA00050,A*24:113,A*24:113,A*24:02:01:01,A*24:02,True,A
HLA04926_HLA00051,A*24:113,A*24:113,A*24:02:01:02L,A*24:02,True,A
HLA04926_HLA06112,A*24:113,A*24:113,A*24:02:01:03,A*24:02,True,A
HLA04927_HLA00050,A*24:114,A*24:114,A*24:02:01:01,A*24:02,True,A
HLA04927_HLA00051,A*24:114,A*24:114,A*24:02:01:02L,A*24:02,True,A
HLA04927_HLA06112,A*24:114,A*24:114,A*24:02:01:03,A*24:02,True,A
HLA04928_HLA00005,A*02:200,A*02:200,A*02:01:01:01,A*02:01,True,A
HLA04928_HLA03253,A*02:200,A*02:200,A*02:01:01:03,A*02:01,True,A
HLA04928_HLA01218,A*02:200,A*02:200,A*02:43N,A*02:43N,True,A
HLA04942_HLA00050,A*24:115,A*24:115,A*24:02:01:01,A*24:02,True,A
HLA04942_HLA00051,A*24:115,A*24:115,A*24:02:01:02L,A*24:02,True,A
HLA04942_HLA06112,A*24:115,A*24:115,A*24:02:01:03,A*24:02,True,A
HLA04943_HLA00005,A*02:201,A*02:201,A*02:01:01:01,A*02:01,True,A
HLA04943_HLA03253,A*02:201,A*02:201,A*02:01:01:03,A*02:01,True,A
HLA04943_HLA01218,A*02:201,A*02:201,A*02:43N,A*02:43N,True,A
HLA04944_HLA00005,A*02:202,A*02:202,A*02:01:01:01,A*02:01,True,A
HLA04944_HLA03253,A*02:202,A*02:202,A*02:01:01:03,A*02:01,True,A
HLA04944_HLA01218,A*02:202,A*02:202,A*02:43N,A*02:43N,True,A
HLA04945_HLA00005,A*02:203,A*02:203,A*02:01:01:01,A*02:01,True,A
HLA04945_HLA03253,A*02:203,A*02:203,A*02:01:01:03,A*02:01,True,A
HLA04945_HLA01218,A*02:203,A*02:203,A*02:43N,A*02:43N,True,A
HLA04948_HLA00005,A*02:204,A*02:204,A*02:01:01:01,A*02:01,True,A
HLA04948_HLA03253,A*02:204,A*02:204,A*02:01:01:03,A*02:01,True,A
HLA04948_HLA01218,A*02:204,A*02:204,A*02:43N,A*02:43N,True,A
HLA04949_HLA00005,A*02:205,A*02:205,A*02:01:01:01,A*02:01,True,A
HLA04949_HLA03253,A*02:205,A*02:205,A*02:01:01:03,A*02:01,True,A
HLA04949_HLA01218,A*02:205,A*02:205,A*02:43N,A*02:43N,True,A
HLA04950_HLA00050,A*24:116,A*24:116,A*24:02:01:01,A*24:02,True,A
HLA04950_HLA00051,A*24:116,A*24:116,A*24:02:01:02L,A*24:02,True,A
HLA04950_HLA06112,A*24:116,A*24:116,A*24:02:01:03,A*24:02,True,A
HLA04951_HLA00005,A*02:206,A*02:206,A*02:01:01:01,A*02:01,True,A
HLA04951_HLA03253,A*02:206,A*02:206,A*02:01:01:03,A*02:01,True,A
HLA04951_HLA01218,A*02:206,A*02:206,A*02:43N,A*02:43N,True,A
HLA04952_HLA00005,A*02:207,A*02:207,A*02:01:01:01,A*02:01,True,A
HLA04952_HLA03253,A*02:207,A*02:207,A*02:01:01:03,A*02:01,True,A
HLA04953_HLA00005,A*02:208,A*02:208,A*02:01:01:01,A*02:01,True,A
HLA04953_HLA03253,A*02:208,A*02:208,A*02:01:01:03,A*02:01,True,A
HLA04953_HLA01218,A*02:208,A*02:208,A*02:43N,A*02:43N,True,A
HLA04954_HLA00050,A*24:117,A*24:117,A*24:02:01:01,A*24:02,True,A
HLA04954_HLA00051,A*24:117,A*24:117,A*24:02:01:02L,A*24:02,True,A
HLA04954_HLA06112,A*24:117,A*24:117,A*24:02:01:03,A*24:02,True,A
HLA04955_HLA00050,A*24:118,A*24:118,A*24:02:01:01,A*24:02,True,A
HLA04955_HLA00051,A*24:118,A*24:118,A*24:02:01:02L,A*24:02,True,A
HLA04955_HLA06112,A*24:118,A*24:118,A*24:02:01:03,A*24:02,True,A
HLA04956_HLA00050,A*24:119,A*24:119,A*24:02:01:01,A*24:02,True,A
HLA04956_HLA00051,A*24:119,A*24:119,A*24:02:01:02L,A*24:02,True,A
HLA04956_HLA06112,A*24:119,A*24:119,A*24:02:01:03,A*24:02,True,A
HLA04957_HLA00050,A*24:120,A*24:120,A*24:02:01:01,A*24:02,True,A
HLA04957_HLA00051,A*24:120,A*24:120,A*24:02:01:02L,A*24:02,True,A
HLA04957_HLA06112,A*24:120,A*24:120,A*24:02:01:03,A*24:02,True,A
HLA04958_HLA00050,A*24:121,A*24:121,A*24:02:01:01,A*24:02,True,A
HLA04958_HLA00051,A*24:121,A*24:121,A*24:02:01:02L,A*24:02,True,A
HLA04958_HLA06112,A*24:121,A*24:121,A*24:02:01:03,A*24:02,True,A
HLA04968_HLA00007,A*02:209,A*02:209,A*02:02,A*02:02,True,A
HLA04969_HLA00005,A*02:210,A*02:210,A*02:01:01:01,A*02:01,True,A
HLA04969_HLA03253,A*02:210,A*02:210,A*02:01:01:03,A*02:01,True,A
HLA04969_HLA01218,A*02:210,A*02:210,A*02:43N,A*02:43N,True,A
HLA04970_HLA00005,A*02:211:01,A*02:211,A*02:01:01:01,A*02:01,True,A
HLA04970_HLA03253,A*02:211:01,A*02:211,A*02:01:01:03,A*02:01,True,A
HLA04970_HLA01218,A*02:211:01,A*02:211,A*02:43N,A*02:43N,True,A
HLA04971_HLA00005,A*02:212,A*02:212,A*02:01:01:01,A*02:01,True,A
HLA04971_HLA03253,A*02:212,A*02:212,A*02:01:01:03,A*02:01,True,A
HLA04971_HLA01218,A*02:212,A*02:212,A*02:43N,A*02:43N,True,A
HLA04972_HLA00005,A*02:213,A*02:213,A*02:01:01:01,A*02:01,True,A
HLA04972_HLA03253,A*02:213,A*02:213,A*02:01:01:03,A*02:01,True,A
HLA04972_HLA01218,A*02:213,A*02:213,A*02:43N,A*02:43N,True,A
HLA04973_HLA00005,A*02:214,A*02:214,A*02:01:01:01,A*02:01,True,A
HLA04973_HLA03253,A*02:214,A*02:214,A*02:01:01:03,A*02:01,True,A
HLA04973_HLA01218,A*02:214,A*02:214,A*02:43N,A*02:43N,True,A
HLA04975_HLA00005,A*02:215,A*02:215,A*02:01:01:01,A*02:01,True,A
HLA04975_HLA03253,A*02:215,A*02:215,A*02:01:01:03,A*02:01,True,A
HLA04975_HLA01218,A*02:215,A*02:215,A*02:43N,A*02:43N,True,A
HLA04976_HLA00005,A*02:216,A*02:216,A*02:01:01:01,A*02:01,True,A
HLA04976_HLA03253,A*02:216,A*02:216,A*02:01:01:03,A*02:01,True,A
HLA04976_HLA01218,A*02:216,A*02:216,A*02:43N,A*02:43N,True,A
HLA04984_HLA00005,A*02:217:01,A*02:217,A*02:01:01:01,A*02:01,True,A
HLA04984_HLA03253,A*02:217:01,A*02:217,A*02:01:01:03,A*02:01,True,A
HLA04984_HLA01218,A*02:217:01,A*02:217,A*02:43N,A*02:43N,True,A
HLA04985_HLA00005,A*02:218,A*02:218,A*02:01:01:01,A*02:01,True,A
HLA04985_HLA03253,A*02:218,A*02:218,A*02:01:01:03,A*02:01,True,A
HLA04985_HLA01218,A*02:218,A*02:218,A*02:43N,A*02:43N,True,A
HLA04986_HLA00012,A*02:219,A*02:219,A*02:07:01,A*02:07,True,A
HLA04987_HLA00005,A*02:220,A*02:220,A*02:01:01:01,A*02:01,True,A
HLA04987_HLA03253,A*02:220,A*02:220,A*02:01:01:03,A*02:01,True,A
HLA04987_HLA01218,A*02:220,A*02:220,A*02:43N,A*02:43N,True,A
HLA04988_HLA00050,A*24:122,A*24:122,A*24:02:01:01,A*24:02,True,A
HLA04988_HLA00051,A*24:122,A*24:122,A*24:02:01:02L,A*24:02,True,A
HLA04988_HLA06112,A*24:122,A*24:122,A*24:02:01:03,A*24:02,True,A
HLA04989_HLA00005,A*02:221,A*02:221,A*02:01:01:01,A*02:01,True,A
HLA04989_HLA03253,A*02:221,A*02:221,A*02:01:01:03,A*02:01,True,A
HLA04990_HLA00005,A*02:222N,A*02:222N,A*02:01:01:01,A*02:01,True,A
HLA04990_HLA03253,A*02:222N,A*02:222N,A*02:01:01:03,A*02:01,True,A
HLA04990_HLA01218,A*02:222N,A*02:222N,A*02:43N,A*02:43N,True,A
HLA04991_HLA00005,A*02:223N,A*02:223N,A*02:01:01:01,A*02:01,True,A
HLA04991_HLA03253,A*02:223N,A*02:223N,A*02:01:01:03,A*02:01,True,A
HLA04991_HLA01218,A*02:223N,A*02:223N,A*02:43N,A*02:43N,True,A
HLA05001_HLA00005,A*02:224,A*02:224,A*02:01:01:01,A*02:01,True,A
HLA05001_HLA03253,A*02:224,A*02:224,A*02:01:01:03,A*02:01,True,A
HLA05001_HLA01218,A*02:224,A*02:224,A*02:43N,A*02:43N,True,A
HLA05002_HLA00005,A*02:225N,A*02:225N,A*02:01:01:01,A*02:01,True,A
HLA05002_HLA03253,A*02:225N,A*02:225N,A*02:01:01:03,A*02:01,True,A
HLA05002_HLA01218,A*02:225N,A*02:225N,A*02:43N,A*02:43N,True,A
HLA05003_HLA00005,A*02:226N,A*02:226N,A*02:01:01:01,A*02:01,True,A
HLA05003_HLA03253,A*02:226N,A*02:226N,A*02:01:01:03,A*02:01,True,A
HLA05003_HLA01218,A*02:226N,A*02:226N,A*02:43N,A*02:43N,True,A
HLA05004_HLA00005,A*02:227N,A*02:227N,A*02:01:01:01,A*02:01,True,A
HLA05004_HLA03253,A*02:227N,A*02:227N,A*02:01:01:03,A*02:01,True,A
HLA05005_HLA00005,A*02:228,A*02:228,A*02:01:01:01,A*02:01,True,A
HLA05005_HLA03253,A*02:228,A*02:228,A*02:01:01:03,A*02:01,True,A
HLA05005_HLA01218,A*02:228,A*02:228,A*02:43N,A*02:43N,True,A
HLA05006_HLA00050,A*24:123,A*24:123,A*24:02:01:01,A*24:02,True,A
HLA05006_HLA00051,A*24:123,A*24:123,A*24:02:01:02L,A*24:02,True,A
HLA05006_HLA06112,A*24:123,A*24:123,A*24:02:01:03,A*24:02,True,A
HLA05007_HLA00050,A*24:124,A*24:124,A*24:02:01:01,A*24:02,True,A
HLA05007_HLA00051,A*24:124,A*24:124,A*24:02:01:02L,A*24:02,True,A
HLA05007_HLA06112,A*24:124,A*24:124,A*24:02:01:03,A*24:02,True,A
HLA05008_HLA00053,A*24:125,A*24:125,A*24:03:01,A*24:03,True,A
HLA05019_HLA00050,A*24:126,A*24:126,A*24:02:01:01,A*24:02,True,A
HLA05019_HLA00051,A*24:126,A*24:126,A*24:02:01:02L,A*24:02,True,A
HLA05019_HLA06112,A*24:126,A*24:126,A*24:02:01:03,A*24:02,True,A
HLA05020_HLA00010,A*02:229,A*02:229,A*02:05:01,A*02:05,True,A
HLA05037_HLA00005,A*02:231,A*02:231,A*02:01:01:01,A*02:01,True,A
HLA05037_HLA03253,A*02:231,A*02:231,A*02:01:01:03,A*02:01,True,A
HLA05037_HLA01218,A*02:231,A*02:231,A*02:43N,A*02:43N,True,A
HLA05038_HLA00010,A*02:232,A*02:232,A*02:05:01,A*02:05,True,A
HLA05039_HLA00005,A*02:233,A*02:233,A*02:01:01:01,A*02:01,True,A
HLA05039_HLA03253,A*02:233,A*02:233,A*02:01:01:03,A*02:01,True,A
HLA05039_HLA01218,A*02:233,A*02:233,A*02:43N,A*02:43N,True,A
HLA05040_HLA00005,A*02:234,A*02:234,A*02:01:01:01,A*02:01,True,A
HLA05040_HLA03253,A*02:234,A*02:234,A*02:01:01:03,A*02:01,True,A
HLA05040_HLA01218,A*02:234,A*02:234,A*02:43N,A*02:43N,True,A
HLA05041_HLA00005,A*02:235,A*02:235,A*02:01:01:01,A*02:01,True,A
HLA05041_HLA03253,A*02:235,A*02:235,A*02:01:01:03,A*02:01,True,A
HLA05041_HLA01218,A*02:235,A*02:235,A*02:43N,A*02:43N,True,A
HLA05042_HLA00005,A*02:236,A*02:236,A*02:01:01:01,A*02:01,True,A
HLA05042_HLA03253,A*02:236,A*02:236,A*02:01:01:03,A*02:01,True,A
HLA05042_HLA01218,A*02:236,A*02:236,A*02:43N,A*02:43N,True,A
HLA05043_HLA00005,A*02:237,A*02:237,A*02:01:01:01,A*02:01,True,A
HLA05043_HLA03253,A*02:237,A*02:237,A*02:01:01:03,A*02:01,True,A
HLA05043_HLA01218,A*02:237,A*02:237,A*02:43N,A*02:43N,True,A
HLA05044_HLA00005,A*02:238,A*02:238,A*02:01:01:01,A*02:01,True,A
HLA05044_HLA03253,A*02:238,A*02:238,A*02:01:01:03,A*02:01,True,A
HLA05044_HLA01218,A*02:238,A*02:238,A*02:43N,A*02:43N,True,A
HLA05045_HLA00005,A*02:239,A*02:239,A*02:01:01:01,A*02:01,True,A
HLA05045_HLA03253,A*02:239,A*02:239,A*02:01:01:03,A*02:01,True,A
HLA05045_HLA01218,A*02:239,A*02:239,A*02:43N,A*02:43N,True,A
HLA05046_HLA00005,A*02:240,A*02:240,A*02:01:01:01,A*02:01,True,A
HLA05046_HLA03253,A*02:240,A*02:240,A*02:01:01:03,A*02:01,True,A
HLA05046_HLA01218,A*02:240,A*02:240,A*02:43N,A*02:43N,True,A
HLA05078_HLA00005,A*02:245,A*02:245,A*02:01:01:01,A*02:01,True,A
HLA05078_HLA03253,A*02:245,A*02:245,A*02:01:01:03,A*02:01,True,A
HLA05078_HLA01218,A*02:245,A*02:245,A*02:43N,A*02:43N,True,A
HLA05084_HLA00050,A*24:136,A*24:136,A*24:02:01:01,A*24:02,True,A
HLA05084_HLA00051,A*24:136,A*24:136,A*24:02:01:02L,A*24:02,True,A
HLA05084_HLA06112,A*24:136,A*24:136,A*24:02:01:03,A*24:02,True,A
HLA05085_HLA00050,A*24:137,A*24:137,A*24:02:01:01,A*24:02,True,A
HLA05085_HLA00051,A*24:137,A*24:137,A*24:02:01:02L,A*24:02,True,A
HLA05085_HLA06112,A*24:137,A*24:137,A*24:02:01:03,A*24:02,True,A
HLA05086_HLA00053,A*24:138,A*24:138,A*24:03:01,A*24:03,True,A
HLA05087_HLA05801,A*02:246,A*02:246,A*02:279,A*02:279,True,A
HLA05088_HLA00050,A*24:139,A*24:139,A*24:02:01:01,A*24:02,True,A
HLA05088_HLA00051,A*24:139,A*24:139,A*24:02:01:02L,A*24:02,True,A
HLA05088_HLA06112,A*24:139,A*24:139,A*24:02:01:03,A*24:02,True,A
HLA05091_HLA00097,A*31:01:08,A*31:01,A*31:01:02,A*31:01,True,A
HLA05098_HLA00015,A*02:244,A*02:244,A*02:10,A*02:10,True,A
HLA05100_HLA00097,A*31:01:09,A*31:01,A*31:01:02,A*31:01,True,A
HLA05101_HLA00106,A*33:30,A*33:30,A*33:03:01,A*33:03,True,A
HLA05102_HLA00005,A*02:247,A*02:247,A*02:01:01:01,A*02:01,True,A
HLA05102_HLA03253,A*02:247,A*02:247,A*02:01:01:03,A*02:01,True,A
HLA05103_HLA00050,A*24:133,A*24:133,A*24:02:01:01,A*24:02,True,A
HLA05103_HLA00051,A*24:133,A*24:133,A*24:02:01:02L,A*24:02,True,A
HLA05103_HLA06112,A*24:133,A*24:133,A*24:02:01:03,A*24:02,True,A
HLA05104_HLA00011,A*02:248,A*02:248,A*02:06:01,A*02:06,True,A
HLA05105_HLA00050,A*24:134,A*24:134,A*24:02:01:01,A*24:02,True,A
HLA05105_HLA00051,A*24:134,A*24:134,A*24:02:01:02L,A*24:02,True,A
HLA05105_HLA06112,A*24:134,A*24:134,A*24:02:01:03,A*24:02,True,A
HLA05107_HLA00050,A*24:135:01,A*24:135,A*24:02:01:01,A*24:02,True,A
HLA05107_HLA00051,A*24:135:01,A*24:135,A*24:02:01:02L,A*24:02,True,A
HLA05107_HLA06112,A*24:135:01,A*24:135,A*24:02:01:03,A*24:02,True,A
HLA05110_HLA00050,A*24:140,A*24:140,A*24:02:01:01,A*24:02,True,A
HLA05110_HLA00051,A*24:140,A*24:140,A*24:02:01:02L,A*24:02,True,A
HLA05110_HLA06112,A*24:140,A*24:140,A*24:02:01:03,A*24:02,True,A
HLA05117_HLA00050,A*24:141,A*24:141,A*24:02:01:01,A*24:02,True,A
HLA05117_HLA00051,A*24:141,A*24:141,A*24:02:01:02L,A*24:02,True,A
HLA05117_HLA06112,A*24:141,A*24:141,A*24:02:01:03,A*24:02,True,A
HLA05121_HLA00101,A*32:23,A*32:23,A*32:01:01,A*32:01,True,A
HLA05123_HLA00115,A*68:50,A*68:50,A*68:01:01:01,A*68:01,True,A
HLA05123_HLA05918,A*68:50,A*68:50,A*68:01:01:02,A*68:01,True,A
HLA05140_HLA00005,A*02:01:46,A*02:01,A*02:01:01:01,A*02:01,True,A
HLA05140_HLA03253,A*02:01:46,A*02:01,A*02:01:01:03,A*02:01,True,A
HLA05143_HLA00112,A*66:14,A*66:14,A*66:01,A*66:01,True,A
HLA05144_HLA00073,A*26:46,A*26:46,A*26:01:01,A*26:01,True,A
HLA05157_HLA00001,A*01:01:15,A*01:01,A*01:01:01:01,A*01:01,True,A
HLA05157_HLA02169,A*01:01:15,A*01:01,A*01:01:01:02N,A*01:01,True,A
HLA05225_HLA00005,A*02:249,A*02:249,A*02:01:01:01,A*02:01,True,A
HLA05225_HLA03253,A*02:249,A*02:249,A*02:01:01:03,A*02:01,True,A
HLA05226_HLA00005,A*02:250N,A*02:250N,A*02:01:01:01,A*02:01,True,A
HLA05226_HLA03253,A*02:250N,A*02:250N,A*02:01:01:03,A*02:01,True,A
HLA05228_HLA00005,A*02:01:47,A*02:01,A*02:01:01:01,A*02:01,True,A
HLA05228_HLA03253,A*02:01:47,A*02:01,A*02:01:01:03,A*02:01,True,A
HLA05232_HLA00037,A*03:77,A*03:77,A*03:01:01:01,A*03:01,True,A
HLA05232_HLA01960,A*03:77,A*03:77,A*03:01:01:03,A*03:01,True,A
HLA05234_HLA00043,A*11:61,A*11:61,A*11:01:01,A*11:01,True,A
HLA05235_HLA00043,A*11:62,A*11:62,A*11:01:01,A*11:01,True,A
HLA05236_HLA00048,A*23:26,A*23:26,A*23:01:01,A*23:01,True,A
HLA05237_HLA00050,A*24:142,A*24:142,A*24:02:01:01,A*24:02,True,A
HLA05237_HLA00051,A*24:142,A*24:142,A*24:02:01:02L,A*24:02,True,A
HLA05237_HLA06112,A*24:142,A*24:142,A*24:02:01:03,A*24:02,True,A
HLA05238_HLA00050,A*24:02:32,A*24:02,A*24:02:01:01,A*24:02,True,A
HLA05238_HLA00051,A*24:02:32,A*24:02,A*24:02:01:02L,A*24:02,True,A
HLA05238_HLA06112,A*24:02:32,A*24:02,A*24:02:01:03,A*24:02,True,A
HLA05239_HLA00050,A*24:02:33,A*24:02,A*24:02:01:01,A*24:02,True,A
HLA05239_HLA00051,A*24:02:33,A*24:02,A*24:02:01:02L,A*24:02,True,A
HLA05239_HLA06112,A*24:02:33,A*24:02,A*24:02:01:03,A*24:02,True,A
HLA05240_HLA00050,A*24:143,A*24:143,A*24:02:01:01,A*24:02,True,A
HLA05240_HLA00051,A*24:143,A*24:143,A*24:02:01:02L,A*24:02,True,A
HLA05240_HLA06112,A*24:143,A*24:143,A*24:02:01:03,A*24:02,True,A
HLA05241_HLA00097,A*31:32,A*31:32,A*31:01:02,A*31:01,True,A
HLA05242_HLA00106,A*33:03:06,A*33:03,A*33:03:01,A*33:03,True,A
HLA05243_HLA00005,A*02:01:49,A*02:01,A*02:01:01:01,A*02:01,True,A
HLA05243_HLA03253,A*02:01:49,A*02:01,A*02:01:01:03,A*02:01,True,A
HLA05245_HLA01665,A*02:254,A*02:254,A*02:60:01,A*02:60,True,A
HLA05246_HLA00043,A*11:01:19,A*11:01,A*11:01:01,A*11:01,True,A
HLA05247_HLA00012,A*02:255,A*02:255,A*02:07:01,A*02:07,True,A
HLA05248_HLA00050,A*24:02:34,A*24:02,A*24:02:01:01,A*24:02,True,A
HLA05248_HLA00051,A*24:02:34,A*24:02,A*24:02:01:02L,A*24:02,True,A
HLA05248_HLA06112,A*24:02:34,A*24:02,A*24:02:01:03,A*24:02,True,A
HLA05250_HLA00097,A*31:33,A*31:33,A*31:01:02,A*31:01,True,A
HLA05251_HLA00089,A*30:38,A*30:38,A*30:01:01,A*30:01,True,A
HLA05252_HLA00089,A*30:39,A*30:39,A*30:01:01,A*30:01,True,A
HLA05302_HLA00097,A*31:34,A*31:34,A*31:01:02,A*31:01,True,A
HLA05303_HLA00117,A*68:51,A*68:51,A*68:02:01:01,A*68:02,True,A
HLA05303_HLA02911,A*68:51,A*68:51,A*68:02:01:03,A*68:02,True,A
HLA05307_HLA00005,A*02:257,A*02:257,A*02:01:01:01,A*02:01,True,A
HLA05307_HLA03253,A*02:257,A*02:257,A*02:01:01:03,A*02:01,True,A
HLA05307_HLA01218,A*02:257,A*02:257,A*02:43N,A*02:43N,True,A
HLA05312_HLA00073,A*26:47,A*26:47,A*26:01:01,A*26:01,True,A
HLA05313_HLA00043,A*11:63,A*11:63,A*11:01:01,A*11:01,True,A
HLA05314_HLA00037,A*03:79,A*03:79,A*03:01:01:01,A*03:01,True,A
HLA05314_HLA01960,A*03:79,A*03:79,A*03:01:01:03,A*03:01,True,A
HLA05315_HLA00073,A*26:01:15,A*26:01,A*26:01:01,A*26:01,True,A
HLA05316_HLA00073,A*26:48,A*26:48,A*26:01:01,A*26:01,True,A
HLA05317_HLA00112,A*66:15,A*66:15,A*66:01,A*66:01,True,A
HLA05318_HLA00043,A*11:01:20,A*11:01,A*11:01:01,A*11:01,True,A
HLA05319_HLA00001,A*01:01:16,A*01:01,A*01:01:01:01,A*01:01,True,A
HLA05319_HLA02169,A*01:01:16,A*01:01,A*01:01:01:02N,A*01:01,True,A
HLA05321_HLA00001,A*01:57N,A*01:57N,A*01:01:01:01,A*01:01,True,A
HLA05321_HLA02169,A*01:57N,A*01:57N,A*01:01:01:02N,A*01:01,True,A
HLA05322_HLA00043,A*11:64,A*11:64,A*11:01:01,A*11:01,True,A
HLA05323_HLA00001,A*01:58,A*01:58,A*01:01:01:01,A*01:01,True,A
HLA05323_HLA02169,A*01:58,A*01:58,A*01:01:01:02N,A*01:01,True,A
HLA05324_HLA00001,A*01:59,A*01:59,A*01:01:01:01,A*01:01,True,A
HLA05324_HLA02169,A*01:59,A*01:59,A*01:01:01:02N,A*01:01,True,A
HLA05325_HLA00097,A*31:35,A*31:35,A*31:01:02,A*31:01,True,A
HLA05326_HLA00001,A*01:01:17,A*01:01,A*01:01:01:01,A*01:01,True,A
HLA05326_HLA02169,A*01:01:17,A*01:01,A*01:01:01:02N,A*01:01,True,A
HLA05327_HLA00001,A*01:60,A*01:60,A*01:01:01:01,A*01:01,True,A
HLA05327_HLA02169,A*01:60,A*01:60,A*01:01:01:02N,A*01:01,True,A
HLA05328_HLA00116,A*68:52,A*68:52,A*68:01:02,A*68:01,True,A
HLA05329_HLA00001,A*01:61,A*01:61,A*01:01:01:01,A*01:01,True,A
HLA05329_HLA02169,A*01:61,A*01:61,A*01:01:01:02N,A*01:01,True,A
HLA05330_HLA00001,A*01:62,A*01:62,A*01:01:01:01,A*01:01,True,A
HLA05330_HLA02169,A*01:62,A*01:62,A*01:01:01:02N,A*01:01,True,A
HLA05331_HLA00089,A*30:40,A*30:40,A*30:01:01,A*30:01,True,A
HLA05332_HLA00001,A*01:01:18,A*01:01,A*01:01:01:01,A*01:01,True,A
HLA05332_HLA02169,A*01:01:18,A*01:01,A*01:01:01:02N,A*01:01,True,A
HLA05333_HLA00037,A*03:80,A*03:80,A*03:01:01:01,A*03:01,True,A
HLA05333_HLA01960,A*03:80,A*03:80,A*03:01:01:03,A*03:01,True,A
HLA05334_HLA00001,A*01:63,A*01:63,A*01:01:01:01,A*01:01,True,A
HLA05334_HLA02169,A*01:63,A*01:63,A*01:01:01:02N,A*01:01,True,A
HLA05335_HLA00037,A*03:01:18,A*03:01,A*03:01:01:01,A*03:01,True,A
HLA05335_HLA01960,A*03:01:18,A*03:01,A*03:01:01:03,A*03:01,True,A
HLA05336_HLA00037,A*03:81,A*03:81,A*03:01:01:01,A*03:01,True,A
HLA05336_HLA01960,A*03:81,A*03:81,A*03:01:01:03,A*03:01,True,A
HLA05337_HLA00037,A*03:01:19,A*03:01,A*03:01:01:01,A*03:01,True,A
HLA05337_HLA01960,A*03:01:19,A*03:01,A*03:01:01:03,A*03:01,True,A
HLA05338_HLA00001,A*01:64,A*01:64,A*01:01:01:01,A*01:01,True,A
HLA05338_HLA02169,A*01:64,A*01:64,A*01:01:01:02N,A*01:01,True,A
HLA05339_HLA00073,A*26:01:16,A*26:01,A*26:01:01,A*26:01,True,A
HLA05340_HLA00089,A*30:41,A*30:41,A*30:01:01,A*30:01,True,A
HLA05341_HLA00073,A*26:49,A*26:49,A*26:01:01,A*26:01,True,A
HLA05342_HLA00117,A*68:53,A*68:53,A*68:02:01:01,A*68:02,True,A
HLA05342_HLA02911,A*68:53,A*68:53,A*68:02:01:03,A*68:02,True,A
HLA05343_HLA00043,A*11:01:21,A*11:01,A*11:01:01,A*11:01,True,A
HLA05344_HLA00001,A*01:65,A*01:65,A*01:01:01:01,A*01:01,True,A
HLA05344_HLA02169,A*01:65,A*01:65,A*01:01:01:02N,A*01:01,True,A
HLA05345_HLA00097,A*31:36,A*31:36,A*31:01:02,A*31:01,True,A
HLA05346_HLA00097,A*31:37,A*31:37,A*31:01:02,A*31:01,True,A
HLA05347_HLA00101,A*32:24,A*32:24,A*32:01:01,A*32:01,True,A
HLA05348_HLA00001,A*01:01:19,A*01:01,A*01:01:01:01,A*01:01,True,A
HLA05348_HLA02169,A*01:01:19,A*01:01,A*01:01:01:02N,A*01:01,True,A
HLA05349_HLA00101,A*32:25,A*32:25,A*32:01:01,A*32:01,True,A
HLA05350_HLA00117,A*68:54,A*68:54,A*68:02:01:01,A*68:02,True,A
HLA05350_HLA02911,A*68:54,A*68:54,A*68:02:01:03,A*68:02,True,A
HLA05351_HLA00073,A*26:01:14,A*26:01,A*26:01:01,A*26:01,True,A
HLA05353_HLA00050,A*24:02:35,A*24:02,A*24:02:01:01,A*24:02,True,A
HLA05353_HLA00051,A*24:02:35,A*24:02,A*24:02:01:02L,A*24:02,True,A
HLA05353_HLA06112,A*24:02:35,A*24:02,A*24:02:01:03,A*24:02,True,A
HLA05359_HLA00040,A*03:82,A*03:82,A*03:02:01,A*03:02,True,A
HLA05360_HLA00008,A*02:258,A*02:258,A*02:03:01,A*02:03,True,A
HLA05364_HLA00050,A*24:02:36,A*24:02,A*24:02:01:01,A*24:02,True,A
HLA05364_HLA00051,A*24:02:36,A*24:02,A*24:02:01:02L,A*24:02,True,A
HLA05364_HLA06112,A*24:02:36,A*24:02,A*24:02:01:03,A*24:02,True,A
HLA05365_HLA00050,A*24:21:02,A*24:21,A*24:02:01:01,A*24:02,True,A
HLA05365_HLA00051,A*24:21:02,A*24:21,A*24:02:01:02L,A*24:02,True,A
HLA05365_HLA06112,A*24:21:02,A*24:21,A*24:02:01:03,A*24:02,True,A
HLA05366_HLA00043,A*11:01:22,A*11:01,A*11:01:01,A*11:01,True,A
HLA05373_HLA00005,A*02:260,A*02:260,A*02:01:01:01,A*02:01,True,A
HLA05373_HLA03253,A*02:260,A*02:260,A*02:01:01:03,A*02:01,True,A
HLA05375_HLA00012,A*02:261,A*02:261,A*02:07:01,A*02:07,True,A
HLA05384_HLA00005,A*02:262,A*02:262,A*02:01:01:01,A*02:01,True,A
HLA05384_HLA03253,A*02:262,A*02:262,A*02:01:01:03,A*02:01,True,A
HLA05398_HLA00003,A*01:66,A*01:66,A*01:03,A*01:03,True,A
HLA05399_HLA00005,A*02:263,A*02:263,A*02:01:01:01,A*02:01,True,A
HLA05399_HLA03253,A*02:263,A*02:263,A*02:01:01:03,A*02:01,True,A
HLA05399_HLA01218,A*02:263,A*02:263,A*02:43N,A*02:43N,True,A
HLA05426_HLA00048,A*23:01:03,A*23:01,A*23:01:01,A*23:01,True,A
HLA05427_HLA00001,A*01:67,A*01:67,A*01:01:01:01,A*01:01,True,A
HLA05427_HLA02169,A*01:67,A*01:67,A*01:01:01:02N,A*01:01,True,A
HLA05428_HLA00086,A*29:23,A*29:23,A*29:02:01:01,A*29:02,True,A
HLA05429_HLA00001,A*01:68,A*01:68,A*01:01:01:01,A*01:01,True,A
HLA05429_HLA02169,A*01:68,A*01:68,A*01:01:01:02N,A*01:01,True,A
HLA05430_HLA00101,A*32:26,A*32:26,A*32:01:01,A*32:01,True,A
HLA05431_HLA00115,A*68:55,A*68:55,A*68:01:01:01,A*68:01,True,A
HLA05431_HLA05918,A*68:55,A*68:55,A*68:01:01:02,A*68:01,True,A
HLA05432_HLA00001,A*01:69:01,A*01:69,A*01:01:01:01,A*01:01,True,A
HLA05432_HLA02169,A*01:69:01,A*01:69,A*01:01:01:02N,A*01:01,True,A
HLA05433_HLA00048,A*23:27,A*23:27,A*23:01:01,A*23:01,True,A
HLA05434_HLA00043,A*11:65,A*11:65,A*11:01:01,A*11:01,True,A
HLA05435_HLA00048,A*23:28,A*23:28,A*23:01:01,A*23:01,True,A
HLA05436_HLA00037,A*03:83,A*03:83,A*03:01:01:01,A*03:01,True,A
HLA05436_HLA01960,A*03:83,A*03:83,A*03:01:01:03,A*03:01,True,A
HLA05437_HLA00115,A*68:56,A*68:56,A*68:01:01:01,A*68:01,True,A
HLA05437_HLA05918,A*68:56,A*68:56,A*68:01:01:02,A*68:01,True,A
HLA05438_HLA00085,A*29:24,A*29:24,A*29:01:01:01,A*29:01,True,A
HLA05438_HLA01406,A*29:24,A*29:24,A*29:01:01:02N,A*29:01,True,A
HLA05439_HLA00037,A*03:84,A*03:84,A*03:01:01:01,A*03:01,True,A
HLA05439_HLA01960,A*03:84,A*03:84,A*03:01:01:03,A*03:01,True,A
HLA05440_HLA00001,A*01:70,A*01:70,A*01:01:01:01,A*01:01,True,A
HLA05440_HLA02169,A*01:70,A*01:70,A*01:01:01:02N,A*01:01,True,A
HLA05441_HLA00037,A*03:85,A*03:85,A*03:01:01:01,A*03:01,True,A
HLA05441_HLA01960,A*03:85,A*03:85,A*03:01:01:03,A*03:01,True,A
HLA05442_HLA00116,A*68:57,A*68:57,A*68:01:02,A*68:01,True,A
HLA05443_HLA00115,A*68:01:08,A*68:01,A*68:01:01:01,A*68:01,True,A
HLA05443_HLA05918,A*68:01:08,A*68:01,A*68:01:01:02,A*68:01,True,A
HLA05444_HLA00104,A*33:01:04,A*33:01,A*33:01:01,A*33:01,True,A
HLA05445_HLA00104,A*33:32:01,A*33:32,A*33:01:01,A*33:01,True,A
HLA05446_HLA00115,A*68:58,A*68:58,A*68:01:01:01,A*68:01,True,A
HLA05446_HLA05918,A*68:58,A*68:58,A*68:01:01:02,A*68:01,True,A
HLA05447_HLA00097,A*31:38,A*31:38,A*31:01:02,A*31:01,True,A
HLA05448_HLA00073,A*26:01:17,A*26:01,A*26:01:01,A*26:01,True,A
HLA05449_HLA00048,A*23:29,A*23:29,A*23:01:01,A*23:01,True,A
HLA05450_HLA00043,A*11:66,A*11:66,A*11:01:01,A*11:01,True,A
HLA05451_HLA00086,A*29:02:06,A*29:02,A*29:02:01:01,A*29:02,True,A
HLA05452_HLA00089,A*30:42,A*30:42,A*30:01:01,A*30:01,True,A
HLA05453_HLA00037,A*03:01:20,A*03:01,A*03:01:01:01,A*03:01,True,A
HLA05453_HLA01960,A*03:01:20,A*03:01,A*03:01:01:03,A*03:01,True,A
HLA05454_HLA00043,A*11:01:23,A*11:01,A*11:01:01,A*11:01,True,A
HLA05455_HLA00043,A*11:67,A*11:67,A*11:01:01,A*11:01,True,A
HLA05456_HLA00037,A*03:86,A*03:86,A*03:01:01:01,A*03:01,True,A
HLA05456_HLA01960,A*03:86,A*03:86,A*03:01:01:03,A*03:01,True,A
HLA05457_HLA00101,A*32:01:06,A*32:01,A*32:01:01,A*32:01,True,A
HLA05458_HLA00043,A*11:68,A*11:68,A*11:01:01,A*11:01,True,A
HLA05459_HLA00097,A*31:39,A*31:39,A*31:01:02,A*31:01,True,A
HLA05460_HLA00071,A*25:01:03,A*25:01,A*25:01:01,A*25:01,True,A
HLA05461_HLA00050,A*24:02:37,A*24:02,A*24:02:01:01,A*24:02,True,A
HLA05461_HLA00051,A*24:02:37,A*24:02,A*24:02:01:02L,A*24:02,True,A
HLA05461_HLA06112,A*24:02:37,A*24:02,A*24:02:01:03,A*24:02,True,A
HLA05462_HLA00037,A*03:87,A*03:87,A*03:01:01:01,A*03:01,True,A
HLA05462_HLA01960,A*03:87,A*03:87,A*03:01:01:03,A*03:01,True,A
HLA05463_HLA00115,A*68:01:09,A*68:01,A*68:01:01:01,A*68:01,True,A
HLA05463_HLA05918,A*68:01:09,A*68:01,A*68:01:01:02,A*68:01,True,A
HLA05522_HLA00097,A*31:40,A*31:40,A*31:01:02,A*31:01,True,A
HLA05523_HLA00008,A*02:267,A*02:267,A*02:03:01,A*02:03,True,A
HLA05524_HLA00048,A*23:30,A*23:30,A*23:01:01,A*23:01,True,A
HLA05532_HLA00005,A*02:268,A*02:268,A*02:01:01:01,A*02:01,True,A
HLA05532_HLA03253,A*02:268,A*02:268,A*02:01:01:03,A*02:01,True,A
HLA05532_HLA01218,A*02:268,A*02:268,A*02:43N,A*02:43N,True,A
HLA05539_HLA00001,A*01:71,A*01:71,A*01:01:01:01,A*01:01,True,A
HLA05539_HLA02169,A*01:71,A*01:71,A*01:01:01:02N,A*01:01,True,A
HLA05540_HLA00043,A*11:01:24,A*11:01,A*11:01:01,A*11:01,True,A
HLA05541_HLA00089,A*30:43,A*30:43,A*30:01:01,A*30:01,True,A
HLA05545_HLA00043,A*11:70,A*11:70,A*11:01:01,A*11:01,True,A
HLA05546_HLA02057,A*01:01:20,A*01:01,A*01:11N,A*01:11N,True,A
HLA05547_HLA00037,A*03:88,A*03:88,A*03:01:01:01,A*03:01,True,A
HLA05547_HLA01960,A*03:88,A*03:88,A*03:01:01:03,A*03:01,True,A
HLA05547_HLA02456,A*03:88,A*03:88,A*11:25,A*11:25,True,A
HLA05549_HLA00005,A*02:270,A*02:270,A*02:01:01:01,A*02:01,True,A
HLA05549_HLA03253,A*02:270,A*02:270,A*02:01:01:03,A*02:01,True,A
HLA05549_HLA01218,A*02:270,A*02:270,A*02:43N,A*02:43N,True,A
HLA05550_HLA00050,A*24:145,A*24:145,A*24:02:01:01,A*24:02,True,A
HLA05550_HLA00051,A*24:145,A*24:145,A*24:02:01:02L,A*24:02,True,A
HLA05550_HLA06112,A*24:145,A*24:145,A*24:02:01:03,A*24:02,True,A
HLA05551_HLA00089,A*30:44,A*30:44,A*30:01:01,A*30:01,True,A
HLA05552_HLA00037,A*03:89,A*03:89,A*03:01:01:01,A*03:01,True,A
HLA05552_HLA01960,A*03:89,A*03:89,A*03:01:01:03,A*03:01,True,A
HLA05553_HLA00048,A*23:01:04,A*23:01,A*23:01:01,A*23:01,True,A
HLA05555_HLA00048,A*23:31,A*23:31,A*23:01:01,A*23:01,True,A
HLA05556_HLA00010,A*02:271,A*02:271,A*02:05:01,A*02:05,True,A
HLA05557_HLA00115,A*68:03:03,A*68:03,A*68:01:01:01,A*68:01,True,A
HLA05557_HLA05918,A*68:03:03,A*68:03,A*68:01:01:02,A*68:01,True,A
HLA05611_HLA00040,A*03:90,A*03:90,A*03:02:01,A*03:02,True,A
HLA05622_HLA00115,A*68:59N,A*68:59N,A*68:01:01:01,A*68:01,True,A
HLA05622_HLA05918,A*68:59N,A*68:59N,A*68:01:01:02,A*68:01,True,A
HLA05628_HLA00037,A*03:91N,A*03:91N,A*03:01:01:01,A*03:01,True,A
HLA05628_HLA01960,A*03:91N,A*03:91N,A*03:01:01:03,A*03:01,True,A
HLA05629_HLA00043,A*11:01:25,A*11:01,A*11:01:01,A*11:01,True,A
HLA05630_HLA00001,A*01:72,A*01:72,A*01:01:01:01,A*01:01,True,A
HLA05630_HLA02169,A*01:72,A*01:72,A*01:01:01:02N,A*01:01,True,A
HLA05631_HLA00037,A*03:92,A*03:92,A*03:01:01:01,A*03:01,True,A
HLA05631_HLA01960,A*03:92,A*03:92,A*03:01:01:03,A*03:01,True,A
HLA05632_HLA00101,A*32:27N,A*32:27N,A*32:01:01,A*32:01,True,A
HLA05633_HLA00106,A*33:33,A*33:33,A*33:03:01,A*33:03,True,A
HLA05634_HLA00085,A*29:01:03,A*29:01,A*29:01:01:01,A*29:01,True,A
HLA05634_HLA01406,A*29:01:03,A*29:01,A*29:01:01:02N,A*29:01,True,A
HLA05635_HLA00003,A*01:73,A*01:73,A*01:03,A*01:03,True,A
HLA05636_HLA00037,A*03:93,A*03:93,A*03:01:01:01,A*03:01,True,A
HLA05636_HLA01960,A*03:93,A*03:93,A*03:01:01:03,A*03:01,True,A
HLA05637_HLA00109,A*34:09,A*34:09,A*34:02:01,A*34:02,True,A
HLA05638_HLA00037,A*03:94,A*03:94,A*03:01:01:01,A*03:01,True,A
HLA05638_HLA01960,A*03:94,A*03:94,A*03:01:01:03,A*03:01,True,A
HLA05639_HLA00101,A*32:28,A*32:28,A*32:01:01,A*32:01,True,A
HLA05640_HLA00011,A*02:06:10,A*02:06,A*02:06:01,A*02:06,True,A
HLA05641_HLA00101,A*32:29,A*32:29,A*32:01:01,A*32:01,True,A
HLA05642_HLA00073,A*26:51,A*26:51,A*26:01:01,A*26:01,True,A
HLA05643_HLA00037,A*03:95,A*03:95,A*03:01:01:01,A*03:01,True,A
HLA05643_HLA01960,A*03:95,A*03:95,A*03:01:01:03,A*03:01,True,A
HLA05644_HLA00005,A*02:11:02,A*02:11,A*02:01:01:01,A*02:01,True,A
HLA05644_HLA03253,A*02:11:02,A*02:11,A*02:01:01:03,A*02:01,True,A
HLA05644_HLA01218,A*02:11:02,A*02:11,A*02:43N,A*02:43N,True,A
HLA05645_HLA00117,A*68:60,A*68:60,A*68:02:01:01,A*68:02,True,A
HLA05645_HLA02911,A*68:60,A*68:60,A*68:02:01:03,A*68:02,True,A
HLA05646_HLA00037,A*03:96,A*03:96,A*03:01:01:01,A*03:01,True,A
HLA05646_HLA01960,A*03:96,A*03:96,A*03:01:01:03,A*03:01,True,A
HLA05647_HLA00037,A*03:97,A*03:97,A*03:01:01:01,A*03:01,True,A
HLA05647_HLA01960,A*03:97,A*03:97,A*03:01:01:03,A*03:01,True,A
HLA05648_HLA00001,A*01:74,A*01:74,A*01:01:01:01,A*01:01,True,A
HLA05648_HLA02169,A*01:74,A*01:74,A*01:01:01:02N,A*01:01,True,A
HLA05649_HLA00073,A*26:52,A*26:52,A*26:01:01,A*26:01,True,A
HLA05650_HLA00117,A*68:61,A*68:61,A*68:02:01:01,A*68:02,True,A
HLA05650_HLA02911,A*68:61,A*68:61,A*68:02:01:03,A*68:02,True,A
HLA05651_HLA00037,A*03:98,A*03:98,A*03:01:01:01,A*03:01,True,A
HLA05651_HLA01960,A*03:98,A*03:98,A*03:01:01:03,A*03:01,True,A
HLA05652_HLA00092,A*30:46,A*30:46,A*30:04:01,A*30:04,True,A
HLA05653_HLA00037,A*03:99,A*03:99,A*03:01:01:01,A*03:01,True,A
HLA05653_HLA01960,A*03:99,A*03:99,A*03:01:01:03,A*03:01,True,A
HLA05654_HLA00005,A*02:01:51,A*02:01,A*02:01:01:01,A*02:01,True,A
HLA05654_HLA03253,A*02:01:51,A*02:01,A*02:01:01:03,A*02:01,True,A
HLA05654_HLA01218,A*02:01:51,A*02:01,A*02:43N,A*02:43N,True,A
HLA05655_HLA00097,A*31:41,A*31:41,A*31:01:02,A*31:01,True,A
HLA05656_HLA00104,A*33:34,A*33:34,A*33:01:01,A*33:01,True,A
HLA05657_HLA00073,A*26:01:18,A*26:01,A*26:01:01,A*26:01,True,A
HLA05658_HLA00043,A*11:01:26,A*11:01,A*11:01:01,A*11:01,True,A
HLA05659_HLA00043,A*11:71,A*11:71,A*11:01:01,A*11:01,True,A
HLA05660_HLA00104,A*33:01:05,A*33:01,A*33:01:01,A*33:01,True,A
HLA05661_HLA00001,A*01:75,A*01:75,A*01:01:01:01,A*01:01,True,A
HLA05661_HLA02169,A*01:75,A*01:75,A*01:01:01:02N,A*01:01,True,A
HLA05662_HLA00001,A*01:01:21,A*01:01,A*01:01:01:01,A*01:01,True,A
HLA05662_HLA02169,A*01:01:21,A*01:01,A*01:01:01:02N,A*01:01,True,A
HLA05663_HLA00037,A*03:100,A*03:100,A*03:01:01:01,A*03:01,True,A
HLA05663_HLA01960,A*03:100,A*03:100,A*03:01:01:03,A*03:01,True,A
HLA05664_HLA00037,A*03:101,A*03:101,A*03:01:01:01,A*03:01,True,A
HLA05664_HLA01960,A*03:101,A*03:101,A*03:01:01:03,A*03:01,True,A
HLA05665_HLA00037,A*03:01:21,A*03:01,A*03:01:01:01,A*03:01,True,A
HLA05665_HLA01960,A*03:01:21,A*03:01,A*03:01:01:03,A*03:01,True,A
HLA05666_HLA00097,A*31:42,A*31:42,A*31:01:02,A*31:01,True,A
HLA05667_HLA00090,A*30:45,A*30:45,A*30:02:01,A*30:02,True,A
HLA05668_HLA00005,A*02:01:52,A*02:01,A*02:01:01:01,A*02:01,True,A
HLA05668_HLA03253,A*02:01:52,A*02:01,A*02:01:01:03,A*02:01,True,A
HLA05668_HLA01218,A*02:01:52,A*02:01,A*02:43N,A*02:43N,True,A
HLA05669_HLA00050,A*24:02:38,A*24:02,A*24:02:01:01,A*24:02,True,A
HLA05669_HLA00051,A*24:02:38,A*24:02,A*24:02:01:02L,A*24:02,True,A
HLA05669_HLA06112,A*24:02:38,A*24:02,A*24:02:01:03,A*24:02,True,A
HLA05670_HLA00001,A*01:76,A*01:76,A*01:01:01:01,A*01:01,True,A
HLA05670_HLA02169,A*01:76,A*01:76,A*01:01:01:02N,A*01:01,True,A
HLA05671_HLA00097,A*31:43,A*31:43,A*31:01:02,A*31:01,True,A
HLA05672_HLA00005,A*02:272,A*02:272,A*02:01:01:01,A*02:01,True,A
HLA05672_HLA03253,A*02:272,A*02:272,A*02:01:01:03,A*02:01,True,A
HLA05672_HLA01218,A*02:272,A*02:272,A*02:43N,A*02:43N,True,A
HLA05673_HLA00050,A*24:146,A*24:146,A*24:02:01:01,A*24:02,True,A
HLA05673_HLA00051,A*24:146,A*24:146,A*24:02:01:02L,A*24:02,True,A
HLA05673_HLA06112,A*24:146,A*24:146,A*24:02:01:03,A*24:02,True,A
HLA05674_HLA00050,A*24:147,A*24:147,A*24:02:01:01,A*24:02,True,A
HLA05674_HLA00051,A*24:147,A*24:147,A*24:02:01:02L,A*24:02,True,A
HLA05674_HLA06112,A*24:147,A*24:147,A*24:02:01:03,A*24:02,True,A
HLA05675_HLA00037,A*03:102,A*03:102,A*03:01:01:01,A*03:01,True,A
HLA05675_HLA01960,A*03:102,A*03:102,A*03:01:01:03,A*03:01,True,A
HLA05676_HLA00005,A*02:273,A*02:273,A*02:01:01:01,A*02:01,True,A
HLA05676_HLA03253,A*02:273,A*02:273,A*02:01:01:03,A*02:01,True,A
HLA05676_HLA01218,A*02:273,A*02:273,A*02:43N,A*02:43N,True,A
HLA05677_HLA00005,A*02:274,A*02:274,A*02:01:01:01,A*02:01,True,A
HLA05677_HLA03253,A*02:274,A*02:274,A*02:01:01:03,A*02:01,True,A
HLA05677_HLA01218,A*02:274,A*02:274,A*02:43N,A*02:43N,True,A
HLA05678_HLA00043,A*11:72,A*11:72,A*11:01:01,A*11:01,True,A
HLA05679_HLA00050,A*24:148,A*24:148,A*24:02:01:01,A*24:02,True,A
HLA05679_HLA00051,A*24:148,A*24:148,A*24:02:01:02L,A*24:02,True,A
HLA05679_HLA06112,A*24:148,A*24:148,A*24:02:01:03,A*24:02,True,A
HLA05680_HLA00037,A*03:103,A*03:103,A*03:01:01:01,A*03:01,True,A
HLA05680_HLA01960,A*03:103,A*03:103,A*03:01:01:03,A*03:01,True,A
HLA05681_HLA00089,A*30:01:04,A*30:01,A*30:01:01,A*30:01,True,A
HLA05682_HLA00097,A*31:44,A*31:44,A*31:01:02,A*31:01,True,A
HLA05683_HLA00086,A*29:25,A*29:25,A*29:02:01:01,A*29:02,True,A
HLA05684_HLA00001,A*01:01:22,A*01:01,A*01:01:01:01,A*01:01,True,A
HLA05684_HLA02169,A*01:01:22,A*01:01,A*01:01:01:02N,A*01:01,True,A
HLA05685_HLA00001,A*01:01:23,A*01:01,A*01:01:01:01,A*01:01,True,A
HLA05685_HLA02169,A*01:01:23,A*01:01,A*01:01:01:02N,A*01:01,True,A
HLA05686_HLA00037,A*03:01:22,A*03:01,A*03:01:01:01,A*03:01,True,A
HLA05686_HLA01960,A*03:01:22,A*03:01,A*03:01:01:03,A*03:01,True,A
HLA05687_HLA00005,A*02:275,A*02:275,A*02:01:01:01,A*02:01,True,A
HLA05687_HLA03253,A*02:275,A*02:275,A*02:01:01:03,A*02:01,True,A
HLA05687_HLA01218,A*02:275,A*02:275,A*02:43N,A*02:43N,True,A
HLA05688_HLA00037,A*03:104,A*03:104,A*03:01:01:01,A*03:01,True,A
HLA05688_HLA01960,A*03:104,A*03:104,A*03:01:01:03,A*03:01,True,A
HLA05689_HLA00037,A*03:01:23,A*03:01,A*03:01:01:01,A*03:01,True,A
HLA05689_HLA01960,A*03:01:23,A*03:01,A*03:01:01:03,A*03:01,True,A
HLA05690_HLA00117,A*68:62,A*68:62,A*68:02:01:01,A*68:02,True,A
HLA05690_HLA02911,A*68:62,A*68:62,A*68:02:01:03,A*68:02,True,A
HLA05691_HLA00005,A*02:276,A*02:276,A*02:01:01:01,A*02:01,True,A
HLA05691_HLA03253,A*02:276,A*02:276,A*02:01:01:03,A*02:01,True,A
HLA05691_HLA01218,A*02:276,A*02:276,A*02:43N,A*02:43N,True,A
HLA05692_HLA00115,A*68:63,A*68:63,A*68:01:01:01,A*68:01,True,A
HLA05692_HLA05918,A*68:63,A*68:63,A*68:01:01:02,A*68:01,True,A
HLA05692_HLA00124,A*68:63,A*68:63,A*68:08:01,A*68:08,True,A
HLA05693_HLA00005,A*02:01:53,A*02:01,A*02:01:01:01,A*02:01,True,A
HLA05693_HLA03253,A*02:01:53,A*02:01,A*02:01:01:03,A*02:01,True,A
HLA05693_HLA01218,A*02:01:53,A*02:01,A*02:43N,A*02:43N,True,A
HLA05696_HLA00005,A*02:277,A*02:277,A*02:01:01:01,A*02:01,True,A
HLA05696_HLA03253,A*02:277,A*02:277,A*02:01:01:03,A*02:01,True,A
HLA05696_HLA01218,A*02:277,A*02:277,A*02:43N,A*02:43N,True,A
HLA05697_HLA00011,A*02:278,A*02:278,A*02:06:01,A*02:06,True,A
HLA05698_HLA00005,A*02:01:54,A*02:01,A*02:01:01:01,A*02:01,True,A
HLA05698_HLA03253,A*02:01:54,A*02:01,A*02:01:01:03,A*02:01,True,A
HLA05698_HLA01218,A*02:01:54,A*02:01,A*02:43N,A*02:43N,True,A
HLA05699_HLA00043,A*11:73,A*11:73,A*11:01:01,A*11:01,True,A
HLA05700_HLA00117,A*68:64,A*68:64,A*68:02:01:01,A*68:02,True,A
HLA05700_HLA02911,A*68:64,A*68:64,A*68:02:01:03,A*68:02,True,A
HLA05701_HLA00037,A*03:105,A*03:105,A*03:01:01:01,A*03:01,True,A
HLA05701_HLA01960,A*03:105,A*03:105,A*03:01:01:03,A*03:01,True,A
HLA05702_HLA00073,A*26:53,A*26:53,A*26:01:01,A*26:01,True,A
HLA05703_HLA00040,A*03:106,A*03:106,A*03:02:01,A*03:02,True,A
HLA05704_HLA00037,A*03:107,A*03:107,A*03:01:01:01,A*03:01,True,A
HLA05704_HLA01960,A*03:107,A*03:107,A*03:01:01:03,A*03:01,True,A
HLA05705_HLA00037,A*03:108,A*03:108,A*03:01:01:01,A*03:01,True,A
HLA05705_HLA01960,A*03:108,A*03:108,A*03:01:01:03,A*03:01,True,A
HLA05706_HLA00071,A*25:01:04,A*25:01,A*25:01:01,A*25:01,True,A
HLA05707_HLA00037,A*03:109,A*03:109,A*03:01:01:01,A*03:01,True,A
HLA05707_HLA01960,A*03:109,A*03:109,A*03:01:01:03,A*03:01,True,A
HLA05708_HLA00073,A*26:54,A*26:54,A*26:01:01,A*26:01,True,A
HLA05709_HLA00073,A*26:55,A*26:55,A*26:01:01,A*26:01,True,A
HLA05710_HLA00116,A*68:65,A*68:65,A*68:01:02,A*68:01,True,A
HLA05711_HLA00043,A*11:33:02,A*11:33,A*11:01:01,A*11:01,True,A
HLA05724_HLA00037,A*03:110,A*03:110,A*03:01:01:01,A*03:01,True,A
HLA05724_HLA01960,A*03:110,A*03:110,A*03:01:01:03,A*03:01,True,A
HLA05725_HLA00001,A*01:01:24,A*01:01,A*01:01:01:01,A*01:01,True,A
HLA05725_HLA02169,A*01:01:24,A*01:01,A*01:01:01:02N,A*01:01,True,A
HLA05726_HLA00001,A*01:01:25,A*01:01,A*01:01:01:01,A*01:01,True,A
HLA05726_HLA02169,A*01:01:25,A*01:01,A*01:01:01:02N,A*01:01,True,A
HLA05727_HLA00043,A*11:01:27,A*11:01,A*11:01:01,A*11:01,True,A
HLA05729_HLA00050,A*24:149,A*24:149,A*24:02:01:01,A*24:02,True,A
HLA05729_HLA00051,A*24:149,A*24:149,A*24:02:01:02L,A*24:02,True,A
HLA05729_HLA06112,A*24:149,A*24:149,A*24:02:01:03,A*24:02,True,A
HLA05730_HLA00037,A*03:111,A*03:111,A*03:01:01:01,A*03:01,True,A
HLA05730_HLA01960,A*03:111,A*03:111,A*03:01:01:03,A*03:01,True,A
HLA05743_HLA00050,A*24:02:39,A*24:02,A*24:02:01:01,A*24:02,True,A
HLA05743_HLA00051,A*24:02:39,A*24:02,A*24:02:01:02L,A*24:02,True,A
HLA05743_HLA06112,A*24:02:39,A*24:02,A*24:02:01:03,A*24:02,True,A
HLA05744_HLA00092,A*30:04:02,A*30:04,A*30:04:01,A*30:04,True,A
HLA05794_HLA00097,A*31:45,A*31:45,A*31:01:02,A*31:01,True,A
HLA05796_HLA00043,A*11:76,A*11:76,A*11:01:01,A*11:01,True,A
HLA05797_HLA00050,A*24:151,A*24:151,A*24:02:01:01,A*24:02,True,A
HLA05797_HLA00051,A*24:151,A*24:151,A*24:02:01:02L,A*24:02,True,A
HLA05797_HLA06112,A*24:151,A*24:151,A*24:02:01:03,A*24:02,True,A
HLA05821_HLA01665,A*02:60:02,A*02:60,A*02:60:01,A*02:60,True,A
HLA05838_HLA00001,A*01:77,A*01:77,A*01:01:01:01,A*01:01,True,A
HLA05838_HLA02169,A*01:77,A*01:77,A*01:01:01:02N,A*01:01,True,A
HLA05839_HLA00101,A*32:30,A*32:30,A*32:01:01,A*32:01,True,A
HLA05869_HLA00116,A*68:66,A*68:66,A*68:01:02,A*68:01,True,A
HLA05872_HLA00043,A*11:78N,A*11:78N,A*11:01:01,A*11:01,True,A
HLA05894_HLA00001,A*01:78,A*01:78,A*01:01:01:01,A*01:01,True,A
HLA05894_HLA02169,A*01:78,A*01:78,A*01:01:01:02N,A*01:01,True,A
HLA05895_HLA00008,A*02:280,A*02:280,A*02:03:01,A*02:03,True,A
HLA05896_HLA00008,A*02:281,A*02:281,A*02:03:01,A*02:03,True,A
HLA05897_HLA00012,A*02:282,A*02:282,A*02:07:01,A*02:07,True,A
HLA05898_HLA00011,A*02:79:02,A*02:79,A*02:06:01,A*02:06,True,A
HLA05899_HLA00043,A*11:79,A*11:79,A*11:01:01,A*11:01,True,A
HLA05900_HLA00043,A*11:80,A*11:80,A*11:01:01,A*11:01,True,A
HLA05904_HLA00001,A*01:79,A*01:79,A*01:01:01:01,A*01:01,True,A
HLA05904_HLA02169,A*01:79,A*01:79,A*01:01:01:02N,A*01:01,True,A
HLA05905_HLA00086,A*29:27,A*29:27,A*29:02:01:01,A*29:02,True,A
HLA05906_HLA00001,A*01:80,A*01:80,A*01:01:01:01,A*01:01,True,A
HLA05906_HLA02169,A*01:80,A*01:80,A*01:01:01:02N,A*01:01,True,A
HLA05907_HLA00001,A*01:01:26,A*01:01,A*01:01:01:01,A*01:01,True,A
HLA05907_HLA02169,A*01:01:26,A*01:01,A*01:01:01:02N,A*01:01,True,A
HLA05915_HLA00071,A*25:14,A*25:14,A*25:01:01,A*25:01,True,A
HLA05922_HLA00050,A*24:02:41,A*24:02,A*24:02:01:01,A*24:02,True,A
HLA05922_HLA00051,A*24:02:41,A*24:02,A*24:02:01:02L,A*24:02,True,A
HLA05922_HLA06112,A*24:02:41,A*24:02,A*24:02:01:03,A*24:02,True,A
HLA05929_HLA00073,A*26:57,A*26:57,A*26:01:01,A*26:01,True,A
HLA05930_HLA00106,A*33:35,A*33:35,A*33:03:01,A*33:03,True,A
HLA05931_HLA00043,A*11:81,A*11:81,A*11:01:01,A*11:01,True,A
HLA05932_HLA00001,A*01:82,A*01:82,A*01:01:01:01,A*01:01,True,A
HLA05932_HLA02169,A*01:82,A*01:82,A*01:01:01:02N,A*01:01,True,A
HLA05933_HLA00001,A*01:01:27,A*01:01,A*01:01:01:01,A*01:01,True,A
HLA05933_HLA02169,A*01:01:27,A*01:01,A*01:01:01:02N,A*01:01,True,A
HLA05934_HLA00001,A*01:01:28,A*01:01,A*01:01:01:01,A*01:01,True,A
HLA05934_HLA02169,A*01:01:28,A*01:01,A*01:01:01:02N,A*01:01,True,A
HLA05935_HLA00040,A*03:113,A*03:113,A*03:02:01,A*03:02,True,A
HLA05936_HLA00097,A*31:47,A*31:47,A*31:01:02,A*31:01,True,A
HLA05938_HLA00117,A*68:67,A*68:67,A*68:02:01:01,A*68:02,True,A
HLA05938_HLA02911,A*68:67,A*68:67,A*68:02:01:03,A*68:02,True,A
HLA05939_HLA00043,A*11:82,A*11:82,A*11:01:01,A*11:01,True,A
HLA05940_HLA00043,A*11:83,A*11:83,A*11:01:01,A*11:01,True,A
HLA05941_HLA00073,A*26:01:19,A*26:01,A*26:01:01,A*26:01,True,A
HLA05942_HLA00109,A*34:02:02,A*34:02,A*34:02:01,A*34:02,True,A
HLA05943_HLA00071,A*25:15,A*25:15,A*25:01:01,A*25:01,True,A
HLA05944_HLA00073,A*26:01:20,A*26:01,A*26:01:01,A*26:01,True,A
HLA05945_HLA00037,A*03:114,A*03:114,A*03:01:01:01,A*03:01,True,A
HLA05945_HLA01960,A*03:114,A*03:114,A*03:01:01:03,A*03:01,True,A
HLA05946_HLA00101,A*32:01:07,A*32:01,A*32:01:01,A*32:01,True,A
HLA05948_HLA00005,A*02:283,A*02:283,A*02:01:01:01,A*02:01,True,A
HLA05948_HLA03253,A*02:283,A*02:283,A*02:01:01:03,A*02:01,True,A
HLA05948_HLA01218,A*02:283,A*02:283,A*02:43N,A*02:43N,True,A
HLA05961_HLA00115,A*68:68,A*68:68,A*68:01:01:01,A*68:01,True,A
HLA05961_HLA05918,A*68:68,A*68:68,A*68:01:01:02,A*68:01,True,A
HLA05963_HLA00005,A*02:284N,A*02:284N,A*02:01:01:01,A*02:01,True,A
HLA05963_HLA03253,A*02:284N,A*02:284N,A*02:01:01:03,A*02:01,True,A
HLA05963_HLA01218,A*02:284N,A*02:284N,A*02:43N,A*02:43N,True,A
HLA05964_HLA00005,A*02:24:02,A*02:24,A*02:01:01:01,A*02:01,True,A
HLA05964_HLA03253,A*02:24:02,A*02:24,A*02:01:01:03,A*02:01,True,A
HLA05964_HLA01218,A*02:24:02,A*02:24,A*02:43N,A*02:43N,True,A
HLA05965_HLA00106,A*33:36,A*33:36,A*33:03:01,A*33:03,True,A
HLA05967_HLA00127,A*74:15,A*74:15,A*74:01,A*74:01,True,A
HLA05967_HLA00128,A*74:15,A*74:15,A*74:02:01:01,A*74:02,True,A
HLA05967_HLA05527,A*74:15,A*74:15,A*74:02:01:02,A*74:02,True,A
HLA05968_HLA00001,A*01:01:29,A*01:01,A*01:01:01:01,A*01:01,True,A
HLA05968_HLA02169,A*01:01:29,A*01:01,A*01:01:01:02N,A*01:01,True,A
HLA05977_HLA00086,A*29:02:08,A*29:02,A*29:02:01:01,A*29:02,True,A
HLA05978_HLA00001,A*01:83:01,A*01:83,A*01:01:01:01,A*01:01,True,A
HLA05978_HLA02169,A*01:83:01,A*01:83,A*01:01:01:02N,A*01:01,True,A
HLA05979_HLA00101,A*32:01:08,A*32:01,A*32:01:01,A*32:01,True,A
HLA05980_HLA00010,A*02:05:04,A*02:05,A*02:05:01,A*02:05,True,A
HLA05984_HLA00115,A*68:21:02,A*68:21,A*68:01:01:01,A*68:01,True,A
HLA05984_HLA05918,A*68:21:02,A*68:21,A*68:01:01:02,A*68:01,True,A
HLA05985_HLA00043,A*11:84,A*11:84,A*11:01:01,A*11:01,True,A
HLA05986_HLA00116,A*68:69,A*68:69,A*68:01:02,A*68:01,True,A
HLA05987_HLA00001,A*01:84,A*01:84,A*01:01:01:01,A*01:01,True,A
HLA05987_HLA02169,A*01:84,A*01:84,A*01:01:01:02N,A*01:01,True,A
HLA05988_HLA00001,A*01:01:30,A*01:01,A*01:01:01:01,A*01:01,True,A
HLA05988_HLA02169,A*01:01:30,A*01:01,A*01:01:01:02N,A*01:01,True,A
HLA05989_HLA00001,A*01:01:31,A*01:01,A*01:01:01:01,A*01:01,True,A
HLA05989_HLA02169,A*01:01:31,A*01:01,A*01:01:01:02N,A*01:01,True,A
HLA05990_HLA00037,A*03:115,A*03:115,A*03:01:01:01,A*03:01,True,A
HLA05990_HLA01960,A*03:115,A*03:115,A*03:01:01:03,A*03:01,True,A
HLA05991_HLA00005,A*02:285,A*02:285,A*02:01:01:01,A*02:01,True,A
HLA05991_HLA03253,A*02:285,A*02:285,A*02:01:01:03,A*02:01,True,A
HLA05991_HLA01218,A*02:285,A*02:285,A*02:43N,A*02:43N,True,A
HLA06003_HLA00043,A*11:85,A*11:85,A*11:01:01,A*11:01,True,A
HLA06004_HLA00050,A*24:156,A*24:156,A*24:02:01:01,A*24:02,True,A
HLA06004_HLA00051,A*24:156,A*24:156,A*24:02:01:02L,A*24:02,True,A
HLA06004_HLA06112,A*24:156,A*24:156,A*24:02:01:03,A*24:02,True,A
HLA06005_HLA00037,A*03:23:02,A*03:23,A*03:01:01:01,A*03:01,True,A
HLA06005_HLA01960,A*03:23:02,A*03:23,A*03:01:01:03,A*03:01,True,A
HLA06006_HLA00001,A*01:85,A*01:85,A*01:01:01:01,A*01:01,True,A
HLA06006_HLA02169,A*01:85,A*01:85,A*01:01:01:02N,A*01:01,True,A
HLA06007_HLA00101,A*32:31,A*32:31,A*32:01:01,A*32:01,True,A
HLA06008_HLA00010,A*02:286,A*02:286,A*02:05:01,A*02:05,True,A
HLA06009_HLA00005,A*02:287,A*02:287,A*02:01:01:01,A*02:01,True,A
HLA06009_HLA03253,A*02:287,A*02:287,A*02:01:01:03,A*02:01,True,A
HLA06009_HLA01218,A*02:287,A*02:287,A*02:43N,A*02:43N,True,A
HLA06011_HLA00106,A*33:37,A*33:37,A*33:03:01,A*33:03,True,A
HLA06012_HLA00073,A*26:58,A*26:58,A*26:01:01,A*26:01,True,A
HLA06013_HLA00116,A*68:70,A*68:70,A*68:01:02,A*68:01,True,A
HLA06014_HLA00050,A*24:157,A*24:157,A*24:02:01:01,A*24:02,True,A
HLA06014_HLA00051,A*24:157,A*24:157,A*24:02:01:02L,A*24:02,True,A
HLA06014_HLA06112,A*24:157,A*24:157,A*24:02:01:03,A*24:02,True,A
HLA06015_HLA00048,A*23:32,A*23:32,A*23:01:01,A*23:01,True,A
HLA06016_HLA00005,A*02:288,A*02:288,A*02:01:01:01,A*02:01,True,A
HLA06016_HLA03253,A*02:288,A*02:288,A*02:01:01:03,A*02:01,True,A
HLA06016_HLA01218,A*02:288,A*02:288,A*02:43N,A*02:43N,True,A
HLA06017_HLA00005,A*02:289,A*02:289,A*02:01:01:01,A*02:01,True,A
HLA06017_HLA03253,A*02:289,A*02:289,A*02:01:01:03,A*02:01,True,A
HLA06017_HLA01218,A*02:289,A*02:289,A*02:43N,A*02:43N,True,A
HLA06018_HLA00073,A*26:59,A*26:59,A*26:01:01,A*26:01,True,A
HLA06019_HLA00011,A*02:290,A*02:290,A*02:06:01,A*02:06,True,A
HLA06020_HLA00001,A*01:01:32,A*01:01,A*01:01:01:01,A*01:01,True,A
HLA06020_HLA02169,A*01:01:32,A*01:01,A*01:01:01:02N,A*01:01,True,A
HLA06021_HLA00073,A*26:01:21,A*26:01,A*26:01:01,A*26:01,True,A
HLA06022_HLA00073,A*26:60N,A*26:60N,A*26:01:01,A*26:01,True,A
HLA06028_HLA00097,A*31:01:10,A*31:01,A*31:01:02,A*31:01,True,A
HLA06044_HLA00043,A*11:01:28,A*11:01,A*11:01:01,A*11:01,True,A
HLA06046_HLA00050,A*24:158N,A*24:158N,A*24:02:01:01,A*24:02,True,A
HLA06046_HLA00051,A*24:158N,A*24:158N,A*24:02:01:02L,A*24:02,True,A
HLA06046_HLA06112,A*24:158N,A*24:158N,A*24:02:01:03,A*24:02,True,A
HLA06064_HLA00050,A*24:159,A*24:159,A*24:02:01:01,A*24:02,True,A
HLA06064_HLA00051,A*24:159,A*24:159,A*24:02:01:02L,A*24:02,True,A
HLA06064_HLA06112,A*24:159,A*24:159,A*24:02:01:03,A*24:02,True,A
HLA06066_HLA00112,A*66:16,A*66:16,A*66:01,A*66:01,True,A
HLA06079_HLA00005,A*02:292,A*02:292,A*02:01:01:01,A*02:01,True,A
HLA06079_HLA03253,A*02:292,A*02:292,A*02:01:01:03,A*02:01,True,A
HLA06080_HLA00005,A*02:293Q,A*02:293Q,A*02:01:01:01,A*02:01,True,A
HLA06080_HLA03253,A*02:293Q,A*02:293Q,A*02:01:01:03,A*02:01,True,A
HLA06080_HLA01218,A*02:293Q,A*02:293Q,A*02:43N,A*02:43N,True,A
HLA06082_HLA00011,A*02:295,A*02:295,A*02:06:01,A*02:06,True,A
HLA06083_HLA00043,A*11:87,A*11:87,A*11:01:01,A*11:01,True,A
HLA06084_HLA00048,A*23:33,A*23:33,A*23:01:01,A*23:01,True,A
HLA06085_HLA00043,A*11:89,A*11:89,A*11:01:01,A*11:01,True,A
HLA06086_HLA00048,A*23:34,A*23:34,A*23:01:01,A*23:01,True,A
HLA06087_HLA00037,A*03:04:02,A*03:04,A*03:01:01:01,A*03:01,True,A
HLA06087_HLA01960,A*03:04:02,A*03:04,A*03:01:01:03,A*03:01,True,A
HLA06088_HLA00005,A*02:296,A*02:296,A*02:01:01:01,A*02:01,True,A
HLA06088_HLA03253,A*02:296,A*02:296,A*02:01:01:03,A*02:01,True,A
HLA06088_HLA01218,A*02:296,A*02:296,A*02:43N,A*02:43N,True,A
HLA06089_HLA00005,A*02:11:04,A*02:11,A*02:01:01:01,A*02:01,True,A
HLA06089_HLA03253,A*02:11:04,A*02:11,A*02:01:01:03,A*02:01,True,A
HLA06089_HLA01218,A*02:11:04,A*02:11,A*02:43N,A*02:43N,True,A
HLA06090_HLA00005,A*02:01:55,A*02:01,A*02:01:01:01,A*02:01,True,A
HLA06090_HLA03253,A*02:01:55,A*02:01,A*02:01:01:03,A*02:01,True,A
HLA06090_HLA01218,A*02:01:55,A*02:01,A*02:43N,A*02:43N,True,A
HLA06091_HLA00008,A*02:03:04,A*02:03,A*02:03:01,A*02:03,True,A
HLA06092_HLA00005,A*02:297,A*02:297,A*02:01:01:01,A*02:01,True,A
HLA06092_HLA03253,A*02:297,A*02:297,A*02:01:01:03,A*02:01,True,A
HLA06092_HLA01218,A*02:297,A*02:297,A*02:43N,A*02:43N,True,A
HLA06093_HLA00048,A*23:35,A*23:35,A*23:01:01,A*23:01,True,A
HLA06094_HLA00048,A*23:36,A*23:36,A*23:01:01,A*23:01,True,A
HLA06095_HLA00037,A*03:116,A*03:116,A*03:01:01:01,A*03:01,True,A
HLA06095_HLA01960,A*03:116,A*03:116,A*03:01:01:03,A*03:01,True,A
HLA06096_HLA00037,A*03:117,A*03:117,A*03:01:01:01,A*03:01,True,A
HLA06096_HLA01960,A*03:117,A*03:117,A*03:01:01:03,A*03:01,True,A
HLA06097_HLA00001,A*01:01:33,A*01:01,A*01:01:01:01,A*01:01,True,A
HLA06097_HLA02169,A*01:01:33,A*01:01,A*01:01:01:02N,A*01:01,True,A
HLA06098_HLA00005,A*02:101:02,A*02:101,A*02:01:01:01,A*02:01,True,A
HLA06098_HLA03253,A*02:101:02,A*02:101,A*02:01:01:03,A*02:01,True,A
HLA06098_HLA01218,A*02:101:02,A*02:101,A*02:43N,A*02:43N,True,A
HLA06099_HLA00005,A*02:298,A*02:298,A*02:01:01:01,A*02:01,True,A
HLA06099_HLA03253,A*02:298,A*02:298,A*02:01:01:03,A*02:01,True,A
HLA06099_HLA01218,A*02:298,A*02:298,A*02:43N,A*02:43N,True,A
HLA06100_HLA00043,A*11:90,A*11:90,A*11:01:01,A*11:01,True,A
HLA06101_HLA00043,A*11:91,A*11:91,A*11:01:01,A*11:01,True,A
HLA06102_HLA00005,A*02:11:03,A*02:11,A*02:01:01:01,A*02:01,True,A
HLA06102_HLA03253,A*02:11:03,A*02:11,A*02:01:01:03,A*02:01,True,A
HLA06102_HLA01218,A*02:11:03,A*02:11,A*02:43N,A*02:43N,True,A
HLA06103_HLA00001,A*01:01:34,A*01:01,A*01:01:01:01,A*01:01,True,A
HLA06103_HLA02169,A*01:01:34,A*01:01,A*01:01:01:02N,A*01:01,True,A
HLA06104_HLA00043,A*11:92,A*11:92,A*11:01:01,A*11:01,True,A
HLA06105_HLA00010,A*02:05:05,A*02:05,A*02:05:01,A*02:05,True,A
HLA06106_HLA00005,A*02:299,A*02:299,A*02:01:01:01,A*02:01,True,A
HLA06106_HLA03253,A*02:299,A*02:299,A*02:01:01:03,A*02:01,True,A
HLA06106_HLA01218,A*02:299,A*02:299,A*02:43N,A*02:43N,True,A
HLA06107_HLA00043,A*11:93,A*11:93,A*11:01:01,A*11:01,True,A
HLA06108_HLA00015,A*02:300,A*02:300,A*02:10,A*02:10,True,A
HLA06108_HLA01609,A*02:300,A*02:300,A*02:57,A*02:57,True,A
HLA06109_HLA00005,A*02:301N,A*02:301N,A*02:01:01:01,A*02:01,True,A
HLA06109_HLA03253,A*02:301N,A*02:301N,A*02:01:01:03,A*02:01,True,A
HLA06110_HLA00043,A*11:88,A*11:88,A*11:01:01,A*11:01,True,A
HLA06111_HLA00050,A*24:160,A*24:160,A*24:02:01:01,A*24:02,True,A
HLA06111_HLA00051,A*24:160,A*24:160,A*24:02:01:02L,A*24:02,True,A
HLA06111_HLA06112,A*24:160,A*24:160,A*24:02:01:03,A*24:02,True,A
HLA06113_HLA00050,A*24:161,A*24:161,A*24:02:01:01,A*24:02,True,A
HLA06113_HLA00051,A*24:161,A*24:161,A*24:02:01:02L,A*24:02,True,A
HLA06113_HLA06112,A*24:161,A*24:161,A*24:02:01:03,A*24:02,True,A
HLA06114_HLA00050,A*24:02:42,A*24:02,A*24:02:01:01,A*24:02,True,A
HLA06114_HLA00051,A*24:02:42,A*24:02,A*24:02:01:02L,A*24:02,True,A
HLA06114_HLA06112,A*24:02:42,A*24:02,A*24:02:01:03,A*24:02,True,A
HLA06115_HLA00050,A*24:162,A*24:162,A*24:02:01:01,A*24:02,True,A
HLA06115_HLA00051,A*24:162,A*24:162,A*24:02:01:02L,A*24:02,True,A
HLA06115_HLA06112,A*24:162,A*24:162,A*24:02:01:03,A*24:02,True,A
HLA06119_HLA00050,A*24:164,A*24:164,A*24:02:01:01,A*24:02,True,A
HLA06119_HLA00051,A*24:164,A*24:164,A*24:02:01:02L,A*24:02,True,A
HLA06119_HLA06112,A*24:164,A*24:164,A*24:02:01:03,A*24:02,True,A
HLA06151_HLA00085,A*29:28,A*29:28,A*29:01:01:01,A*29:01,True,A
HLA06151_HLA01406,A*29:28,A*29:28,A*29:01:01:02N,A*29:01,True,A
HLA06153_HLA00106,A*33:40,A*33:40,A*33:03:01,A*33:03,True,A
HLA06181_HLA00106,A*33:41,A*33:41,A*33:03:01,A*33:03,True,A
HLA06188_HLA00097,A*31:49,A*31:49,A*31:01:02,A*31:01,True,A
HLA06189_HLA00106,A*33:42,A*33:42,A*33:03:01,A*33:03,True,A
HLA06190_HLA00071,A*25:16,A*25:16,A*25:01:01,A*25:01,True,A
HLA06191_HLA00073,A*26:61,A*26:61,A*26:01:01,A*26:01,True,A
HLA06192_HLA00115,A*68:01:10,A*68:01,A*68:01:01:01,A*68:01,True,A
HLA06192_HLA05918,A*68:01:10,A*68:01,A*68:01:01:02,A*68:01,True,A
HLA06193_HLA00090,A*30:47,A*30:47,A*30:02:01,A*30:02,True,A
HLA06194_HLA00089,A*30:48,A*30:48,A*30:01:01,A*30:01,True,A
HLA06195_HLA00089,A*30:49,A*30:49,A*30:01:01,A*30:01,True,A
HLA06196_HLA00050,A*24:165,A*24:165,A*24:02:01:01,A*24:02,True,A
HLA06196_HLA00051,A*24:165,A*24:165,A*24:02:01:02L,A*24:02,True,A
HLA06196_HLA06112,A*24:165,A*24:165,A*24:02:01:03,A*24:02,True,A
HLA06197_HLA00050,A*24:166,A*24:166,A*24:02:01:01,A*24:02,True,A
HLA06197_HLA00051,A*24:166,A*24:166,A*24:02:01:02L,A*24:02,True,A
HLA06197_HLA06112,A*24:166,A*24:166,A*24:02:01:03,A*24:02,True,A
HLA06198_HLA00106,A*33:03:07,A*33:03,A*33:03:01,A*33:03,True,A
HLA06199_HLA00104,A*33:01:06,A*33:01,A*33:01:01,A*33:01,True,A
HLA06200_HLA00115,A*68:72,A*68:72,A*68:01:01:01,A*68:01,True,A
HLA06200_HLA05918,A*68:72,A*68:72,A*68:01:01:02,A*68:01,True,A
HLA06201_HLA00090,A*30:50,A*30:50,A*30:02:01,A*30:02,True,A
HLA06202_HLA00053,A*24:167,A*24:167,A*24:03:01,A*24:03,True,A
HLA06203_HLA00050,A*24:168,A*24:168,A*24:02:01:01,A*24:02,True,A
HLA06203_HLA00051,A*24:168,A*24:168,A*24:02:01:02L,A*24:02,True,A
HLA06203_HLA06112,A*24:168,A*24:168,A*24:02:01:03,A*24:02,True,A
HLA06204_HLA00106,A*33:03:08,A*33:03,A*33:03:01,A*33:03,True,A
HLA06205_HLA00073,A*26:62,A*26:62,A*26:01:01,A*26:01,True,A
HLA06206_HLA00090,A*30:51,A*30:51,A*30:02:01,A*30:02,True,A
HLA06207_HLA00050,A*24:169,A*24:169,A*24:02:01:01,A*24:02,True,A
HLA06207_HLA00051,A*24:169,A*24:169,A*24:02:01:02L,A*24:02,True,A
HLA06207_HLA06112,A*24:169,A*24:169,A*24:02:01:03,A*24:02,True,A
HLA06208_HLA00050,A*24:170,A*24:170,A*24:02:01:01,A*24:02,True,A
HLA06208_HLA00051,A*24:170,A*24:170,A*24:02:01:02L,A*24:02,True,A
HLA06208_HLA06112,A*24:170,A*24:170,A*24:02:01:03,A*24:02,True,A
HLA06209_HLA00073,A*26:63,A*26:63,A*26:01:01,A*26:01,True,A
HLA06279_HLA00073,A*26:64,A*26:64,A*26:01:01,A*26:01,True,A
HLA06283_HLA00073,A*26:65,A*26:65,A*26:01:01,A*26:01,True,A
HLA06291_HLA00050,A*24:171,A*24:171,A*24:02:01:01,A*24:02,True,A
HLA06291_HLA00051,A*24:171,A*24:171,A*24:02:01:02L,A*24:02,True,A
HLA06291_HLA06112,A*24:171,A*24:171,A*24:02:01:03,A*24:02,True,A
HLA06328_HLA00037,A*03:01:24,A*03:01,A*03:01:01:01,A*03:01,True,A
HLA06328_HLA01960,A*03:01:24,A*03:01,A*03:01:01:03,A*03:01,True,A
HLA06329_HLA00001,A*01:01:35,A*01:01,A*01:01:01:01,A*01:01,True,A
HLA06329_HLA02169,A*01:01:35,A*01:01,A*01:01:01:02N,A*01:01,True,A
HLA06330_HLA00106,A*33:43,A*33:43,A*33:03:01,A*33:03,True,A
HLA06331_HLA00043,A*11:01:29,A*11:01,A*11:01:01,A*11:01,True,A
HLA06332_HLA00043,A*11:94,A*11:94,A*11:01:01,A*11:01,True,A
HLA06333_HLA00050,A*24:172,A*24:172,A*24:02:01:01,A*24:02,True,A
HLA06333_HLA00051,A*24:172,A*24:172,A*24:02:01:02L,A*24:02,True,A
HLA06333_HLA06112,A*24:172,A*24:172,A*24:02:01:03,A*24:02,True,A
HLA06334_HLA00101,A*32:32,A*32:32,A*32:01:01,A*32:01,True,A
HLA06335_HLA00101,A*32:01:09,A*32:01,A*32:01:01,A*32:01,True,A
HLA06336_HLA00005,A*02:302,A*02:302,A*02:01:01:01,A*02:01,True,A
HLA06336_HLA03253,A*02:302,A*02:302,A*02:01:01:03,A*02:01,True,A
HLA06336_HLA01218,A*02:302,A*02:302,A*02:43N,A*02:43N,True,A
HLA06337_HLA00097,A*31:50,A*31:50,A*31:01:02,A*31:01,True,A
HLA06338_HLA00071,A*25:01:05,A*25:01,A*25:01:01,A*25:01,True,A
HLA06339_HLA00043,A*11:95,A*11:95,A*11:01:01,A*11:01,True,A
HLA06340_HLA00116,A*68:73,A*68:73,A*68:01:02,A*68:01,True,A
HLA06341_HLA00001,A*01:86,A*01:86,A*01:01:01:01,A*01:01,True,A
HLA06341_HLA02169,A*01:86,A*01:86,A*01:01:01:02N,A*01:01,True,A
HLA06342_HLA00005,A*02:303,A*02:303,A*02:01:01:01,A*02:01,True,A
HLA06342_HLA03253,A*02:303,A*02:303,A*02:01:01:03,A*02:01,True,A
HLA06342_HLA01218,A*02:303,A*02:303,A*02:43N,A*02:43N,True,A
HLA06342_HLA01609,A*02:303,A*02:303,A*02:57,A*02:57,True,A
HLA06343_HLA00117,A*68:74,A*68:74,A*68:02:01:01,A*68:02,True,A
HLA06343_HLA02911,A*68:74,A*68:74,A*68:02:01:03,A*68:02,True,A
HLA06344_HLA00043,A*11:96,A*11:96,A*11:01:01,A*11:01,True,A
HLA06345_HLA00037,A*03:01:25,A*03:01,A*03:01:01:01,A*03:01,True,A
HLA06345_HLA01960,A*03:01:25,A*03:01,A*03:01:01:03,A*03:01,True,A
HLA06346_HLA05801,A*02:304,A*02:304,A*02:279,A*02:279,True,A
HLA06347_HLA00005,A*02:01:56,A*02:01,A*02:01:01:01,A*02:01,True,A
HLA06347_HLA03253,A*02:01:56,A*02:01,A*02:01:01:03,A*02:01,True,A
HLA06347_HLA01218,A*02:01:56,A*02:01,A*02:43N,A*02:43N,True,A
HLA06348_HLA00073,A*26:66,A*26:66,A*26:01:01,A*26:01,True,A
HLA06349_HLA00116,A*68:75:01,A*68:75,A*68:01:02,A*68:01,True,A
HLA06350_HLA00048,A*23:37:01,A*23:37,A*23:01:01,A*23:01,True,A
HLA06351_HLA00037,A*03:01:26,A*03:01,A*03:01:01:01,A*03:01,True,A
HLA06351_HLA01960,A*03:01:26,A*03:01,A*03:01:01:03,A*03:01,True,A
HLA06361_HLA00043,A*11:97,A*11:97,A*11:01:01,A*11:01,True,A
HLA06367_HLA00043,A*11:98,A*11:98,A*11:01:01,A*11:01,True,A
HLA06371_HLA00101,A*32:33:01,A*32:33,A*32:01:01,A*32:01,True,A
HLA06375_HLA00043,A*11:99N,A*11:99N,A*11:01:01,A*11:01,True,A
HLA06378_HLA00101,A*32:34,A*32:34,A*32:01:01,A*32:01,True,A
HLA06379_HLA00050,A*24:02:45,A*24:02,A*24:02:01:01,A*24:02,True,A
HLA06379_HLA00051,A*24:02:45,A*24:02,A*24:02:01:02L,A*24:02,True,A
HLA06379_HLA06112,A*24:02:45,A*24:02,A*24:02:01:03,A*24:02,True,A
HLA06520_HLA00044,A*11:101,A*11:101,A*11:02:01,A*11:02,True,A
HLA06526_HLA00005,A*02:217:02,A*02:217,A*02:01:01:01,A*02:01,True,A
HLA06526_HLA03253,A*02:217:02,A*02:217,A*02:01:01:03,A*02:01,True,A
HLA06537_HLA00116,A*68:76,A*68:76,A*68:01:02,A*68:01,True,A
HLA06538_HLA00050,A*24:02:46,A*24:02,A*24:02:01:01,A*24:02,True,A
HLA06538_HLA00051,A*24:02:46,A*24:02,A*24:02:01:02L,A*24:02,True,A
HLA06538_HLA06112,A*24:02:46,A*24:02,A*24:02:01:03,A*24:02,True,A
HLA06539_HLA00101,A*32:01:10,A*32:01,A*32:01:01,A*32:01,True,A
HLA06540_HLA00117,A*68:77,A*68:77,A*68:02:01:01,A*68:02,True,A
HLA06540_HLA02911,A*68:77,A*68:77,A*68:02:01:03,A*68:02,True,A
HLA06541_HLA00117,A*68:78,A*68:78,A*68:02:01:01,A*68:02,True,A
HLA06541_HLA02911,A*68:78,A*68:78,A*68:02:01:03,A*68:02,True,A
HLA06542_HLA00073,A*26:67,A*26:67,A*26:01:01,A*26:01,True,A
HLA06543_HLA00089,A*30:52,A*30:52,A*30:01:01,A*30:01,True,A
HLA06544_HLA00050,A*24:02:47,A*24:02,A*24:02:01:01,A*24:02,True,A
HLA06544_HLA00051,A*24:02:47,A*24:02,A*24:02:01:02L,A*24:02,True,A
HLA06544_HLA06112,A*24:02:47,A*24:02,A*24:02:01:03,A*24:02,True,A
HLA06545_HLA00050,A*24:173,A*24:173,A*24:02:01:01,A*24:02,True,A
HLA06545_HLA00051,A*24:173,A*24:173,A*24:02:01:02L,A*24:02,True,A
HLA06545_HLA06112,A*24:173,A*24:173,A*24:02:01:03,A*24:02,True,A
HLA06546_HLA00050,A*24:174,A*24:174,A*24:02:01:01,A*24:02,True,A
HLA06546_HLA00051,A*24:174,A*24:174,A*24:02:01:02L,A*24:02,True,A
HLA06546_HLA06112,A*24:174,A*24:174,A*24:02:01:03,A*24:02,True,A
HLA06547_HLA00048,A*23:39,A*23:39,A*23:01:01,A*23:01,True,A
HLA06548_HLA00001,A*01:01:36,A*01:01,A*01:01:01:01,A*01:01,True,A
HLA06548_HLA02169,A*01:01:36,A*01:01,A*01:01:01:02N,A*01:01,True,A
HLA06549_HLA00001,A*01:88,A*01:88,A*01:01:01:01,A*01:01,True,A
HLA06549_HLA02169,A*01:88,A*01:88,A*01:01:01:02N,A*01:01,True,A
HLA06550_HLA00037,A*03:119,A*03:119,A*03:01:01:01,A*03:01,True,A
HLA06550_HLA01960,A*03:119,A*03:119,A*03:01:01:03,A*03:01,True,A
HLA06551_HLA00037,A*03:120,A*03:120,A*03:01:01:01,A*03:01,True,A
HLA06551_HLA01960,A*03:120,A*03:120,A*03:01:01:03,A*03:01,True,A
HLA06552_HLA00101,A*32:35,A*32:35,A*32:01:01,A*32:01,True,A
HLA06553_HLA00086,A*29:29,A*29:29,A*29:02:01:01,A*29:02,True,A
HLA06554_HLA00073,A*26:68,A*26:68,A*26:01:01,A*26:01,True,A
HLA06555_HLA00043,A*11:103,A*11:103,A*11:01:01,A*11:01,True,A
HLA06556_HLA00050,A*24:175,A*24:175,A*24:02:01:01,A*24:02,True,A
HLA06556_HLA00051,A*24:175,A*24:175,A*24:02:01:02L,A*24:02,True,A
HLA06556_HLA06112,A*24:175,A*24:175,A*24:02:01:03,A*24:02,True,A
HLA06557_HLA00050,A*24:176,A*24:176,A*24:02:01:01,A*24:02,True,A
HLA06557_HLA00051,A*24:176,A*24:176,A*24:02:01:02L,A*24:02,True,A
HLA06557_HLA06112,A*24:176,A*24:176,A*24:02:01:03,A*24:02,True,A
HLA06558_HLA00001,A*01:89,A*01:89,A*01:01:01:01,A*01:01,True,A
HLA06558_HLA02169,A*01:89,A*01:89,A*01:01:01:02N,A*01:01,True,A
HLA06559_HLA00037,A*03:121,A*03:121,A*03:01:01:01,A*03:01,True,A
HLA06559_HLA01960,A*03:121,A*03:121,A*03:01:01:03,A*03:01,True,A
HLA06560_HLA00037,A*03:122,A*03:122,A*03:01:01:01,A*03:01,True,A
HLA06560_HLA01960,A*03:122,A*03:122,A*03:01:01:03,A*03:01,True,A
HLA06561_HLA00001,A*01:90,A*01:90,A*01:01:01:01,A*01:01,True,A
HLA06561_HLA02169,A*01:90,A*01:90,A*01:01:01:02N,A*01:01,True,A
HLA06562_HLA00037,A*03:01:28,A*03:01,A*03:01:01:01,A*03:01,True,A
HLA06562_HLA01960,A*03:01:28,A*03:01,A*03:01:01:03,A*03:01,True,A
HLA06563_HLA00001,A*01:01:37,A*01:01,A*01:01:01:01,A*01:01,True,A
HLA06563_HLA02169,A*01:01:37,A*01:01,A*01:01:01:02N,A*01:01,True,A
HLA06564_HLA00005,A*02:306,A*02:306,A*02:01:01:01,A*02:01,True,A
HLA06564_HLA03253,A*02:306,A*02:306,A*02:01:01:03,A*02:01,True,A
HLA06564_HLA01218,A*02:306,A*02:306,A*02:43N,A*02:43N,True,A
HLA06565_HLA00005,A*02:307,A*02:307,A*02:01:01:01,A*02:01,True,A
HLA06565_HLA03253,A*02:307,A*02:307,A*02:01:01:03,A*02:01,True,A
HLA06565_HLA01218,A*02:307,A*02:307,A*02:43N,A*02:43N,True,A
HLA06566_HLA00005,A*02:308,A*02:308,A*02:01:01:01,A*02:01,True,A
HLA06566_HLA03253,A*02:308,A*02:308,A*02:01:01:03,A*02:01,True,A
HLA06566_HLA01218,A*02:308,A*02:308,A*02:43N,A*02:43N,True,A
HLA06567_HLA00005,A*02:01:57,A*02:01,A*02:01:01:01,A*02:01,True,A
HLA06567_HLA03253,A*02:01:57,A*02:01,A*02:01:01:03,A*02:01,True,A
HLA06567_HLA01218,A*02:01:57,A*02:01,A*02:43N,A*02:43N,True,A
HLA06568_HLA00050,A*24:177,A*24:177,A*24:02:01:01,A*24:02,True,A
HLA06568_HLA00051,A*24:177,A*24:177,A*24:02:01:02L,A*24:02,True,A
HLA06568_HLA06112,A*24:177,A*24:177,A*24:02:01:03,A*24:02,True,A
HLA06569_HLA00001,A*01:91,A*01:91,A*01:01:01:01,A*01:01,True,A
HLA06569_HLA02169,A*01:91,A*01:91,A*01:01:01:02N,A*01:01,True,A
HLA06570_HLA00001,A*01:92,A*01:92,A*01:01:01:01,A*01:01,True,A
HLA06570_HLA02169,A*01:92,A*01:92,A*01:01:01:02N,A*01:01,True,A
HLA06571_HLA00001,A*01:93,A*01:93,A*01:01:01:01,A*01:01,True,A
HLA06571_HLA02169,A*01:93,A*01:93,A*01:01:01:02N,A*01:01,True,A
HLA06572_HLA01778,A*02:309,A*02:309,A*02:65,A*02:65,True,A
HLA06573_HLA00005,A*02:01:58,A*02:01,A*02:01:01:01,A*02:01,True,A
HLA06573_HLA03253,A*02:01:58,A*02:01,A*02:01:01:03,A*02:01,True,A
HLA06573_HLA01218,A*02:01:58,A*02:01,A*02:43N,A*02:43N,True,A
HLA06576_HLA00011,A*02:310,A*02:310,A*02:06:01,A*02:06,True,A
HLA06577_HLA00048,A*23:40,A*23:40,A*23:01:01,A*23:01,True,A
HLA06657_HLA00005,A*02:01:59,A*02:01,A*02:01:01:01,A*02:01,True,A
HLA06657_HLA03253,A*02:01:59,A*02:01,A*02:01:01:03,A*02:01,True,A
HLA06661_HLA00005,A*02:01:60,A*02:01,A*02:01:01:01,A*02:01,True,A
HLA06661_HLA03253,A*02:01:60,A*02:01,A*02:01:01:03,A*02:01,True,A
HLA06661_HLA01218,A*02:01:60,A*02:01,A*02:43N,A*02:43N,True,A
HLA06663_HLA00005,A*02:311,A*02:311,A*02:01:01:01,A*02:01,True,A
HLA06663_HLA03253,A*02:311,A*02:311,A*02:01:01:03,A*02:01,True,A
HLA06663_HLA01218,A*02:311,A*02:311,A*02:43N,A*02:43N,True,A
HLA06738_HLA00106,A*33:45,A*33:45,A*33:03:01,A*33:03,True,A
HLA06739_HLA00117,A*68:80,A*68:80,A*68:02:01:01,A*68:02,True,A
HLA06739_HLA02911,A*68:80,A*68:80,A*68:02:01:03,A*68:02,True,A
HLA06740_HLA00043,A*11:01:30,A*11:01,A*11:01:01,A*11:01,True,A
HLA06741_HLA00043,A*11:104,A*11:104,A*11:01:01,A*11:01,True,A
HLA06742_HLA00089,A*30:53,A*30:53,A*30:01:01,A*30:01,True,A
HLA06743_HLA00089,A*30:01:05,A*30:01,A*30:01:01,A*30:01,True,A
HLA06744_HLA00050,A*24:178,A*24:178,A*24:02:01:01,A*24:02,True,A
HLA06744_HLA00051,A*24:178,A*24:178,A*24:02:01:02L,A*24:02,True,A
HLA06744_HLA06112,A*24:178,A*24:178,A*24:02:01:03,A*24:02,True,A
HLA06745_HLA00001,A*01:01:39,A*01:01,A*01:01:01:01,A*01:01,True,A
HLA06745_HLA02169,A*01:01:39,A*01:01,A*01:01:01:02N,A*01:01,True,A
HLA06746_HLA00037,A*03:01:29,A*03:01,A*03:01:01:01,A*03:01,True,A
HLA06746_HLA01960,A*03:01:29,A*03:01,A*03:01:01:03,A*03:01,True,A
HLA06747_HLA00005,A*02:312,A*02:312,A*02:01:01:01,A*02:01,True,A
HLA06747_HLA03253,A*02:312,A*02:312,A*02:01:01:03,A*02:01,True,A
HLA06747_HLA01218,A*02:312,A*02:312,A*02:43N,A*02:43N,True,A
HLA06748_HLA00115,A*68:79,A*68:79,A*68:01:01:01,A*68:01,True,A
HLA06748_HLA05918,A*68:79,A*68:79,A*68:01:01:02,A*68:01,True,A
HLA06749_HLA00089,A*30:54,A*30:54,A*30:01:01,A*30:01,True,A
HLA06750_HLA00050,A*24:02:48,A*24:02,A*24:02:01:01,A*24:02,True,A
HLA06750_HLA00051,A*24:02:48,A*24:02,A*24:02:01:02L,A*24:02,True,A
HLA06750_HLA06112,A*24:02:48,A*24:02,A*24:02:01:03,A*24:02,True,A
HLA06751_HLA00050,A*24:179,A*24:179,A*24:02:01:01,A*24:02,True,A
HLA06751_HLA00051,A*24:179,A*24:179,A*24:02:01:02L,A*24:02,True,A
HLA06751_HLA06112,A*24:179,A*24:179,A*24:02:01:03,A*24:02,True,A
HLA06752_HLA00050,A*24:180,A*24:180,A*24:02:01:01,A*24:02,True,A
HLA06752_HLA00051,A*24:180,A*24:180,A*24:02:01:02L,A*24:02,True,A
HLA06752_HLA06112,A*24:180,A*24:180,A*24:02:01:03,A*24:02,True,A
HLA06753_HLA00037,A*03:124,A*03:124,A*03:01:01:01,A*03:01,True,A
HLA06753_HLA01960,A*03:124,A*03:124,A*03:01:01:03,A*03:01,True,A
HLA06755_HLA00037,A*03:125,A*03:125,A*03:01:01:01,A*03:01,True,A
HLA06755_HLA01960,A*03:125,A*03:125,A*03:01:01:03,A*03:01,True,A
HLA06756_HLA00040,A*03:02:02,A*03:02,A*03:02:01,A*03:02,True,A
HLA06757_HLA00101,A*32:01:11,A*32:01,A*32:01:01,A*32:01,True,A
HLA06758_HLA00005,A*02:313,A*02:313,A*02:01:01:01,A*02:01,True,A
HLA06758_HLA03253,A*02:313,A*02:313,A*02:01:01:03,A*02:01,True,A
HLA06758_HLA01218,A*02:313,A*02:313,A*02:43N,A*02:43N,True,A
HLA06759_HLA00005,A*02:314N,A*02:314N,A*02:01:01:01,A*02:01,True,A
HLA06759_HLA03253,A*02:314N,A*02:314N,A*02:01:01:03,A*02:01,True,A
HLA06759_HLA01218,A*02:314N,A*02:314N,A*02:43N,A*02:43N,True,A
HLA06760_HLA00008,A*02:315,A*02:315,A*02:03:01,A*02:03,True,A
HLA06761_HLA00106,A*33:46,A*33:46,A*33:03:01,A*33:03,True,A
HLA06762_HLA00048,A*23:01:06,A*23:01,A*23:01:01,A*23:01,True,A
HLA06763_HLA00048,A*23:41,A*23:41,A*23:01:01,A*23:01,True,A
HLA06764_HLA00001,A*01:94,A*01:94,A*01:01:01:01,A*01:01,True,A
HLA06764_HLA02169,A*01:94,A*01:94,A*01:01:01:02N,A*01:01,True,A
HLA06765_HLA00001,A*01:95,A*01:95,A*01:01:01:01,A*01:01,True,A
HLA06765_HLA02169,A*01:95,A*01:95,A*01:01:01:02N,A*01:01,True,A
HLA06766_HLA00037,A*03:01:30,A*03:01,A*03:01:01:01,A*03:01,True,A
HLA06766_HLA01960,A*03:01:30,A*03:01,A*03:01:01:03,A*03:01,True,A
HLA06767_HLA00005,A*02:316,A*02:316,A*02:01:01:01,A*02:01,True,A
HLA06767_HLA03253,A*02:316,A*02:316,A*02:01:01:03,A*02:01,True,A
HLA06767_HLA01218,A*02:316,A*02:316,A*02:43N,A*02:43N,True,A
HLA06768_HLA00005,A*02:01:61,A*02:01,A*02:01:01:01,A*02:01,True,A
HLA06768_HLA03253,A*02:01:61,A*02:01,A*02:01:01:03,A*02:01,True,A
HLA06768_HLA01218,A*02:01:61,A*02:01,A*02:43N,A*02:43N,True,A
HLA06771_HLA00037,A*03:123:01,A*03:123,A*03:01:01:01,A*03:01,True,A
HLA06771_HLA01960,A*03:123:01,A*03:123,A*03:01:01:03,A*03:01,True,A
HLA06772_HLA00037,A*03:01:31,A*03:01,A*03:01:01:01,A*03:01,True,A
HLA06772_HLA01960,A*03:01:31,A*03:01,A*03:01:01:03,A*03:01,True,A
HLA06779_HLA00005,A*02:01:62,A*02:01,A*02:01:01:01,A*02:01,True,A
HLA06779_HLA03253,A*02:01:62,A*02:01,A*02:01:01:03,A*02:01,True,A
HLA06779_HLA01218,A*02:01:62,A*02:01,A*02:43N,A*02:43N,True,A
HLA06780_HLA00005,A*02:211:02,A*02:211,A*02:01:01:01,A*02:01,True,A
HLA06780_HLA03253,A*02:211:02,A*02:211,A*02:01:01:03,A*02:01,True,A
HLA06780_HLA01218,A*02:211:02,A*02:211,A*02:43N,A*02:43N,True,A
HLA06781_HLA00048,A*23:01:07,A*23:01,A*23:01:01,A*23:01,True,A
HLA06782_HLA00097,A*31:51,A*31:51,A*31:01:02,A*31:01,True,A
HLA06783_HLA00086,A*29:30,A*29:30,A*29:02:01:01,A*29:02,True,A
HLA06784_HLA00073,A*26:01:22,A*26:01,A*26:01:01,A*26:01,True,A
HLA06785_HLA00048,A*23:42,A*23:42,A*23:01:01,A*23:01,True,A
HLA06786_HLA00001,A*01:01:40,A*01:01,A*01:01:01:01,A*01:01,True,A
HLA06786_HLA02169,A*01:01:40,A*01:01,A*01:01:01:02N,A*01:01,True,A
HLA06787_HLA00001,A*01:96,A*01:96,A*01:01:01:01,A*01:01,True,A
HLA06787_HLA02169,A*01:96,A*01:96,A*01:01:01:02N,A*01:01,True,A
HLA06788_HLA00037,A*03:126,A*03:126,A*03:01:01:01,A*03:01,True,A
HLA06788_HLA01960,A*03:126,A*03:126,A*03:01:01:03,A*03:01,True,A
HLA06789_HLA00101,A*32:36,A*32:36,A*32:01:01,A*32:01,True,A
HLA06790_HLA00001,A*01:01:41,A*01:01,A*01:01:01:01,A*01:01,True,A
HLA06790_HLA02169,A*01:01:41,A*01:01,A*01:01:01:02N,A*01:01,True,A
HLA06791_HLA00005,A*02:01:63,A*02:01,A*02:01:01:01,A*02:01,True,A
HLA06791_HLA03253,A*02:01:63,A*02:01,A*02:01:01:03,A*02:01,True,A
HLA06791_HLA01218,A*02:01:63,A*02:01,A*02:43N,A*02:43N,True,A
HLA06792_HLA00005,A*02:317,A*02:317,A*02:01:01:01,A*02:01,True,A
HLA06792_HLA03253,A*02:317,A*02:317,A*02:01:01:03,A*02:01,True,A
HLA06792_HLA01218,A*02:317,A*02:317,A*02:43N,A*02:43N,True,A
HLA06793_HLA00050,A*24:181,A*24:181,A*24:02:01:01,A*24:02,True,A
HLA06793_HLA00051,A*24:181,A*24:181,A*24:02:01:02L,A*24:02,True,A
HLA06793_HLA06112,A*24:181,A*24:181,A*24:02:01:03,A*24:02,True,A
HLA06794_HLA00097,A*31:52,A*31:52,A*31:01:02,A*31:01,True,A
HLA06795_HLA00086,A*29:02:09,A*29:02,A*29:02:01:01,A*29:02,True,A
HLA06796_HLA00117,A*68:81,A*68:81,A*68:02:01:01,A*68:02,True,A
HLA06796_HLA02911,A*68:81,A*68:81,A*68:02:01:03,A*68:02,True,A
HLA06797_HLA00043,A*11:106,A*11:106,A*11:01:01,A*11:01,True,A
HLA06798_HLA00048,A*23:43,A*23:43,A*23:01:01,A*23:01,True,A
HLA06799_HLA00001,A*01:97,A*01:97,A*01:01:01:01,A*01:01,True,A
HLA06799_HLA02169,A*01:97,A*01:97,A*01:01:01:02N,A*01:01,True,A
HLA06800_HLA00001,A*01:98,A*01:98,A*01:01:01:01,A*01:01,True,A
HLA06800_HLA02169,A*01:98,A*01:98,A*01:01:01:02N,A*01:01,True,A
HLA06801_HLA00001,A*01:99,A*01:99,A*01:01:01:01,A*01:01,True,A
HLA06801_HLA02169,A*01:99,A*01:99,A*01:01:01:02N,A*01:01,True,A
HLA06802_HLA00001,A*01:100,A*01:100,A*01:01:01:01,A*01:01,True,A
HLA06802_HLA02169,A*01:100,A*01:100,A*01:01:01:02N,A*01:01,True,A
HLA06803_HLA00001,A*01:01:42,A*01:01,A*01:01:01:01,A*01:01,True,A
HLA06803_HLA02169,A*01:01:42,A*01:01,A*01:01:01:02N,A*01:01,True,A
HLA06804_HLA00037,A*03:127,A*03:127,A*03:01:01:01,A*03:01,True,A
HLA06804_HLA01960,A*03:127,A*03:127,A*03:01:01:03,A*03:01,True,A
HLA06805_HLA00005,A*02:318,A*02:318,A*02:01:01:01,A*02:01,True,A
HLA06805_HLA03253,A*02:318,A*02:318,A*02:01:01:03,A*02:01,True,A
HLA06805_HLA01218,A*02:318,A*02:318,A*02:43N,A*02:43N,True,A
HLA06806_HLA00117,A*68:82,A*68:82,A*68:02:01:01,A*68:02,True,A
HLA06806_HLA02911,A*68:82,A*68:82,A*68:02:01:03,A*68:02,True,A
HLA06807_HLA00043,A*11:01:31,A*11:01,A*11:01:01,A*11:01,True,A
HLA06808_HLA00073,A*26:69,A*26:69,A*26:01:01,A*26:01,True,A
HLA06809_HLA00043,A*11:105,A*11:105,A*11:01:01,A*11:01,True,A
HLA06810_HLA00050,A*24:02:49,A*24:02,A*24:02:01:01,A*24:02,True,A
HLA06810_HLA00051,A*24:02:49,A*24:02,A*24:02:01:02L,A*24:02,True,A
HLA06810_HLA06112,A*24:02:49,A*24:02,A*24:02:01:03,A*24:02,True,A
HLA06811_HLA00048,A*23:44,A*23:44,A*23:01:01,A*23:01,True,A
HLA06812_HLA00050,A*24:182,A*24:182,A*24:02:01:01,A*24:02,True,A
HLA06812_HLA00051,A*24:182,A*24:182,A*24:02:01:02L,A*24:02,True,A
HLA06812_HLA06112,A*24:182,A*24:182,A*24:02:01:03,A*24:02,True,A
HLA06813_HLA02057,A*01:101,A*01:101,A*01:11N,A*01:11N,True,A
HLA06817_HLA00106,A*33:47,A*33:47,A*33:03:01,A*33:03,True,A
HLA06819_HLA00097,A*31:53,A*31:53,A*31:01:02,A*31:01,True,A
HLA06821_HLA00012,A*02:319,A*02:319,A*02:07:01,A*02:07,True,A
HLA06829_HLA00086,A*29:31,A*29:31,A*29:02:01:01,A*29:02,True,A
HLA06832_HLA00007,A*02:320,A*02:320,A*02:02,A*02:02,True,A
HLA06833_HLA00089,A*30:55,A*30:55,A*30:01:01,A*30:01,True,A
HLA06836_HLA00116,A*68:83,A*68:83,A*68:01:02,A*68:01,True,A
HLA06837_HLA00097,A*31:54,A*31:54,A*31:01:02,A*31:01,True,A
HLA06838_HLA00048,A*23:45,A*23:45,A*23:01:01,A*23:01,True,A
HLA06851_HLA00043,A*11:01:32,A*11:01,A*11:01:01,A*11:01,True,A
HLA06873_HLA00037,A*03:22:02,A*03:22,A*03:01:01:01,A*03:01,True,A
HLA06873_HLA01960,A*03:22:02,A*03:22,A*03:01:01:03,A*03:01,True,A
HLA06881_HLA00037,A*03:128,A*03:128,A*03:01:01:01,A*03:01,True,A
HLA06881_HLA01960,A*03:128,A*03:128,A*03:01:01:03,A*03:01,True,A
HLA06886_HLA00050,A*24:02:50,A*24:02,A*24:02:01:01,A*24:02,True,A
HLA06886_HLA00051,A*24:02:50,A*24:02,A*24:02:01:02L,A*24:02,True,A
HLA06886_HLA06112,A*24:02:50,A*24:02,A*24:02:01:03,A*24:02,True,A
HLA06895_HLA00008,A*02:323,A*02:323,A*02:03:01,A*02:03,True,A
HLA06899_HLA00050,A*24:02:51,A*24:02,A*24:02:01:01,A*24:02,True,A
HLA06899_HLA00051,A*24:02:51,A*24:02,A*24:02:01:02L,A*24:02,True,A
HLA06899_HLA06112,A*24:02:51,A*24:02,A*24:02:01:03,A*24:02,True,A
HLA06901_HLA00106,A*33:48,A*33:48,A*33:03:01,A*33:03,True,A
HLA06904_HLA00104,A*33:49,A*33:49,A*33:01:01,A*33:01,True,A
HLA06910_HLA00037,A*03:130,A*03:130,A*03:01:01:01,A*03:01,True,A
HLA06910_HLA01960,A*03:130,A*03:130,A*03:01:01:03,A*03:01,True,A
HLA06911_HLA00001,A*01:01:43,A*01:01,A*01:01:01:01,A*01:01,True,A
HLA06911_HLA02169,A*01:01:43,A*01:01,A*01:01:01:02N,A*01:01,True,A
HLA06912_HLA00005,A*02:325,A*02:325,A*02:01:01:01,A*02:01,True,A
HLA06912_HLA03253,A*02:325,A*02:325,A*02:01:01:03,A*02:01,True,A
HLA06912_HLA01218,A*02:325,A*02:325,A*02:43N,A*02:43N,True,A
HLA06913_HLA00005,A*02:326,A*02:326,A*02:01:01:01,A*02:01,True,A
HLA06913_HLA03253,A*02:326,A*02:326,A*02:01:01:03,A*02:01,True,A
HLA06913_HLA01218,A*02:326,A*02:326,A*02:43N,A*02:43N,True,A
HLA07034_HLA00005,A*02:321N,A*02:321N,A*02:01:01:01,A*02:01,True,A
HLA07034_HLA03253,A*02:321N,A*02:321N,A*02:01:01:03,A*02:01,True,A
HLA07037_HLA00005,A*02:322,A*02:322,A*02:01:01:01,A*02:01,True,A
HLA07037_HLA03253,A*02:322,A*02:322,A*02:01:01:03,A*02:01,True,A
HLA07038_HLA00037,A*03:131,A*03:131,A*03:01:01:01,A*03:01,True,A
HLA07038_HLA01960,A*03:131,A*03:131,A*03:01:01:03,A*03:01,True,A
HLA07041_HLA00104,A*33:50,A*33:50,A*33:01:01,A*33:01,True,A
HLA07042_HLA00048,A*23:46,A*23:46,A*23:01:01,A*23:01,True,A
HLA07043_HLA00106,A*33:51,A*33:51,A*33:03:01,A*33:03,True,A
HLA07099_HLA00043,A*11:01:33,A*11:01,A*11:01:01,A*11:01,True,A
HLA07101_HLA00043,A*11:01:34,A*11:01,A*11:01:01,A*11:01,True,A
HLA07106_HLA00043,A*11:107,A*11:107,A*11:01:01,A*11:01,True,A
HLA07175_HLA00048,A*23:47,A*23:47,A*23:01:01,A*23:01,True,A
HLA07176_HLA00050,A*24:184,A*24:184,A*24:02:01:01,A*24:02,True,A
HLA07176_HLA00051,A*24:184,A*24:184,A*24:02:01:02L,A*24:02,True,A
HLA07176_HLA06112,A*24:184,A*24:184,A*24:02:01:03,A*24:02,True,A
HLA07185_HLA00101,A*32:37,A*32:37,A*32:01:01,A*32:01,True,A
HLA07279_HLA00011,A*02:328,A*02:328,A*02:06:01,A*02:06,True,A
HLA07283_HLA00005,A*02:01:64,A*02:01,A*02:01:01:01,A*02:01,True,A
HLA07283_HLA03253,A*02:01:64,A*02:01,A*02:01:01:03,A*02:01,True,A
HLA07283_HLA01218,A*02:01:64,A*02:01,A*02:43N,A*02:43N,True,A
HLA07284_HLA00106,A*33:03:09,A*33:03,A*33:03:01,A*33:03,True,A
HLA07287_HLA00011,A*02:330,A*02:330,A*02:06:01,A*02:06,True,A
HLA07289_HLA00073,A*26:70,A*26:70,A*26:01:01,A*26:01,True,A
HLA07290_HLA00116,A*68:84,A*68:84,A*68:01:02,A*68:01,True,A
HLA07291_HLA00011,A*02:331,A*02:331,A*02:06:01,A*02:06,True,A
HLA07292_HLA00005,A*02:332,A*02:332,A*02:01:01:01,A*02:01,True,A
HLA07292_HLA03253,A*02:332,A*02:332,A*02:01:01:03,A*02:01,True,A
HLA07292_HLA01218,A*02:332,A*02:332,A*02:43N,A*02:43N,True,A
HLA07293_HLA00106,A*33:52,A*33:52,A*33:03:01,A*33:03,True,A
HLA07294_HLA00043,A*11:109N,A*11:109N,A*11:01:01,A*11:01,True,A
HLA07295_HLA00043,A*11:01:35,A*11:01,A*11:01:01,A*11:01,True,A
HLA07296_HLA00097,A*33:53,A*33:53,A*31:01:02,A*31:01,True,A
HLA07297_HLA00037,A*03:133,A*03:133,A*03:01:01:01,A*03:01,True,A
HLA07297_HLA01960,A*03:133,A*03:133,A*03:01:01:03,A*03:01,True,A
HLA07323_HLA00050,A*24:185N,A*24:185N,A*24:02:01:01,A*24:02,True,A
HLA07323_HLA00051,A*24:185N,A*24:185N,A*24:02:01:02L,A*24:02,True,A
HLA07323_HLA06112,A*24:185N,A*24:185N,A*24:02:01:03,A*24:02,True,A
HLA07324_HLA00011,A*02:333,A*02:333,A*02:06:01,A*02:06,True,A
HLA07333_HLA00005,A*02:76:02,A*02:76,A*02:01:01:01,A*02:01,True,A
HLA07333_HLA03253,A*02:76:02,A*02:76,A*02:01:01:03,A*02:01,True,A
HLA07341_HLA00050,A*24:186,A*24:186,A*24:02:01:01,A*24:02,True,A
HLA07341_HLA00051,A*24:186,A*24:186,A*24:02:01:02L,A*24:02,True,A
HLA07341_HLA06112,A*24:186,A*24:186,A*24:02:01:03,A*24:02,True,A
HLA07342_HLA00005,A*02:334,A*02:334,A*02:01:01:01,A*02:01,True,A
HLA07342_HLA03253,A*02:334,A*02:334,A*02:01:01:03,A*02:01,True,A
HLA07342_HLA01218,A*02:334,A*02:334,A*02:43N,A*02:43N,True,A
HLA07344_HLA00097,A*31:57,A*31:57,A*31:01:02,A*31:01,True,A
HLA07350_HLA00116,A*68:85,A*68:85,A*68:01:02,A*68:01,True,A
HLA07351_HLA00001,A*01:102,A*01:102,A*01:01:01:01,A*01:01,True,A
HLA07351_HLA02169,A*01:102,A*01:102,A*01:01:01:02N,A*01:01,True,A
HLA07380_HLA00012,A*02:335,A*02:335,A*02:07:01,A*02:07,True,A
HLA07387_HLA00005,A*02:336,A*02:336,A*02:01:01:01,A*02:01,True,A
HLA07387_HLA03253,A*02:336,A*02:336,A*02:01:01:03,A*02:01,True,A
HLA07390_HLA00097,A*31:58,A*31:58,A*31:01:02,A*31:01,True,A
HLA07391_HLA00106,A*33:54,A*33:54,A*33:03:01,A*33:03,True,A
HLA07392_HLA00086,A*29:32,A*29:32,A*29:02:01:01,A*29:02,True,A
HLA07393_HLA00073,A*26:71N,A*26:71N,A*26:01:01,A*26:01,True,A
HLA07394_HLA00043,A*11:111,A*11:111,A*11:01:01,A*11:01,True,A
HLA07395_HLA00089,A*30:56,A*30:56,A*30:01:01,A*30:01,True,A
HLA07396_HLA00090,A*30:57,A*30:57,A*30:02:01,A*30:02,True,A
HLA07397_HLA00089,A*30:58,A*30:58,A*30:01:01,A*30:01,True,A
HLA07398_HLA00048,A*23:48,A*23:48,A*23:01:01,A*23:01,True,A
HLA07399_HLA00050,A*24:187,A*24:187,A*24:02:01:01,A*24:02,True,A
HLA07399_HLA00051,A*24:187,A*24:187,A*24:02:01:02L,A*24:02,True,A
HLA07399_HLA06112,A*24:187,A*24:187,A*24:02:01:03,A*24:02,True,A
HLA07400_HLA00048,A*24:188,A*24:188,A*23:01:01,A*23:01,True,A
HLA07400_HLA00051,A*24:188,A*24:188,A*24:02:01:02L,A*24:02,True,A
HLA07400_HLA06112,A*24:188,A*24:188,A*24:02:01:03,A*24:02,True,A
HLA07402_HLA00050,A*24:190,A*24:190,A*24:02:01:01,A*24:02,True,A
HLA07402_HLA00051,A*24:190,A*24:190,A*24:02:01:02L,A*24:02,True,A
HLA07402_HLA06112,A*24:190,A*24:190,A*24:02:01:03,A*24:02,True,A
HLA07403_HLA00048,A*23:49,A*23:49,A*23:01:01,A*23:01,True,A
HLA07404_HLA00001,A*01:104,A*01:104,A*01:01:01:01,A*01:01,True,A
HLA07404_HLA02169,A*01:104,A*01:104,A*01:01:01:02N,A*01:01,True,A
HLA07405_HLA00037,A*03:135,A*03:135,A*03:01:01:01,A*03:01,True,A
HLA07405_HLA01960,A*03:135,A*03:135,A*03:01:01:03,A*03:01,True,A
HLA07408_HLA00073,A*26:72,A*26:72,A*26:01:01,A*26:01,True,A
HLA07409_HLA00040,A*03:02:03,A*03:02,A*03:02:01,A*03:02,True,A
HLA07410_HLA00043,A*11:112,A*11:112,A*11:01:01,A*11:01,True,A
HLA07415_HLA00048,A*23:50,A*23:50,A*23:01:01,A*23:01,True,A
HLA07417_HLA00050,A*24:189,A*24:189,A*24:02:01:01,A*24:02,True,A
HLA07417_HLA00051,A*24:189,A*24:189,A*24:02:01:02L,A*24:02,True,A
HLA07417_HLA06112,A*24:189,A*24:189,A*24:02:01:03,A*24:02,True,A
HLA07421_HLA00097,A*31:01:11,A*31:01,A*31:01:02,A*31:01,True,A
HLA07422_HLA00086,A*29:02:10,A*29:02,A*29:02:01:01,A*29:02,True,A
HLA07423_HLA00050,A*24:02:52,A*24:02,A*24:02:01:01,A*24:02,True,A
HLA07423_HLA00051,A*24:02:52,A*24:02,A*24:02:01:02L,A*24:02,True,A
HLA07423_HLA06112,A*24:02:52,A*24:02,A*24:02:01:03,A*24:02,True,A
HLA07424_HLA00050,A*24:02:53,A*24:02,A*24:02:01:01,A*24:02,True,A
HLA07424_HLA00051,A*24:02:53,A*24:02,A*24:02:01:02L,A*24:02,True,A
HLA07424_HLA06112,A*24:02:53,A*24:02,A*24:02:01:03,A*24:02,True,A
HLA07425_HLA00050,A*24:02:54,A*24:02,A*24:02:01:01,A*24:02,True,A
HLA07425_HLA00051,A*24:02:54,A*24:02,A*24:02:01:02L,A*24:02,True,A
HLA07425_HLA06112,A*24:02:54,A*24:02,A*24:02:01:03,A*24:02,True,A
HLA07426_HLA00048,A*23:01:08,A*23:01,A*23:01:01,A*23:01,True,A
HLA07427_HLA00037,A*03:136,A*03:136,A*03:01:01:01,A*03:01,True,A
HLA07427_HLA01960,A*03:136,A*03:136,A*03:01:01:03,A*03:01,True,A
HLA07428_HLA00101,A*32:01:12,A*32:01,A*32:01:01,A*32:01,True,A
HLA07429_HLA00043,A*11:01:36,A*11:01,A*11:01:01,A*11:01,True,A
HLA07430_HLA00010,A*02:337,A*02:337,A*02:05:01,A*02:05,True,A
HLA07431_HLA00005,A*02:338,A*02:338,A*02:01:01:01,A*02:01,True,A
HLA07431_HLA03253,A*02:338,A*02:338,A*02:01:01:03,A*02:01,True,A
HLA07432_HLA01665,A*02:339,A*02:339,A*02:60:01,A*02:60,True,A
HLA07433_HLA00005,A*02:340,A*02:340,A*02:01:01:01,A*02:01,True,A
HLA07433_HLA03253,A*02:340,A*02:340,A*02:01:01:03,A*02:01,True,A
HLA07433_HLA01218,A*02:340,A*02:340,A*02:43N,A*02:43N,True,A
HLA07434_HLA00005,A*02:341,A*02:341,A*02:01:01:01,A*02:01,True,A
HLA07434_HLA03253,A*02:341,A*02:341,A*02:01:01:03,A*02:01,True,A
HLA07434_HLA01218,A*02:341,A*02:341,A*02:43N,A*02:43N,True,A
HLA07435_HLA00005,A*02:342,A*02:342,A*02:01:01:01,A*02:01,True,A
HLA07435_HLA03253,A*02:342,A*02:342,A*02:01:01:03,A*02:01,True,A
HLA07435_HLA01218,A*02:342,A*02:342,A*02:43N,A*02:43N,True,A
HLA07436_HLA00005,A*02:01:65,A*02:01,A*02:01:01:01,A*02:01,True,A
HLA07436_HLA03253,A*02:01:65,A*02:01,A*02:01:01:03,A*02:01,True,A
HLA07436_HLA01218,A*02:01:65,A*02:01,A*02:43N,A*02:43N,True,A
HLA07437_HLA00005,A*02:343,A*02:343,A*02:01:01:01,A*02:01,True,A
HLA07437_HLA03253,A*02:343,A*02:343,A*02:01:01:03,A*02:01,True,A
HLA07437_HLA01218,A*02:343,A*02:343,A*02:43N,A*02:43N,True,A
HLA07438_HLA00005,A*02:01:66,A*02:01,A*02:01:01:01,A*02:01,True,A
HLA07438_HLA03253,A*02:01:66,A*02:01,A*02:01:01:03,A*02:01,True,A
HLA07438_HLA01218,A*02:01:66,A*02:01,A*02:43N,A*02:43N,True,A
HLA07473_HLA00001,A*01:69:02,A*01:69,A*01:01:01:01,A*01:01,True,A
HLA07473_HLA02169,A*01:69:02,A*01:69,A*01:01:01:02N,A*01:01,True,A
HLA07522_HLA00097,A*31:60N,A*31:60N,A*31:01:02,A*31:01,True,A
HLA07523_HLA00106,A*33:03:10,A*33:03,A*33:03:01,A*33:03,True,A
HLA07524_HLA00106,A*33:55,A*33:55,A*33:03:01,A*33:03,True,A
HLA07547_HLA00050,A*24:191,A*24:191,A*24:02:01:01,A*24:02,True,A
HLA07547_HLA00051,A*24:191,A*24:191,A*24:02:01:02L,A*24:02,True,A
HLA07547_HLA06112,A*24:191,A*24:191,A*24:02:01:03,A*24:02,True,A
HLA07548_HLA00044,A*11:113,A*11:113,A*11:02:01,A*11:02,True,A
HLA07550_HLA00115,A*68:01:11,A*68:01,A*68:01:01:01,A*68:01,True,A
HLA07550_HLA05918,A*68:01:11,A*68:01,A*68:01:01:02,A*68:01,True,A
HLA07554_HLA00097,A*31:61,A*31:61,A*31:01:02,A*31:01,True,A
HLA07558_HLA00043,A*11:01:37,A*11:01,A*11:01:01,A*11:01,True,A
HLA07559_HLA00089,A*30:59N,A*30:59N,A*30:01:01,A*30:01,True,A
HLA07563_HLA00050,A*24:02:55,A*24:02,A*24:02:01:01,A*24:02,True,A
HLA07563_HLA00051,A*24:02:55,A*24:02,A*24:02:01:02L,A*24:02,True,A
HLA07563_HLA06112,A*24:02:55,A*24:02,A*24:02:01:03,A*24:02,True,A
HLA07564_HLA00106,A*33:56,A*33:56,A*33:03:01,A*33:03,True,A
HLA07565_HLA00104,A*33:32:02,A*33:32,A*33:01:01,A*33:01,True,A
HLA07566_HLA00106,A*33:57,A*33:57,A*33:03:01,A*33:03,True,A
HLA07567_HLA00106,A*33:58,A*33:58,A*33:03:01,A*33:03,True,A
HLA07568_HLA00097,A*31:01:12,A*31:01,A*31:01:02,A*31:01,True,A
HLA07569_HLA00085,A*29:33,A*29:33,A*29:01:01:01,A*29:01,True,A
HLA07569_HLA01406,A*29:33,A*29:33,A*29:01:01:02N,A*29:01,True,A
HLA07570_HLA00086,A*29:02:11,A*29:02,A*29:02:01:01,A*29:02,True,A
HLA07571_HLA00117,A*68:86,A*68:86,A*68:02:01:01,A*68:02,True,A
HLA07571_HLA02911,A*68:86,A*68:86,A*68:02:01:03,A*68:02,True,A
HLA07572_HLA00117,A*68:02:05,A*68:02,A*68:02:01:01,A*68:02,True,A
HLA07572_HLA02911,A*68:02:05,A*68:02,A*68:02:01:03,A*68:02,True,A
HLA07573_HLA00043,A*11:114,A*11:114,A*11:01:01,A*11:01,True,A
HLA07574_HLA00043,A*11:115N,A*11:115N,A*11:01:01,A*11:01,True,A
HLA07575_HLA00043,A*11:01:38,A*11:01,A*11:01:01,A*11:01,True,A
HLA07576_HLA00043,A*11:116,A*11:116,A*11:01:01,A*11:01,True,A
HLA07577_HLA00043,A*11:01:39,A*11:01,A*11:01:01,A*11:01,True,A
HLA07578_HLA00043,A*11:117,A*11:117,A*11:01:01,A*11:01,True,A
HLA07579_HLA00043,A*11:118,A*11:118,A*11:01:01,A*11:01,True,A
HLA07580_HLA00109,A*34:02:03,A*34:02,A*34:02:01,A*34:02,True,A
HLA07581_HLA00115,A*68:87,A*68:87,A*68:01:01:01,A*68:01,True,A
HLA07581_HLA05918,A*68:87,A*68:87,A*68:01:01:02,A*68:01,True,A
HLA07582_HLA00115,A*68:01:12,A*68:01,A*68:01:01:01,A*68:01,True,A
HLA07582_HLA05918,A*68:01:12,A*68:01,A*68:01:01:02,A*68:01,True,A
HLA07583_HLA00073,A*26:01:23,A*26:01,A*26:01:01,A*26:01,True,A
HLA07584_HLA00073,A*26:01:24,A*26:01,A*26:01:01,A*26:01,True,A
HLA07585_HLA00116,A*68:01:13,A*68:01,A*68:01:02,A*68:01,True,A
HLA07586_HLA00089,A*30:60,A*30:60,A*30:01:01,A*30:01,True,A
HLA07587_HLA00090,A*30:61,A*30:61,A*30:02:01,A*30:02,True,A
HLA07588_HLA00050,A*24:192,A*24:192,A*24:02:01:01,A*24:02,True,A
HLA07588_HLA00051,A*24:192,A*24:192,A*24:02:01:02L,A*24:02,True,A
HLA07588_HLA06112,A*24:192,A*24:192,A*24:02:01:03,A*24:02,True,A
HLA07589_HLA00050,A*24:193,A*24:193,A*24:02:01:01,A*24:02,True,A
HLA07589_HLA00051,A*24:193,A*24:193,A*24:02:01:02L,A*24:02,True,A
HLA07589_HLA06112,A*24:193,A*24:193,A*24:02:01:03,A*24:02,True,A
HLA07590_HLA00050,A*24:194,A*24:194,A*24:02:01:01,A*24:02,True,A
HLA07590_HLA00051,A*24:194,A*24:194,A*24:02:01:02L,A*24:02,True,A
HLA07590_HLA06112,A*24:194,A*24:194,A*24:02:01:03,A*24:02,True,A
HLA07591_HLA00050,A*24:195,A*24:195,A*24:02:01:01,A*24:02,True,A
HLA07591_HLA00051,A*24:195,A*24:195,A*24:02:01:02L,A*24:02,True,A
HLA07591_HLA06112,A*24:195,A*24:195,A*24:02:01:03,A*24:02,True,A
HLA07592_HLA00050,A*24:196,A*24:196,A*24:02:01:01,A*24:02,True,A
HLA07592_HLA00051,A*24:196,A*24:196,A*24:02:01:02L,A*24:02,True,A
HLA07592_HLA06112,A*24:196,A*24:196,A*24:02:01:03,A*24:02,True,A
HLA07593_HLA00050,A*24:197,A*24:197,A*24:02:01:01,A*24:02,True,A
HLA07593_HLA00051,A*24:197,A*24:197,A*24:02:01:02L,A*24:02,True,A
HLA07593_HLA06112,A*24:197,A*24:197,A*24:02:01:03,A*24:02,True,A
HLA07594_HLA00048,A*23:01:09,A*23:01,A*23:01:01,A*23:01,True,A
HLA07595_HLA00037,A*03:137,A*03:137,A*03:01:01:01,A*03:01,True,A
HLA07595_HLA01960,A*03:137,A*03:137,A*03:01:01:03,A*03:01,True,A
HLA07596_HLA00001,A*01:105,A*01:105,A*01:01:01:01,A*01:01,True,A
HLA07596_HLA02169,A*01:105,A*01:105,A*01:01:01:02N,A*01:01,True,A
HLA07597_HLA00001,A*01:106,A*01:106,A*01:01:01:01,A*01:01,True,A
HLA07597_HLA02169,A*01:106,A*01:106,A*01:01:01:02N,A*01:01,True,A
HLA07598_HLA00037,A*03:01:32,A*03:01,A*03:01:01:01,A*03:01,True,A
HLA07598_HLA01960,A*03:01:32,A*03:01,A*03:01:01:03,A*03:01,True,A
HLA07599_HLA00037,A*03:138,A*03:138,A*03:01:01:01,A*03:01,True,A
HLA07599_HLA01960,A*03:138,A*03:138,A*03:01:01:03,A*03:01,True,A
HLA07600_HLA00037,A*03:139,A*03:139,A*03:01:01:01,A*03:01,True,A
HLA07600_HLA01960,A*03:139,A*03:139,A*03:01:01:03,A*03:01,True,A
HLA07601_HLA00037,A*03:140,A*03:140,A*03:01:01:01,A*03:01,True,A
HLA07601_HLA01960,A*03:140,A*03:140,A*03:01:01:03,A*03:01,True,A
HLA07602_HLA00037,A*03:01:33,A*03:01,A*03:01:01:01,A*03:01,True,A
HLA07602_HLA01960,A*03:01:33,A*03:01,A*03:01:01:03,A*03:01,True,A
HLA07603_HLA00101,A*32:38,A*32:38,A*32:01:01,A*32:01,True,A
HLA07604_HLA00101,A*32:39,A*32:39,A*32:01:01,A*32:01,True,A
HLA07605_HLA00001,A*01:01:44,A*01:01,A*01:01:01:01,A*01:01,True,A
HLA07605_HLA02169,A*01:01:44,A*01:01,A*01:01:01:02N,A*01:01,True,A
HLA07606_HLA00101,A*32:40,A*32:40,A*32:01:01,A*32:01,True,A
HLA07607_HLA00010,A*02:344,A*02:344,A*02:05:01,A*02:05,True,A
HLA07608_HLA00011,A*02:06:11,A*02:06,A*02:06:01,A*02:06,True,A
HLA07609_HLA00071,A*25:01:07,A*25:01,A*25:01:01,A*25:01,True,A
HLA07610_HLA00005,A*02:01:67,A*02:01,A*02:01:01:01,A*02:01,True,A
HLA07610_HLA03253,A*02:01:67,A*02:01,A*02:01:01:03,A*02:01,True,A
HLA07610_HLA01218,A*02:01:67,A*02:01,A*02:43N,A*02:43N,True,A
HLA07611_HLA00008,A*02:345,A*02:345,A*02:03:01,A*02:03,True,A
HLA07612_HLA00005,A*02:346,A*02:346,A*02:01:01:01,A*02:01,True,A
HLA07612_HLA03253,A*02:346,A*02:346,A*02:01:01:03,A*02:01,True,A
HLA07612_HLA01218,A*02:346,A*02:346,A*02:43N,A*02:43N,True,A
HLA07613_HLA00005,A*02:347,A*02:347,A*02:01:01:01,A*02:01,True,A
HLA07613_HLA03253,A*02:347,A*02:347,A*02:01:01:03,A*02:01,True,A
HLA07613_HLA01218,A*02:347,A*02:347,A*02:43N,A*02:43N,True,A
HLA07614_HLA00005,A*02:348,A*02:348,A*02:01:01:01,A*02:01,True,A
HLA07614_HLA03253,A*02:348,A*02:348,A*02:01:01:03,A*02:01,True,A
HLA07614_HLA01218,A*02:348,A*02:348,A*02:43N,A*02:43N,True,A
HLA07615_HLA00005,A*02:01:68,A*02:01,A*02:01:01:01,A*02:01,True,A
HLA07615_HLA03253,A*02:01:68,A*02:01,A*02:01:01:03,A*02:01,True,A
HLA07615_HLA01218,A*02:01:68,A*02:01,A*02:43N,A*02:43N,True,A
HLA07616_HLA00005,A*02:01:69,A*02:01,A*02:01:01:01,A*02:01,True,A
HLA07616_HLA03253,A*02:01:69,A*02:01,A*02:01:01:03,A*02:01,True,A
HLA07616_HLA01218,A*02:01:69,A*02:01,A*02:43N,A*02:43N,True,A
HLA07617_HLA00005,A*02:01:70,A*02:01,A*02:01:01:01,A*02:01,True,A
HLA07617_HLA03253,A*02:01:70,A*02:01,A*02:01:01:03,A*02:01,True,A
HLA07617_HLA01218,A*02:01:70,A*02:01,A*02:43N,A*02:43N,True,A
HLA07618_HLA00005,A*02:349,A*02:349,A*02:01:01:01,A*02:01,True,A
HLA07618_HLA03253,A*02:349,A*02:349,A*02:01:01:03,A*02:01,True,A
HLA07618_HLA01218,A*02:349,A*02:349,A*02:43N,A*02:43N,True,A
HLA07619_HLA00005,A*02:350N,A*02:350N,A*02:01:01:01,A*02:01,True,A
HLA07619_HLA03253,A*02:350N,A*02:350N,A*02:01:01:03,A*02:01,True,A
HLA07619_HLA01218,A*02:350N,A*02:350N,A*02:43N,A*02:43N,True,A
HLA07620_HLA00005,A*02:01:71,A*02:01,A*02:01:01:01,A*02:01,True,A
HLA07620_HLA03253,A*02:01:71,A*02:01,A*02:01:01:03,A*02:01,True,A
HLA07620_HLA01218,A*02:01:71,A*02:01,A*02:43N,A*02:43N,True,A
HLA07621_HLA00005,A*02:351,A*02:351,A*02:01:01:01,A*02:01,True,A
HLA07621_HLA03253,A*02:351,A*02:351,A*02:01:01:03,A*02:01,True,A
HLA07621_HLA01218,A*02:351,A*02:351,A*02:43N,A*02:43N,True,A
HLA07622_HLA00005,A*02:352,A*02:352,A*02:01:01:01,A*02:01,True,A
HLA07622_HLA03253,A*02:352,A*02:352,A*02:01:01:03,A*02:01,True,A
HLA07622_HLA01218,A*02:352,A*02:352,A*02:43N,A*02:43N,True,A
HLA07666_HLA00086,A*29:34,A*29:34,A*29:02:01:01,A*29:02,True,A
HLA07667_HLA00086,A*29:35,A*29:35,A*29:02:01:01,A*29:02,True,A
HLA07668_HLA00043,A*11:119:01,A*11:119,A*11:01:01,A*11:01,True,A
HLA07669_HLA00071,A*25:01:06,A*25:01,A*25:01:01,A*25:01,True,A
HLA07670_HLA00073,A*26:73,A*26:73,A*26:01:01,A*26:01,True,A
HLA07671_HLA00115,A*68:01:14,A*68:01,A*68:01:01:01,A*68:01,True,A
HLA07671_HLA05918,A*68:01:14,A*68:01,A*68:01:01:02,A*68:01,True,A
HLA07672_HLA00043,A*11:01:40,A*11:01,A*11:01:01,A*11:01,True,A
HLA07673_HLA00116,A*68:01:15,A*68:01,A*68:01:02,A*68:01,True,A
HLA07674_HLA00001,A*01:01:45,A*01:01,A*01:01:01:01,A*01:01,True,A
HLA07674_HLA02169,A*01:01:45,A*01:01,A*01:01:01:02N,A*01:01,True,A
HLA07675_HLA00037,A*03:141,A*03:141,A*03:01:01:01,A*03:01,True,A
HLA07675_HLA01960,A*03:141,A*03:141,A*03:01:01:03,A*03:01,True,A
HLA07676_HLA00037,A*03:142,A*03:142,A*03:01:01:01,A*03:01,True,A
HLA07676_HLA01960,A*03:142,A*03:142,A*03:01:01:03,A*03:01,True,A
HLA07677_HLA00005,A*02:353,A*02:353,A*02:01:01:01,A*02:01,True,A
HLA07677_HLA03253,A*02:353,A*02:353,A*02:01:01:03,A*02:01,True,A
HLA07677_HLA01218,A*02:353,A*02:353,A*02:43N,A*02:43N,True,A
HLA07678_HLA00005,A*02:354,A*02:354,A*02:01:01:01,A*02:01,True,A
HLA07678_HLA03253,A*02:354,A*02:354,A*02:01:01:03,A*02:01,True,A
HLA07678_HLA01218,A*02:354,A*02:354,A*02:43N,A*02:43N,True,A
HLA07746_HLA00073,A*26:74,A*26:74,A*26:01:01,A*26:01,True,A
HLA07747_HLA00008,A*02:355,A*02:355,A*02:03:01,A*02:03,True,A
HLA07750_HLA00050,A*24:198,A*24:198,A*24:02:01:01,A*24:02,True,A
HLA07750_HLA00051,A*24:198,A*24:198,A*24:02:01:02L,A*24:02,True,A
HLA07750_HLA06112,A*24:198,A*24:198,A*24:02:01:03,A*24:02,True,A
HLA07751_HLA00089,A*30:62,A*30:62,A*30:01:01,A*30:01,True,A
HLA07753_HLA00005,A*02:01:72,A*02:01,A*02:01:01:01,A*02:01,True,A
HLA07753_HLA03253,A*02:01:72,A*02:01,A*02:01:01:03,A*02:01,True,A
HLA07772_HLA00048,A*23:51,A*23:51,A*23:01:01,A*23:01,True,A
HLA07772_HLA01571,A*23:51,A*23:51,A*23:09,A*23:09,True,A
HLA07773_HLA00115,A*68:88,A*68:88,A*68:01:01:01,A*68:01,True,A
HLA07773_HLA05918,A*68:88,A*68:88,A*68:01:01:02,A*68:01,True,A
HLA07774_HLA00005,A*02:01:73,A*02:01,A*02:01:01:01,A*02:01,True,A
HLA07774_HLA03253,A*02:01:73,A*02:01,A*02:01:01:03,A*02:01,True,A
HLA07774_HLA01218,A*02:01:73,A*02:01,A*02:43N,A*02:43N,True,A
HLA07775_HLA00097,A*31:62,A*31:62,A*31:01:02,A*31:01,True,A
HLA07793_HLA00043,A*11:121,A*11:121,A*11:01:01,A*11:01,True,A
HLA07794_HLA00089,A*30:63,A*30:63,A*30:01:01,A*30:01,True,A
HLA07795_HLA00106,A*33:59,A*33:59,A*33:03:01,A*33:03,True,A
HLA07803_HLA00037,A*03:143,A*03:143,A*03:01:01:01,A*03:01,True,A
HLA07803_HLA01960,A*03:143,A*03:143,A*03:01:01:03,A*03:01,True,A
HLA07805_HLA00101,A*32:01:13,A*32:01,A*32:01:01,A*32:01,True,A
HLA07806_HLA00001,A*01:108,A*01:108,A*01:01:01:01,A*01:01,True,A
HLA07806_HLA02169,A*01:108,A*01:108,A*01:01:01:02N,A*01:01,True,A
HLA07818_HLA00043,A*11:122,A*11:122,A*11:01:01,A*11:01,True,A
HLA07819_HLA00101,A*32:41,A*32:41,A*32:01:01,A*32:01,True,A
HLA07821_HLA00011,A*02:358,A*02:358,A*02:06:01,A*02:06,True,A
HLA07982_HLA00043,A*11:01:41,A*11:01,A*11:01:01,A*11:01,True,A
HLA07983_HLA00043,A*11:123,A*11:123,A*11:01:01,A*11:01,True,A
HLA07984_HLA00050,A*24:200,A*24:200,A*24:02:01:01,A*24:02,True,A
HLA07984_HLA00051,A*24:200,A*24:200,A*24:02:01:02L,A*24:02,True,A
HLA07984_HLA06112,A*24:200,A*24:200,A*24:02:01:03,A*24:02,True,A
HLA07985_HLA00050,A*24:201,A*24:201,A*24:02:01:01,A*24:02,True,A
HLA07985_HLA00051,A*24:201,A*24:201,A*24:02:01:02L,A*24:02,True,A
HLA07985_HLA06112,A*24:201,A*24:201,A*24:02:01:03,A*24:02,True,A
HLA07986_HLA00048,A*23:52,A*23:52,A*23:01:01,A*23:01,True,A
HLA07987_HLA00048,A*23:53,A*23:53,A*23:01:01,A*23:01,True,A
HLA07988_HLA00050,A*24:02:57,A*24:02,A*24:02:01:01,A*24:02,True,A
HLA07988_HLA00051,A*24:02:57,A*24:02,A*24:02:01:02L,A*24:02,True,A
HLA07988_HLA06112,A*24:02:57,A*24:02,A*24:02:01:03,A*24:02,True,A
HLA07989_HLA00001,A*01:110,A*01:110,A*01:01:01:01,A*01:01,True,A
HLA07989_HLA02169,A*01:110,A*01:110,A*01:01:01:02N,A*01:01,True,A
HLA07990_HLA00037,A*03:144,A*03:144,A*03:01:01:01,A*03:01,True,A
HLA07990_HLA01960,A*03:144,A*03:144,A*03:01:01:03,A*03:01,True,A
HLA07991_HLA00001,A*01:111,A*01:111,A*01:01:01:01,A*01:01,True,A
HLA07991_HLA02169,A*01:111,A*01:111,A*01:01:01:02N,A*01:01,True,A
HLA07992_HLA02057,A*01:01:46,A*01:01,A*01:11N,A*01:11N,True,A
HLA07993_HLA00001,A*01:112,A*01:112,A*01:01:01:01,A*01:01,True,A
HLA07993_HLA02169,A*01:112,A*01:112,A*01:01:01:02N,A*01:01,True,A
HLA07994_HLA00001,A*01:01:47,A*01:01,A*01:01:01:01,A*01:01,True,A
HLA07994_HLA02169,A*01:01:47,A*01:01,A*01:01:01:02N,A*01:01,True,A
HLA07995_HLA00037,A*03:145,A*03:145,A*03:01:01:01,A*03:01,True,A
HLA07995_HLA01960,A*03:145,A*03:145,A*03:01:01:03,A*03:01,True,A
HLA07996_HLA00037,A*03:05:02,A*03:05,A*03:01:01:01,A*03:01,True,A
HLA07996_HLA01960,A*03:05:02,A*03:05,A*03:01:01:03,A*03:01,True,A
HLA07997_HLA00037,A*03:146,A*03:146,A*03:01:01:01,A*03:01,True,A
HLA07997_HLA01960,A*03:146,A*03:146,A*03:01:01:03,A*03:01,True,A
HLA07998_HLA00037,A*03:17:02,A*03:17,A*03:01:01:01,A*03:01,True,A
HLA07998_HLA01960,A*03:17:02,A*03:17,A*03:01:01:03,A*03:01,True,A
HLA07999_HLA00037,A*03:147,A*03:147,A*03:01:01:01,A*03:01,True,A
HLA07999_HLA01960,A*03:147,A*03:147,A*03:01:01:03,A*03:01,True,A
HLA08000_HLA00037,A*03:148,A*03:148,A*03:01:01:01,A*03:01,True,A
HLA08000_HLA01960,A*03:148,A*03:148,A*03:01:01:03,A*03:01,True,A
HLA08001_HLA00037,A*03:149,A*03:149,A*03:01:01:01,A*03:01,True,A
HLA08001_HLA01960,A*03:149,A*03:149,A*03:01:01:03,A*03:01,True,A
HLA08002_HLA00010,A*02:359,A*02:359,A*02:05:01,A*02:05,True,A
HLA08003_HLA00011,A*02:06:12,A*02:06,A*02:06:01,A*02:06,True,A
HLA08004_HLA00050,A*24:02:58,A*24:02,A*24:02:01:01,A*24:02,True,A
HLA08004_HLA00051,A*24:02:58,A*24:02,A*24:02:01:02L,A*24:02,True,A
HLA08004_HLA06112,A*24:02:58,A*24:02,A*24:02:01:03,A*24:02,True,A
HLA08005_HLA00005,A*02:360,A*02:360,A*02:01:01:01,A*02:01,True,A
HLA08005_HLA03253,A*02:360,A*02:360,A*02:01:01:03,A*02:01,True,A
HLA08005_HLA01218,A*02:360,A*02:360,A*02:43N,A*02:43N,True,A
HLA08006_HLA00005,A*02:01:74,A*02:01,A*02:01:01:01,A*02:01,True,A
HLA08006_HLA03253,A*02:01:74,A*02:01,A*02:01:01:03,A*02:01,True,A
HLA08006_HLA01218,A*02:01:74,A*02:01,A*02:43N,A*02:43N,True,A
HLA08007_HLA00005,A*02:361,A*02:361,A*02:01:01:01,A*02:01,True,A
HLA08007_HLA03253,A*02:361,A*02:361,A*02:01:01:03,A*02:01,True,A
HLA08007_HLA01218,A*02:361,A*02:361,A*02:43N,A*02:43N,True,A
HLA08008_HLA00005,A*02:01:75,A*02:01,A*02:01:01:01,A*02:01,True,A
HLA08008_HLA03253,A*02:01:75,A*02:01,A*02:01:01:03,A*02:01,True,A
HLA08008_HLA01218,A*02:01:75,A*02:01,A*02:43N,A*02:43N,True,A
HLA08009_HLA00005,A*02:362,A*02:362,A*02:01:01:01,A*02:01,True,A
HLA08009_HLA03253,A*02:362,A*02:362,A*02:01:01:03,A*02:01,True,A
HLA08009_HLA01218,A*02:362,A*02:362,A*02:43N,A*02:43N,True,A
HLA08010_HLA00005,A*02:363,A*02:363,A*02:01:01:01,A*02:01,True,A
HLA08010_HLA03253,A*02:363,A*02:363,A*02:01:01:03,A*02:01,True,A
HLA08010_HLA01218,A*02:363,A*02:363,A*02:43N,A*02:43N,True,A
HLA08011_HLA00005,A*02:364,A*02:364,A*02:01:01:01,A*02:01,True,A
HLA08011_HLA03253,A*02:364,A*02:364,A*02:01:01:03,A*02:01,True,A
HLA08011_HLA01218,A*02:364,A*02:364,A*02:43N,A*02:43N,True,A
HLA08012_HLA00005,A*02:365,A*02:365,A*02:01:01:01,A*02:01,True,A
HLA08012_HLA03253,A*02:365,A*02:365,A*02:01:01:03,A*02:01,True,A
HLA08012_HLA01218,A*02:365,A*02:365,A*02:43N,A*02:43N,True,A
HLA08013_HLA00005,A*02:366N,A*02:366N,A*02:01:01:01,A*02:01,True,A
HLA08013_HLA03253,A*02:366N,A*02:366N,A*02:01:01:03,A*02:01,True,A
HLA08013_HLA01218,A*02:366N,A*02:366N,A*02:43N,A*02:43N,True,A
HLA08014_HLA00005,A*02:01:76,A*02:01,A*02:01:01:01,A*02:01,True,A
HLA08014_HLA03253,A*02:01:76,A*02:01,A*02:01:01:03,A*02:01,True,A
HLA08014_HLA01218,A*02:01:76,A*02:01,A*02:43N,A*02:43N,True,A
HLA08015_HLA00005,A*02:01:77,A*02:01,A*02:01:01:01,A*02:01,True,A
HLA08015_HLA03253,A*02:01:77,A*02:01,A*02:01:01:03,A*02:01,True,A
HLA08015_HLA01218,A*02:01:77,A*02:01,A*02:43N,A*02:43N,True,A
HLA08016_HLA00005,A*02:367,A*02:367,A*02:01:01:01,A*02:01,True,A
HLA08016_HLA03253,A*02:367,A*02:367,A*02:01:01:03,A*02:01,True,A
HLA08016_HLA01218,A*02:367,A*02:367,A*02:43N,A*02:43N,True,A
HLA08017_HLA00005,A*02:01:78,A*02:01,A*02:01:01:01,A*02:01,True,A
HLA08017_HLA03253,A*02:01:78,A*02:01,A*02:01:01:03,A*02:01,True,A
HLA08017_HLA01218,A*02:01:78,A*02:01,A*02:43N,A*02:43N,True,A
HLA08018_HLA00005,A*02:368,A*02:368,A*02:01:01:01,A*02:01,True,A
HLA08018_HLA03253,A*02:368,A*02:368,A*02:01:01:03,A*02:01,True,A
HLA08018_HLA01218,A*02:368,A*02:368,A*02:43N,A*02:43N,True,A
HLA08019_HLA00012,A*02:369,A*02:369,A*02:07:01,A*02:07,True,A
HLA08020_HLA00037,A*03:150,A*03:150,A*03:01:01:01,A*03:01,True,A
HLA08020_HLA01960,A*03:150,A*03:150,A*03:01:01:03,A*03:01,True,A
HLA08023_HLA00073,A*26:75,A*26:75,A*26:01:01,A*26:01,True,A
HLA08024_HLA00050,A*24:202,A*24:202,A*24:02:01:01,A*24:02,True,A
HLA08024_HLA00051,A*24:202,A*24:202,A*24:02:01:02L,A*24:02,True,A
HLA08024_HLA06112,A*24:202,A*24:202,A*24:02:01:03,A*24:02,True,A
HLA08025_HLA00050,A*24:203,A*24:203,A*24:02:01:01,A*24:02,True,A
HLA08025_HLA00051,A*24:203,A*24:203,A*24:02:01:02L,A*24:02,True,A
HLA08025_HLA06112,A*24:203,A*24:203,A*24:02:01:03,A*24:02,True,A
HLA08026_HLA00085,A*29:01:04,A*29:01,A*29:01:01:01,A*29:01,True,A
HLA08026_HLA01406,A*29:01:04,A*29:01,A*29:01:01:02N,A*29:01,True,A
HLA08027_HLA00086,A*29:36,A*29:36,A*29:02:01:01,A*29:02,True,A
HLA08028_HLA00073,A*26:76,A*26:76,A*26:01:01,A*26:01,True,A
HLA08029_HLA00089,A*30:01:06,A*30:01,A*30:01:01,A*30:01,True,A
HLA08030_HLA00086,A*29:37,A*29:37,A*29:02:01:01,A*29:02,True,A
HLA08031_HLA00086,A*29:38,A*29:38,A*29:02:01:01,A*29:02,True,A
HLA08032_HLA00097,A*31:63,A*31:63,A*31:01:02,A*31:01,True,A
HLA08033_HLA00097,A*31:01:14,A*31:01,A*31:01:02,A*31:01,True,A
HLA08034_HLA00097,A*31:64,A*31:64,A*31:01:02,A*31:01,True,A
HLA08035_HLA00101,A*32:42,A*32:42,A*32:01:01,A*32:01,True,A
HLA08036_HLA00090,A*30:64,A*30:64,A*30:02:01,A*30:02,True,A
HLA08037_HLA00090,A*30:02:06,A*30:02,A*30:02:01,A*30:02,True,A
HLA08038_HLA00089,A*30:65,A*30:65,A*30:01:01,A*30:01,True,A
HLA08039_HLA00090,A*30:02:07,A*30:02,A*30:02:01,A*30:02,True,A
HLA08040_HLA00101,A*32:43,A*32:43,A*32:01:01,A*32:01,True,A
HLA08042_HLA00106,A*33:60,A*33:60,A*33:03:01,A*33:03,True,A
HLA08043_HLA00115,A*68:89,A*68:89,A*68:01:01:01,A*68:01,True,A
HLA08043_HLA05918,A*68:89,A*68:89,A*68:01:01:02,A*68:01,True,A
HLA08044_HLA00118,A*68:90,A*68:90,A*68:03:01,A*68:03,True,A
HLA08045_HLA00116,A*68:91,A*68:91,A*68:01:02,A*68:01,True,A
HLA08046_HLA00116,A*68:01:16,A*68:01,A*68:01:02,A*68:01,True,A
HLA08047_HLA00101,A*32:44,A*32:44,A*32:01:01,A*32:01,True,A
HLA08048_HLA00101,A*32:45N,A*32:45N,A*32:01:01,A*32:01,True,A
HLA08049_HLA00106,A*33:61,A*33:61,A*33:03:01,A*33:03,True,A
HLA08051_HLA00117,A*68:92,A*68:92,A*68:02:01:01,A*68:02,True,A
HLA08051_HLA02911,A*68:92,A*68:92,A*68:02:01:03,A*68:02,True,A
HLA08057_HLA00116,A*68:93,A*68:93,A*68:01:02,A*68:01,True,A
HLA08079_HLA00097,A*31:65,A*31:65,A*31:01:02,A*31:01,True,A
HLA08081_HLA00005,A*02:371,A*02:371,A*02:01:01:01,A*02:01,True,A
HLA08081_HLA03253,A*02:371,A*02:371,A*02:01:01:03,A*02:01,True,A
HLA08081_HLA01218,A*02:371,A*02:371,A*02:43N,A*02:43N,True,A
HLA08087_HLA00086,A*29:39,A*29:39,A*29:02:01:01,A*29:02,True,A
HLA08092_HLA00086,A*29:40,A*29:40,A*29:02:01:01,A*29:02,True,A
HLA08093_HLA00097,A*31:66,A*31:66,A*31:01:02,A*31:01,True,A
HLA08096_HLA00005,A*02:372,A*02:372,A*02:01:01:01,A*02:01,True,A
HLA08096_HLA03253,A*02:372,A*02:372,A*02:01:01:03,A*02:01,True,A
HLA08100_HLA00043,A*11:125,A*11:125,A*11:01:01,A*11:01,True,A
HLA08109_HLA00043,A*11:127N,A*11:127N,A*11:01:01,A*11:01,True,A
HLA08110_HLA00086,A*29:41,A*29:41,A*29:02:01:01,A*29:02,True,A
HLA08115_HLA00053,A*24:204,A*24:204,A*24:03:01,A*24:03,True,A
HLA08127_HLA00005,A*02:40:02,A*02:40,A*02:01:01:01,A*02:01,True,A
HLA08127_HLA03253,A*02:40:02,A*02:40,A*02:01:01:03,A*02:01,True,A
HLA08129_HLA00010,A*02:373N,A*02:373N,A*02:05:01,A*02:05,True,A
HLA08245_HLA00086,A*29:42,A*29:42,A*29:02:01:01,A*29:02,True,A
HLA08248_HLA00001,A*01:113,A*01:113,A*01:01:01:01,A*01:01,True,A
HLA08248_HLA02169,A*01:113,A*01:113,A*01:01:01:02N,A*01:01,True,A
HLA08249_HLA00086,A*29:02:12,A*29:02,A*29:02:01:01,A*29:02,True,A
HLA08250_HLA00086,A*29:43,A*29:43,A*29:02:01:01,A*29:02,True,A
HLA08251_HLA00097,A*31:01:15,A*31:01,A*31:01:02,A*31:01,True,A
HLA08252_HLA00097,A*31:01:16,A*31:01,A*31:01:02,A*31:01,True,A
HLA08253_HLA00086,A*29:44,A*29:44,A*29:02:01:01,A*29:02,True,A
HLA08254_HLA00086,A*29:45,A*29:45,A*29:02:01:01,A*29:02,True,A
HLA08255_HLA00086,A*29:02:13,A*29:02,A*29:02:01:01,A*29:02,True,A
HLA08256_HLA00073,A*26:77,A*26:77,A*26:01:01,A*26:01,True,A
HLA08257_HLA00043,A*11:01:42,A*11:01,A*11:01:01,A*11:01,True,A
HLA08258_HLA00043,A*11:01:43,A*11:01,A*11:01:01,A*11:01,True,A
HLA08259_HLA00043,A*11:128,A*11:128,A*11:01:01,A*11:01,True,A
HLA08260_HLA00043,A*11:01:44,A*11:01,A*11:01:01,A*11:01,True,A
HLA08261_HLA00071,A*25:17,A*25:17,A*25:01:01,A*25:01,True,A
HLA08262_HLA00071,A*25:18,A*25:18,A*25:01:01,A*25:01,True,A
HLA08263_HLA00071,A*25:19,A*25:19,A*25:01:01,A*25:01,True,A
HLA08264_HLA00071,A*25:20,A*25:20,A*25:01:01,A*25:01,True,A
HLA08265_HLA00073,A*26:01:26,A*26:01,A*26:01:01,A*26:01,True,A
HLA08266_HLA00043,A*11:01:45,A*11:01,A*11:01:01,A*11:01,True,A
HLA08267_HLA00090,A*30:66,A*30:66,A*30:02:01,A*30:02,True,A
HLA08268_HLA00090,A*30:02:08,A*30:02,A*30:02:01,A*30:02,True,A
HLA08269_HLA00089,A*30:01:07,A*30:01,A*30:01:01,A*30:01,True,A
HLA08270_HLA00050,A*24:205,A*24:205,A*24:02:01:01,A*24:02,True,A
HLA08270_HLA00051,A*24:205,A*24:205,A*24:02:01:02L,A*24:02,True,A
HLA08270_HLA06112,A*24:205,A*24:205,A*24:02:01:03,A*24:02,True,A
HLA08271_HLA00048,A*23:01:10,A*23:01,A*23:01:01,A*23:01,True,A
HLA08272_HLA00048,A*23:37:02,A*23:37,A*23:01:01,A*23:01,True,A
HLA08273_HLA00050,A*24:02:59,A*24:02,A*24:02:01:01,A*24:02,True,A
HLA08273_HLA00051,A*24:02:59,A*24:02,A*24:02:01:02L,A*24:02,True,A
HLA08273_HLA06112,A*24:02:59,A*24:02,A*24:02:01:03,A*24:02,True,A
HLA08274_HLA00048,A*23:54,A*23:54,A*23:01:01,A*23:01,True,A
HLA08275_HLA00050,A*24:206,A*24:206,A*24:02:01:01,A*24:02,True,A
HLA08275_HLA00051,A*24:206,A*24:206,A*24:02:01:02L,A*24:02,True,A
HLA08275_HLA06112,A*24:206,A*24:206,A*24:02:01:03,A*24:02,True,A
HLA08276_HLA00053,A*24:207,A*24:207,A*24:03:01,A*24:03,True,A
HLA08277_HLA00048,A*23:14:02,A*23:14,A*23:01:01,A*23:01,True,A
HLA08278_HLA00050,A*24:208,A*24:208,A*24:02:01:01,A*24:02,True,A
HLA08278_HLA00051,A*24:208,A*24:208,A*24:02:01:02L,A*24:02,True,A
HLA08278_HLA06112,A*24:208,A*24:208,A*24:02:01:03,A*24:02,True,A
HLA08279_HLA00050,A*24:209,A*24:209,A*24:02:01:01,A*24:02,True,A
HLA08279_HLA00051,A*24:209,A*24:209,A*24:02:01:02L,A*24:02,True,A
HLA08279_HLA06112,A*24:209,A*24:209,A*24:02:01:03,A*24:02,True,A
HLA08280_HLA00127,A*74:16,A*74:16,A*74:01,A*74:01,True,A
HLA08280_HLA00128,A*74:16,A*74:16,A*74:02:01:01,A*74:02,True,A
HLA08280_HLA05527,A*74:16,A*74:16,A*74:02:01:02,A*74:02,True,A
HLA08281_HLA00037,A*03:151,A*03:151,A*03:01:01:01,A*03:01,True,A
HLA08281_HLA01960,A*03:151,A*03:151,A*03:01:01:03,A*03:01,True,A
HLA08282_HLA00115,A*68:94N,A*68:94N,A*68:01:01:01,A*68:01,True,A
HLA08282_HLA05918,A*68:94N,A*68:94N,A*68:01:01:02,A*68:01,True,A
HLA08284_HLA00101,A*32:46,A*32:46,A*32:01:01,A*32:01,True,A
HLA08295_HLA00060,A*24:210,A*24:210,A*24:10:01,A*24:10,True,A
HLA08298_HLA00050,A*24:02:60,A*24:02,A*24:02:01:01,A*24:02,True,A
HLA08298_HLA00051,A*24:02:60,A*24:02,A*24:02:01:02L,A*24:02,True,A
HLA08298_HLA06112,A*24:02:60,A*24:02,A*24:02:01:03,A*24:02,True,A
HLA08300_HLA00050,A*24:02:61,A*24:02,A*24:02:01:01,A*24:02,True,A
HLA08300_HLA00051,A*24:02:61,A*24:02,A*24:02:01:02L,A*24:02,True,A
HLA08300_HLA06112,A*24:02:61,A*24:02,A*24:02:01:03,A*24:02,True,A
HLA08303_HLA00005,A*02:374,A*02:374,A*02:01:01:01,A*02:01,True,A
HLA08303_HLA03253,A*02:374,A*02:374,A*02:01:01:03,A*02:01,True,A
HLA08320_HLA00053,A*03:152,A*03:152,A*24:03:01,A*24:03,True,A
HLA08410_HLA00106,A*33:62,A*33:62,A*33:03:01,A*33:03,True,A
HLA08411_HLA00112,A*26:78,A*26:78,A*66:01,A*66:01,True,A
HLA08444_HLA00001,A*01:01:48,A*01:01,A*01:01:01:01,A*01:01,True,A
HLA08444_HLA02169,A*01:01:48,A*01:01,A*01:01:01:02N,A*01:01,True,A
HLA08445_HLA02057,A*01:115,A*01:115,A*01:11N,A*01:11N,True,A
HLA08446_HLA00001,A*01:116,A*01:116,A*01:01:01:01,A*01:01,True,A
HLA08446_HLA02169,A*01:116,A*01:116,A*01:01:01:02N,A*01:01,True,A
HLA08447_HLA00001,A*01:117,A*01:117,A*01:01:01:01,A*01:01,True,A
HLA08447_HLA02169,A*01:117,A*01:117,A*01:01:01:02N,A*01:01,True,A
HLA08448_HLA00037,A*03:01:34,A*03:01,A*03:01:01:01,A*03:01,True,A
HLA08448_HLA01960,A*03:01:34,A*03:01,A*03:01:01:03,A*03:01,True,A
HLA08449_HLA00037,A*03:153,A*03:153,A*03:01:01:01,A*03:01,True,A
HLA08449_HLA01960,A*03:153,A*03:153,A*03:01:01:03,A*03:01,True,A
HLA08450_HLA00037,A*03:04:03,A*03:04,A*03:01:01:01,A*03:01,True,A
HLA08450_HLA01960,A*03:04:03,A*03:04,A*03:01:01:03,A*03:01,True,A
HLA08451_HLA00037,A*03:154,A*03:154,A*03:01:01:01,A*03:01,True,A
HLA08451_HLA01960,A*03:154,A*03:154,A*03:01:01:03,A*03:01,True,A
HLA08452_HLA00037,A*03:155,A*03:155,A*03:01:01:01,A*03:01,True,A
HLA08452_HLA01960,A*03:155,A*03:155,A*03:01:01:03,A*03:01,True,A
HLA08453_HLA00101,A*32:47,A*32:47,A*32:01:01,A*32:01,True,A
HLA08454_HLA00101,A*32:48N,A*32:48N,A*32:01:01,A*32:01,True,A
HLA08455_HLA00101,A*32:01:14,A*32:01,A*32:01:01,A*32:01,True,A
HLA08456_HLA00127,A*74:17,A*74:17,A*74:01,A*74:01,True,A
HLA08456_HLA00128,A*74:17,A*74:17,A*74:02:01:01,A*74:02,True,A
HLA08456_HLA05527,A*74:17,A*74:17,A*74:02:01:02,A*74:02,True,A
HLA08457_HLA00101,A*32:49,A*32:49,A*32:01:01,A*32:01,True,A
HLA08458_HLA00101,A*32:50,A*32:50,A*32:01:01,A*32:01,True,A
HLA08459_HLA00037,A*03:156,A*03:156,A*03:01:01:01,A*03:01,True,A
HLA08459_HLA01960,A*03:156,A*03:156,A*03:01:01:03,A*03:01,True,A
HLA08460_HLA00001,A*01:118,A*01:118,A*01:01:01:01,A*01:01,True,A
HLA08460_HLA02169,A*01:118,A*01:118,A*01:01:01:02N,A*01:01,True,A
HLA08461_HLA00001,A*01:01:49,A*01:01,A*01:01:01:01,A*01:01,True,A
HLA08461_HLA02169,A*01:01:49,A*01:01,A*01:01:01:02N,A*01:01,True,A
HLA08462_HLA00005,A*02:377,A*02:377,A*02:01:01:01,A*02:01,True,A
HLA08462_HLA03253,A*02:377,A*02:377,A*02:01:01:03,A*02:01,True,A
HLA08462_HLA01218,A*02:377,A*02:377,A*02:43N,A*02:43N,True,A
HLA08463_HLA00005,A*02:378,A*02:378,A*02:01:01:01,A*02:01,True,A
HLA08463_HLA03253,A*02:378,A*02:378,A*02:01:01:03,A*02:01,True,A
HLA08463_HLA01218,A*02:378,A*02:378,A*02:43N,A*02:43N,True,A
HLA08464_HLA00005,A*02:379,A*02:379,A*02:01:01:01,A*02:01,True,A
HLA08464_HLA03253,A*02:379,A*02:379,A*02:01:01:03,A*02:01,True,A
HLA08464_HLA01218,A*02:379,A*02:379,A*02:43N,A*02:43N,True,A
HLA08465_HLA00005,A*02:01:83,A*02:01,A*02:01:01:01,A*02:01,True,A
HLA08465_HLA03253,A*02:01:83,A*02:01,A*02:01:01:03,A*02:01,True,A
HLA08465_HLA01218,A*02:01:83,A*02:01,A*02:43N,A*02:43N,True,A
HLA08466_HLA00005,A*02:380,A*02:380,A*02:01:01:01,A*02:01,True,A
HLA08466_HLA03253,A*02:380,A*02:380,A*02:01:01:03,A*02:01,True,A
HLA08466_HLA01218,A*02:380,A*02:380,A*02:43N,A*02:43N,True,A
HLA08467_HLA00005,A*02:381,A*02:381,A*02:01:01:01,A*02:01,True,A
HLA08467_HLA03253,A*02:381,A*02:381,A*02:01:01:03,A*02:01,True,A
HLA08467_HLA01218,A*02:381,A*02:381,A*02:43N,A*02:43N,True,A
HLA08468_HLA00005,A*02:375,A*02:375,A*02:01:01:01,A*02:01,True,A
HLA08468_HLA03253,A*02:375,A*02:375,A*02:01:01:03,A*02:01,True,A
HLA08468_HLA01218,A*02:375,A*02:375,A*02:43N,A*02:43N,True,A
HLA08479_HLA00097,A*31:67,A*31:67,A*31:01:02,A*31:01,True,A
HLA08480_HLA00104,A*33:01:07,A*33:01,A*33:01:01,A*33:01,True,A
HLA08481_HLA00043,A*11:130,A*11:130,A*11:01:01,A*11:01,True,A
HLA08482_HLA00071,A*25:21,A*25:21,A*25:01:01,A*25:01,True,A
HLA08483_HLA00112,A*66:18,A*66:18,A*66:01,A*66:01,True,A
HLA08484_HLA00050,A*24:214,A*24:214,A*24:02:01:01,A*24:02,True,A
HLA08484_HLA00051,A*24:214,A*24:214,A*24:02:01:02L,A*24:02,True,A
HLA08484_HLA06112,A*24:214,A*24:214,A*24:02:01:03,A*24:02,True,A
HLA08485_HLA00101,A*32:51,A*32:51,A*32:01:01,A*32:01,True,A
HLA08486_HLA00001,A*01:119,A*01:119,A*01:01:01:01,A*01:01,True,A
HLA08486_HLA02169,A*01:119,A*01:119,A*01:01:01:02N,A*01:01,True,A
HLA08487_HLA00037,A*03:157,A*03:157,A*03:01:01:01,A*03:01,True,A
HLA08487_HLA01960,A*03:157,A*03:157,A*03:01:01:03,A*03:01,True,A
HLA08488_HLA00037,A*03:01:35,A*03:01,A*03:01:01:01,A*03:01,True,A
HLA08488_HLA01960,A*03:01:35,A*03:01,A*03:01:01:03,A*03:01,True,A
HLA08489_HLA00037,A*03:01:36,A*03:01,A*03:01:01:01,A*03:01,True,A
HLA08489_HLA01960,A*03:01:36,A*03:01,A*03:01:01:03,A*03:01,True,A
HLA08490_HLA00037,A*03:158,A*03:158,A*03:01:01:01,A*03:01,True,A
HLA08490_HLA01960,A*03:158,A*03:158,A*03:01:01:03,A*03:01,True,A
HLA08491_HLA00101,A*32:52,A*32:52,A*32:01:01,A*32:01,True,A
HLA08492_HLA00037,A*03:01:37,A*03:01,A*03:01:01:01,A*03:01,True,A
HLA08492_HLA01960,A*03:01:37,A*03:01,A*03:01:01:03,A*03:01,True,A
HLA08493_HLA00010,A*02:382,A*02:382,A*02:05:01,A*02:05,True,A
HLA08493_HLA00011,A*02:382,A*02:382,A*02:06:01,A*02:06,True,A
HLA08494_HLA00005,A*02:383,A*02:383,A*02:01:01:01,A*02:01,True,A
HLA08494_HLA03253,A*02:383,A*02:383,A*02:01:01:03,A*02:01,True,A
HLA08494_HLA01218,A*02:383,A*02:383,A*02:43N,A*02:43N,True,A
HLA08495_HLA00005,A*02:384,A*02:384,A*02:01:01:01,A*02:01,True,A
HLA08495_HLA03253,A*02:384,A*02:384,A*02:01:01:03,A*02:01,True,A
HLA08495_HLA01218,A*02:384,A*02:384,A*02:43N,A*02:43N,True,A
HLA08496_HLA00005,A*02:385,A*02:385,A*02:01:01:01,A*02:01,True,A
HLA08496_HLA03253,A*02:385,A*02:385,A*02:01:01:03,A*02:01,True,A
HLA08496_HLA01218,A*02:385,A*02:385,A*02:43N,A*02:43N,True,A
HLA08497_HLA00005,A*02:01:84,A*02:01,A*02:01:01:01,A*02:01,True,A
HLA08497_HLA03253,A*02:01:84,A*02:01,A*02:01:01:03,A*02:01,True,A
HLA08498_HLA00005,A*02:386,A*02:386,A*02:01:01:01,A*02:01,True,A
HLA08498_HLA03253,A*02:386,A*02:386,A*02:01:01:03,A*02:01,True,A
HLA08498_HLA01218,A*02:386,A*02:386,A*02:43N,A*02:43N,True,A
HLA08554_HLA00050,A*24:212,A*24:212,A*24:02:01:01,A*24:02,True,A
HLA08554_HLA00051,A*24:212,A*24:212,A*24:02:01:02L,A*24:02,True,A
HLA08554_HLA06112,A*24:212,A*24:212,A*24:02:01:03,A*24:02,True,A
HLA08555_HLA00005,A*02:01:81,A*02:01,A*02:01:01:01,A*02:01,True,A
HLA08555_HLA03253,A*02:01:81,A*02:01,A*02:01:01:03,A*02:01,True,A
HLA08557_HLA00001,A*01:114,A*01:114,A*01:01:01:01,A*01:01,True,A
HLA08557_HLA02169,A*01:114,A*01:114,A*01:01:01:02N,A*01:01,True,A
HLA08560_HLA00050,A*24:213,A*24:213,A*24:02:01:01,A*24:02,True,A
HLA08560_HLA00051,A*24:213,A*24:213,A*24:02:01:02L,A*24:02,True,A
HLA08560_HLA06112,A*24:213,A*24:213,A*24:02:01:03,A*24:02,True,A
HLA08561_HLA00010,A*02:05:06,A*02:05,A*02:05:01,A*02:05,True,A
HLA08569_HLA00106,A*33:18:02,A*33:18,A*33:03:01,A*33:03,True,A
HLA08571_HLA00037,A*03:159,A*03:159,A*03:01:01:01,A*03:01,True,A
HLA08571_HLA01960,A*03:159,A*03:159,A*03:01:01:03,A*03:01,True,A
HLA08585_HLA00050,A*24:135:02,A*24:135,A*24:02:01:01,A*24:02,True,A
HLA08585_HLA00051,A*24:135:02,A*24:135,A*24:02:01:02L,A*24:02,True,A
HLA08585_HLA06112,A*24:135:02,A*24:135,A*24:02:01:03,A*24:02,True,A
HLA08598_HLA00073,A*26:79,A*26:79,A*26:01:01,A*26:01,True,A
HLA08599_HLA00106,A*33:03:11,A*33:03,A*33:03:01,A*33:03,True,A
HLA08607_HLA00073,A*26:80,A*26:80,A*26:01:01,A*26:01,True,A
HLA08608_HLA00097,A*31:68,A*31:68,A*31:01:02,A*31:01,True,A
HLA08609_HLA00097,A*31:69,A*31:69,A*31:01:02,A*31:01,True,A
HLA08610_HLA00097,A*31:70,A*31:70,A*31:01:02,A*31:01,True,A
HLA08611_HLA00106,A*33:63,A*33:63,A*33:03:01,A*33:03,True,A
HLA08612_HLA00104,A*33:64,A*33:64,A*33:01:01,A*33:01,True,A
HLA08613_HLA00073,A*26:01:27,A*26:01,A*26:01:01,A*26:01,True,A
HLA08614_HLA00043,A*11:131,A*11:131,A*11:01:01,A*11:01,True,A
HLA08615_HLA00071,A*25:22,A*25:22,A*25:01:01,A*25:01,True,A
HLA08616_HLA00112,A*66:19,A*66:19,A*66:01,A*66:01,True,A
HLA08617_HLA00109,A*34:10N,A*34:10N,A*34:02:01,A*34:02,True,A
HLA08618_HLA00043,A*11:132,A*11:132,A*11:01:01,A*11:01,True,A
HLA08619_HLA00116,A*68:95,A*68:95,A*68:01:02,A*68:01,True,A
HLA08620_HLA00116,A*68:01:17,A*68:01,A*68:01:02,A*68:01,True,A
HLA08621_HLA00116,A*68:13:02,A*68:13,A*68:01:02,A*68:01,True,A
HLA08622_HLA00090,A*30:02:09,A*30:02,A*30:02:01,A*30:02,True,A
HLA08623_HLA00090,A*30:02:10,A*30:02,A*30:02:01,A*30:02,True,A
HLA08624_HLA00090,A*30:67,A*30:67,A*30:02:01,A*30:02,True,A
HLA08625_HLA00050,A*24:216,A*24:216,A*24:02:01:01,A*24:02,True,A
HLA08625_HLA00051,A*24:216,A*24:216,A*24:02:01:02L,A*24:02,True,A
HLA08625_HLA06112,A*24:216,A*24:216,A*24:02:01:03,A*24:02,True,A
HLA08626_HLA00050,A*24:217,A*24:217,A*24:02:01:01,A*24:02,True,A
HLA08626_HLA00051,A*24:217,A*24:217,A*24:02:01:02L,A*24:02,True,A
HLA08626_HLA06112,A*24:217,A*24:217,A*24:02:01:03,A*24:02,True,A
HLA08627_HLA00060,A*24:10:02,A*24:10,A*24:10:01,A*24:10,True,A
HLA08628_HLA00048,A*23:01:11,A*23:01,A*23:01:01,A*23:01,True,A
HLA08629_HLA00048,A*23:55,A*23:55,A*23:01:01,A*23:01,True,A
HLA08630_HLA00050,A*24:218,A*24:218,A*24:02:01:01,A*24:02,True,A
HLA08630_HLA00051,A*24:218,A*24:218,A*24:02:01:02L,A*24:02,True,A
HLA08630_HLA06112,A*24:218,A*24:218,A*24:02:01:03,A*24:02,True,A
HLA08631_HLA00050,A*24:219,A*24:219,A*24:02:01:01,A*24:02,True,A
HLA08631_HLA00051,A*24:219,A*24:219,A*24:02:01:02L,A*24:02,True,A
HLA08631_HLA06112,A*24:219,A*24:219,A*24:02:01:03,A*24:02,True,A
HLA08632_HLA00050,A*24:220,A*24:220,A*24:02:01:01,A*24:02,True,A
HLA08632_HLA00051,A*24:220,A*24:220,A*24:02:01:02L,A*24:02,True,A
HLA08632_HLA06112,A*24:220,A*24:220,A*24:02:01:03,A*24:02,True,A
HLA08633_HLA00050,A*24:02:62,A*24:02,A*24:02:01:01,A*24:02,True,A
HLA08633_HLA00051,A*24:02:62,A*24:02,A*24:02:01:02L,A*24:02,True,A
HLA08633_HLA06112,A*24:02:62,A*24:02,A*24:02:01:03,A*24:02,True,A
HLA08634_HLA00050,A*24:02:63,A*24:02,A*24:02:01:01,A*24:02,True,A
HLA08634_HLA00051,A*24:02:63,A*24:02,A*24:02:01:02L,A*24:02,True,A
HLA08634_HLA06112,A*24:02:63,A*24:02,A*24:02:01:03,A*24:02,True,A
HLA08635_HLA00050,A*24:221,A*24:221,A*24:02:01:01,A*24:02,True,A
HLA08635_HLA00051,A*24:221,A*24:221,A*24:02:01:02L,A*24:02,True,A
HLA08635_HLA06112,A*24:221,A*24:221,A*24:02:01:03,A*24:02,True,A
HLA08636_HLA00001,A*01:120,A*01:120,A*01:01:01:01,A*01:01,True,A
HLA08636_HLA02169,A*01:120,A*01:120,A*01:01:01:02N,A*01:01,True,A
HLA08637_HLA00001,A*01:01:50,A*01:01,A*01:01:01:01,A*01:01,True,A
HLA08637_HLA02169,A*01:01:50,A*01:01,A*01:01:01:02N,A*01:01,True,A
HLA08638_HLA00001,A*01:121,A*01:121,A*01:01:01:01,A*01:01,True,A
HLA08638_HLA02169,A*01:121,A*01:121,A*01:01:01:02N,A*01:01,True,A
HLA08639_HLA00001,A*01:122,A*01:122,A*01:01:01:01,A*01:01,True,A
HLA08639_HLA02169,A*01:122,A*01:122,A*01:01:01:02N,A*01:01,True,A
HLA08640_HLA00001,A*01:83:02,A*01:83,A*01:01:01:01,A*01:01,True,A
HLA08640_HLA02169,A*01:83:02,A*01:83,A*01:01:01:02N,A*01:01,True,A
HLA08641_HLA00037,A*03:01:38,A*03:01,A*03:01:01:01,A*03:01,True,A
HLA08641_HLA01960,A*03:01:38,A*03:01,A*03:01:01:03,A*03:01,True,A
HLA08642_HLA00040,A*03:160,A*03:160,A*03:02:01,A*03:02,True,A
HLA08643_HLA00101,A*32:55:01,A*32:55,A*32:01:01,A*32:01,True,A
HLA08644_HLA00037,A*03:161N,A*03:161N,A*03:01:01:01,A*03:01,True,A
HLA08644_HLA01960,A*03:161N,A*03:161N,A*03:01:01:03,A*03:01,True,A
HLA08645_HLA00011,A*02:387,A*02:387,A*02:06:01,A*02:06,True,A
HLA08646_HLA00005,A*02:388,A*02:388,A*02:01:01:01,A*02:01,True,A
HLA08646_HLA03253,A*02:388,A*02:388,A*02:01:01:03,A*02:01,True,A
HLA08646_HLA01218,A*02:388,A*02:388,A*02:43N,A*02:43N,True,A
HLA08647_HLA00005,A*02:389,A*02:389,A*02:01:01:01,A*02:01,True,A
HLA08647_HLA03253,A*02:389,A*02:389,A*02:01:01:03,A*02:01,True,A
HLA08647_HLA01218,A*02:389,A*02:389,A*02:43N,A*02:43N,True,A
HLA08648_HLA00005,A*02:390,A*02:390,A*02:01:01:01,A*02:01,True,A
HLA08648_HLA03253,A*02:390,A*02:390,A*02:01:01:03,A*02:01,True,A
HLA08648_HLA01218,A*02:390,A*02:390,A*02:43N,A*02:43N,True,A
HLA08649_HLA00005,A*02:391,A*02:391,A*02:01:01:01,A*02:01,True,A
HLA08649_HLA03253,A*02:391,A*02:391,A*02:01:01:03,A*02:01,True,A
HLA08649_HLA01218,A*02:391,A*02:391,A*02:43N,A*02:43N,True,A
HLA08650_HLA00005,A*02:392,A*02:392,A*02:01:01:01,A*02:01,True,A
HLA08650_HLA03253,A*02:392,A*02:392,A*02:01:01:03,A*02:01,True,A
HLA08650_HLA01218,A*02:392,A*02:392,A*02:43N,A*02:43N,True,A
HLA08651_HLA00005,A*02:01:85,A*02:01,A*02:01:01:01,A*02:01,True,A
HLA08651_HLA03253,A*02:01:85,A*02:01,A*02:01:01:03,A*02:01,True,A
HLA08651_HLA01218,A*02:01:85,A*02:01,A*02:43N,A*02:43N,True,A
HLA08652_HLA00005,A*02:01:86,A*02:01,A*02:01:01:01,A*02:01,True,A
HLA08652_HLA03253,A*02:01:86,A*02:01,A*02:01:01:03,A*02:01,True,A
HLA08652_HLA01218,A*02:01:86,A*02:01,A*02:43N,A*02:43N,True,A
HLA08775_HLA00090,A*30:68,A*30:68,A*30:02:01,A*30:02,True,A
HLA08778_HLA00090,A*30:69,A*30:69,A*30:02:01,A*30:02,True,A
HLA08786_HLA00050,A*24:222N,A*24:222N,A*24:02:01:01,A*24:02,True,A
HLA08786_HLA00051,A*24:222N,A*24:222N,A*24:02:01:02L,A*24:02,True,A
HLA08786_HLA06112,A*24:222N,A*24:222N,A*24:02:01:03,A*24:02,True,A
HLA08787_HLA00106,A*33:03:12,A*33:03,A*33:03:01,A*33:03,True,A
HLA08788_HLA00101,A*32:33:02,A*32:33,A*32:01:01,A*32:01,True,A
HLA08789_HLA00090,A*30:70N,A*30:70N,A*30:02:01,A*30:02,True,A
HLA08792_HLA00086,A*29:47,A*29:47,A*29:02:01:01,A*29:02,True,A
HLA08810_HLA01778,A*29:48,A*29:48,A*02:65,A*02:65,True,A
HLA08878_HLA00043,A*11:133,A*11:133,A*11:01:01,A*11:01,True,A
HLA08883_HLA00005,A*02:393,A*02:393,A*02:01:01:01,A*02:01,True,A
HLA08883_HLA03253,A*02:393,A*02:393,A*02:01:01:03,A*02:01,True,A
HLA08888_HLA00005,A*02:394,A*02:394,A*02:01:01:01,A*02:01,True,A
HLA08888_HLA03253,A*02:394,A*02:394,A*02:01:01:03,A*02:01,True,A
HLA08889_HLA00005,A*02:395N,A*02:395N,A*02:01:01:01,A*02:01,True,A
HLA08889_HLA03253,A*02:395N,A*02:395N,A*02:01:01:03,A*02:01,True,A
HLA08891_HLA00005,A*02:396,A*02:396,A*02:01:01:01,A*02:01,True,A
HLA08891_HLA03253,A*02:396,A*02:396,A*02:01:01:03,A*02:01,True,A
HLA08891_HLA01218,A*02:396,A*02:396,A*02:43N,A*02:43N,True,A
HLA08895_HLA00001,A*01:123N,A*01:123N,A*01:01:01:01,A*01:01,True,A
HLA08895_HLA02169,A*01:123N,A*01:123N,A*01:01:01:02N,A*01:01,True,A
HLA08900_HLA00073,A*26:81,A*26:81,A*26:01:01,A*26:01,True,A
HLA08906_HLA00101,A*32:56N,A*32:56N,A*32:01:01,A*32:01,True,A
HLA08920_HLA02057,A*01:124,A*01:124,A*01:11N,A*01:11N,True,A
HLA08921_HLA00050,A*24:223,A*24:223,A*24:02:01:01,A*24:02,True,A
HLA08921_HLA00051,A*24:223,A*24:223,A*24:02:01:02L,A*24:02,True,A
HLA08921_HLA06112,A*24:223,A*24:223,A*24:02:01:03,A*24:02,True,A
HLA08923_HLA00050,A*24:224,A*24:224,A*24:02:01:01,A*24:02,True,A
HLA08923_HLA00051,A*24:224,A*24:224,A*24:02:01:02L,A*24:02,True,A
HLA08923_HLA06112,A*24:224,A*24:224,A*24:02:01:03,A*24:02,True,A
HLA08925_HLA00085,A*29:49,A*29:49,A*29:01:01:01,A*29:01,True,A
HLA08925_HLA01406,A*29:49,A*29:49,A*29:01:01:02N,A*29:01,True,A
HLA08930_HLA00043,A*11:134,A*11:134,A*11:01:01,A*11:01,True,A
HLA08935_HLA00050,A*24:225,A*24:225,A*24:02:01:01,A*24:02,True,A
HLA08935_HLA00051,A*24:225,A*24:225,A*24:02:01:02L,A*24:02,True,A
HLA08935_HLA06112,A*24:225,A*24:225,A*24:02:01:03,A*24:02,True,A
HLA08938_HLA00101,A*32:01:15,A*32:01,A*32:01:01,A*32:01,True,A
HLA08939_HLA00097,A*31:01:17,A*31:01,A*31:01:02,A*31:01,True,A
HLA08940_HLA00117,A*68:97,A*68:97,A*68:02:01:01,A*68:02,True,A
HLA08940_HLA02911,A*68:97,A*68:97,A*68:02:01:03,A*68:02,True,A
HLA08941_HLA00043,A*11:135,A*11:135,A*11:01:01,A*11:01,True,A
HLA08942_HLA00043,A*11:136,A*11:136,A*11:01:01,A*11:01,True,A
HLA08943_HLA00043,A*11:137N,A*11:137N,A*11:01:01,A*11:01,True,A
HLA08944_HLA00043,A*11:138,A*11:138,A*11:01:01,A*11:01,True,A
HLA08945_HLA00115,A*68:01:18,A*68:01,A*68:01:01:01,A*68:01,True,A
HLA08945_HLA05918,A*68:01:18,A*68:01,A*68:01:01:02,A*68:01,True,A
HLA08946_HLA00073,A*26:83,A*26:83,A*26:01:01,A*26:01,True,A
HLA08947_HLA00073,A*26:84,A*26:84,A*26:01:01,A*26:01,True,A
HLA08948_HLA00116,A*68:98,A*68:98,A*68:01:02,A*68:01,True,A
HLA08949_HLA00089,A*30:71,A*30:71,A*30:01:01,A*30:01,True,A
HLA08950_HLA00050,A*24:226,A*24:226,A*24:02:01:01,A*24:02,True,A
HLA08950_HLA00051,A*24:226,A*24:226,A*24:02:01:02L,A*24:02,True,A
HLA08950_HLA06112,A*24:226,A*24:226,A*24:02:01:03,A*24:02,True,A
HLA08951_HLA00050,A*24:227,A*24:227,A*24:02:01:01,A*24:02,True,A
HLA08951_HLA00051,A*24:227,A*24:227,A*24:02:01:02L,A*24:02,True,A
HLA08951_HLA06112,A*24:227,A*24:227,A*24:02:01:03,A*24:02,True,A
HLA08952_HLA00050,A*24:02:64,A*24:02,A*24:02:01:01,A*24:02,True,A
HLA08952_HLA00051,A*24:02:64,A*24:02,A*24:02:01:02L,A*24:02,True,A
HLA08952_HLA06112,A*24:02:64,A*24:02,A*24:02:01:03,A*24:02,True,A
HLA08953_HLA00048,A*23:56,A*23:56,A*23:01:01,A*23:01,True,A
HLA08964_HLA00048,A*24:228,A*24:228,A*23:01:01,A*23:01,True,A
HLA08964_HLA00051,A*24:228,A*24:228,A*24:02:01:02L,A*24:02,True,A
HLA08964_HLA06112,A*24:228,A*24:228,A*24:02:01:03,A*24:02,True,A
HLA08965_HLA00001,A*01:125,A*01:125,A*01:01:01:01,A*01:01,True,A
HLA08965_HLA02169,A*01:125,A*01:125,A*01:01:01:02N,A*01:01,True,A
HLA08966_HLA00001,A*01:01:52,A*01:01,A*01:01:01:01,A*01:01,True,A
HLA08966_HLA02169,A*01:01:52,A*01:01,A*01:01:01:02N,A*01:01,True,A
HLA08967_HLA00001,A*01:126,A*01:126,A*01:01:01:01,A*01:01,True,A
HLA08967_HLA02169,A*01:126,A*01:126,A*01:01:01:02N,A*01:01,True,A
HLA08968_HLA00001,A*01:01:53,A*01:01,A*01:01:01:01,A*01:01,True,A
HLA08968_HLA02169,A*01:01:53,A*01:01,A*01:01:01:02N,A*01:01,True,A
HLA08969_HLA00101,A*32:55:02,A*32:55,A*32:01:01,A*32:01,True,A
HLA08970_HLA00101,A*32:57,A*32:57,A*32:01:01,A*32:01,True,A
HLA08971_HLA00106,A*33:65,A*33:65,A*33:03:01,A*33:03,True,A
HLA08972_HLA00011,A*02:398,A*02:398,A*02:06:01,A*02:06,True,A
HLA08973_HLA00005,A*02:399,A*02:399,A*02:01:01:01,A*02:01,True,A
HLA08973_HLA03253,A*02:399,A*02:399,A*02:01:01:03,A*02:01,True,A
HLA08973_HLA01218,A*02:399,A*02:399,A*02:43N,A*02:43N,True,A
HLA08974_HLA00005,A*02:400,A*02:400,A*02:01:01:01,A*02:01,True,A
HLA08974_HLA03253,A*02:400,A*02:400,A*02:01:01:03,A*02:01,True,A
HLA08974_HLA01218,A*02:400,A*02:400,A*02:43N,A*02:43N,True,A
HLA09078_HLA00050,A*24:229,A*24:229,A*24:02:01:01,A*24:02,True,A
HLA09078_HLA00051,A*24:229,A*24:229,A*24:02:01:02L,A*24:02,True,A
HLA09078_HLA06112,A*24:229,A*24:229,A*24:02:01:03,A*24:02,True,A
HLA09079_HLA00005,A*02:401,A*02:401,A*02:01:01:01,A*02:01,True,A
HLA09079_HLA03253,A*02:401,A*02:401,A*02:01:01:03,A*02:01,True,A
HLA09079_HLA01218,A*02:401,A*02:401,A*02:43N,A*02:43N,True,A
HLA09081_HLA00043,A*11:139,A*11:139,A*11:01:01,A*11:01,True,A
HLA09083_HLA00106,A*33:66,A*33:66,A*33:03:01,A*33:03,True,A
HLA09089_HLA00104,A*33:67,A*33:67,A*33:01:01,A*33:01,True,A
HLA09090_HLA00008,A*02:402,A*02:402,A*02:03:01,A*02:03,True,A
HLA09099_HLA00012,A*02:403,A*02:403,A*02:07:01,A*02:07,True,A
HLA09108_HLA00116,A*68:99,A*68:99,A*68:01:02,A*68:01,True,A
HLA09109_HLA00050,A*24:230,A*24:230,A*24:02:01:01,A*24:02,True,A
HLA09109_HLA00051,A*24:230,A*24:230,A*24:02:01:02L,A*24:02,True,A
HLA09109_HLA06112,A*24:230,A*24:230,A*24:02:01:03,A*24:02,True,A
HLA09113_HLA00086,A*29:50,A*29:50,A*29:02:01:01,A*29:02,True,A
HLA09118_HLA00037,A*03:01:39,A*03:01,A*03:01:01:01,A*03:01,True,A
HLA09118_HLA01960,A*03:01:39,A*03:01,A*03:01:01:03,A*03:01,True,A
HLA09119_HLA00048,A*23:57,A*23:57,A*23:01:01,A*23:01,True,A
HLA09121_HLA00011,A*02:404,A*02:404,A*02:06:01,A*02:06,True,A
HLA09123_HLA00011,A*02:405,A*02:405,A*02:06:01,A*02:06,True,A
HLA09125_HLA00005,A*02:406,A*02:406,A*02:01:01:01,A*02:01,True,A
HLA09125_HLA03253,A*02:406,A*02:406,A*02:01:01:03,A*02:01,True,A
HLA09126_HLA00005,A*02:407,A*02:407,A*02:01:01:01,A*02:01,True,A
HLA09126_HLA03253,A*02:407,A*02:407,A*02:01:01:03,A*02:01,True,A
HLA09128_HLA00086,A*29:51,A*29:51,A*29:02:01:01,A*29:02,True,A
HLA09130_HLA00012,A*02:408,A*02:408,A*02:07:01,A*02:07,True,A
HLA09134_HLA00130,A*80:03,A*80:03,A*80:01:01:01,A*80:01,True,A
HLA09134_HLA08791,A*80:03,A*80:03,A*80:01:01:02,A*80:01,True,A
HLA09141_HLA00044,A*11:140,A*11:140,A*11:02:01,A*11:02,True,A
HLA09151_HLA00001,A*01:127,A*01:127,A*01:01:01:01,A*01:01,True,A
HLA09151_HLA02169,A*01:127,A*01:127,A*01:01:01:02N,A*01:01,True,A
HLA09160_HLA00089,A*30:72,A*30:72,A*30:01:01,A*30:01,True,A
HLA09161_HLA00097,A*31:73,A*31:73,A*31:01:02,A*31:01,True,A
HLA09162_HLA00086,A*29:52,A*29:52,A*29:02:01:01,A*29:02,True,A
HLA09163_HLA00011,A*02:409,A*02:409,A*02:06:01,A*02:06,True,A
HLA09164_HLA00005,A*02:410,A*02:410,A*02:01:01:01,A*02:01,True,A
HLA09164_HLA03253,A*02:410,A*02:410,A*02:01:01:03,A*02:01,True,A
HLA09164_HLA01218,A*02:410,A*02:410,A*02:43N,A*02:43N,True,A
HLA09298_HLA00008,A*02:412,A*02:412,A*02:03:01,A*02:03,True,A
HLA09301_HLA00044,A*11:02:04,A*11:02,A*11:02:01,A*11:02,True,A
HLA09322_HLA00106,A*33:03:14,A*33:03,A*33:03:01,A*33:03,True,A
HLA09324_HLA00011,A*02:06:14,A*02:06,A*02:06:01,A*02:06,True,A
HLA09325_HLA00005,A*02:17:03,A*02:17,A*02:01:01:01,A*02:01,True,A
HLA09325_HLA03253,A*02:17:03,A*02:17,A*02:01:01:03,A*02:01,True,A
HLA09325_HLA01609,A*02:17:03,A*02:17,A*02:57,A*02:57,True,A
HLA09327_HLA00043,A*11:141,A*11:141,A*11:01:01,A*11:01,True,A
HLA09333_HLA00116,A*68:100,A*68:100,A*68:01:02,A*68:01,True,A
HLA09336_HLA00108,A*34:11,A*34:11,A*34:01:01,A*34:01,True,A
HLA09337_HLA00037,A*03:163,A*03:163,A*03:01:01:01,A*03:01,True,A
HLA09337_HLA01960,A*03:163,A*03:163,A*03:01:01:03,A*03:01,True,A
HLA09339_HLA00001,A*01:128,A*01:128,A*01:01:01:01,A*01:01,True,A
HLA09339_HLA02169,A*01:128,A*01:128,A*01:01:01:02N,A*01:01,True,A
HLA09409_HLA00089,A*30:73N,A*30:73N,A*30:01:01,A*30:01,True,A
HLA09410_HLA00086,A*29:53,A*29:53,A*29:02:01:01,A*29:02,True,A
HLA09411_HLA00097,A*31:01:18,A*31:01,A*31:01:02,A*31:01,True,A
HLA09412_HLA00104,A*33:68,A*33:68,A*33:01:01,A*33:01,True,A
HLA09413_HLA00115,A*68:01:19,A*68:01,A*68:01:01:01,A*68:01,True,A
HLA09413_HLA05918,A*68:01:19,A*68:01,A*68:01:01:02,A*68:01,True,A
HLA09414_HLA00001,A*01:01:54,A*01:01,A*01:01:01:01,A*01:01,True,A
HLA09414_HLA02169,A*01:01:54,A*01:01,A*01:01:01:02N,A*01:01,True,A
HLA09415_HLA00001,A*01:01:55,A*01:01,A*01:01:01:01,A*01:01,True,A
HLA09415_HLA02169,A*01:01:55,A*01:01,A*01:01:01:02N,A*01:01,True,A
HLA09416_HLA00001,A*01:129,A*01:129,A*01:01:01:01,A*01:01,True,A
HLA09416_HLA02169,A*01:129,A*01:129,A*01:01:01:02N,A*01:01,True,A
HLA09417_HLA00001,A*01:01:56,A*01:01,A*01:01:01:01,A*01:01,True,A
HLA09417_HLA02169,A*01:01:56,A*01:01,A*01:01:01:02N,A*01:01,True,A
HLA09418_HLA00037,A*03:164,A*03:164,A*03:01:01:01,A*03:01,True,A
HLA09418_HLA01960,A*03:164,A*03:164,A*03:01:01:03,A*03:01,True,A
HLA09419_HLA00037,A*03:165,A*03:165,A*03:01:01:01,A*03:01,True,A
HLA09419_HLA01960,A*03:165,A*03:165,A*03:01:01:03,A*03:01,True,A
HLA09420_HLA00037,A*03:166,A*03:166,A*03:01:01:01,A*03:01,True,A
HLA09420_HLA01960,A*03:166,A*03:166,A*03:01:01:03,A*03:01,True,A
HLA09421_HLA00010,A*02:413,A*02:413,A*02:05:01,A*02:05,True,A
HLA09422_HLA00005,A*02:414,A*02:414,A*02:01:01:01,A*02:01,True,A
HLA09422_HLA03253,A*02:414,A*02:414,A*02:01:01:03,A*02:01,True,A
HLA09422_HLA01218,A*02:414,A*02:414,A*02:43N,A*02:43N,True,A
HLA09447_HLA00097,A*31:74,A*31:74,A*31:01:02,A*31:01,True,A
HLA09458_HLA00050,A*24:232N,A*24:232N,A*24:02:01:01,A*24:02,True,A
HLA09458_HLA00051,A*24:232N,A*24:232N,A*24:02:01:02L,A*24:02,True,A
HLA09458_HLA06112,A*24:232N,A*24:232N,A*24:02:01:03,A*24:02,True,A
HLA09463_HLA00005,A*02:417,A*02:417,A*02:01:01:01,A*02:01,True,A
HLA09463_HLA03253,A*02:417,A*02:417,A*02:01:01:03,A*02:01,True,A
HLA09465_HLA00089,A*30:74,A*30:74,A*30:01:01,A*30:01,True,A
HLA09466_HLA00003,A*01:130,A*01:130,A*01:03,A*01:03,True,A
HLA09468_HLA00005,A*02:416,A*02:416,A*02:01:01:01,A*02:01,True,A
HLA09468_HLA03253,A*02:416,A*02:416,A*02:01:01:03,A*02:01,True,A
HLA09469_HLA00037,A*03:01:40,A*03:01,A*03:01:01:01,A*03:01,True,A
HLA09469_HLA01960,A*03:01:40,A*03:01,A*03:01:01:03,A*03:01,True,A
HLA09474_HLA00073,A*26:85,A*26:85,A*26:01:01,A*26:01,True,A
HLA09479_HLA00073,A*26:86,A*26:86,A*26:01:01,A*26:01,True,A
HLA09480_HLA00043,A*11:143,A*11:143,A*11:01:01,A*11:01,True,A
HLA09481_HLA00005,A*02:418,A*02:418,A*02:01:01:01,A*02:01,True,A
HLA09481_HLA03253,A*02:418,A*02:418,A*02:01:01:03,A*02:01,True,A
HLA09484_HLA00043,A*11:144,A*11:144,A*11:01:01,A*11:01,True,A
HLA09485_HLA00050,A*24:74:02,A*24:74,A*24:02:01:01,A*24:02,True,A
HLA09485_HLA00051,A*24:74:02,A*24:74,A*24:02:01:02L,A*24:02,True,A
HLA09485_HLA06112,A*24:74:02,A*24:74,A*24:02:01:03,A*24:02,True,A
HLA09486_HLA00011,A*02:420,A*02:420,A*02:06:01,A*02:06,True,A
HLA09490_HLA00073,A*26:87,A*26:87,A*26:01:01,A*26:01,True,A
HLA09492_HLA00073,A*26:88,A*26:88,A*26:01:01,A*26:01,True,A
HLA09494_HLA00011,A*02:419,A*02:419,A*02:06:01,A*02:06,True,A
HLA09495_HLA00050,A*24:234,A*24:234,A*24:02:01:01,A*24:02,True,A
HLA09495_HLA00051,A*24:234,A*24:234,A*24:02:01:02L,A*24:02,True,A
HLA09495_HLA06112,A*24:234,A*24:234,A*24:02:01:03,A*24:02,True,A
HLA09496_HLA00043,A*11:145,A*11:145,A*11:01:01,A*11:01,True,A
HLA09497_HLA00040,A*03:167,A*03:167,A*03:02:01,A*03:02,True,A
HLA09498_HLA00050,A*24:233,A*24:233,A*24:02:01:01,A*24:02,True,A
HLA09498_HLA00051,A*24:233,A*24:233,A*24:02:01:02L,A*24:02,True,A
HLA09498_HLA06112,A*24:233,A*24:233,A*24:02:01:03,A*24:02,True,A
HLA09499_HLA00073,A*26:89,A*26:89,A*26:01:01,A*26:01,True,A
HLA09506_HLA00001,A*01:131,A*01:131,A*01:01:01:01,A*01:01,True,A
HLA09506_HLA02169,A*01:131,A*01:131,A*01:01:01:02N,A*01:01,True,A
HLA09508_HLA00043,A*11:146,A*11:146,A*11:01:01,A*11:01,True,A
HLA09510_HLA00073,A*26:90,A*26:90,A*26:01:01,A*26:01,True,A
HLA09514_HLA00037,A*03:168N,A*03:168N,A*03:01:01:01,A*03:01,True,A
HLA09514_HLA01960,A*03:168N,A*03:168N,A*03:01:01:03,A*03:01,True,A
HLA09516_HLA00005,A*02:425,A*02:425,A*02:01:01:01,A*02:01,True,A
HLA09516_HLA03253,A*02:425,A*02:425,A*02:01:01:03,A*02:01,True,A
HLA09516_HLA01218,A*02:425,A*02:425,A*02:43N,A*02:43N,True,A
HLA09520_HLA00086,A*29:54,A*29:54,A*29:02:01:01,A*29:02,True,A
HLA09521_HLA00104,A*33:69,A*33:69,A*33:01:01,A*33:01,True,A
HLA09522_HLA00106,A*33:70,A*33:70,A*33:03:01,A*33:03,True,A
HLA09523_HLA00043,A*11:01:48,A*11:01,A*11:01:01,A*11:01,True,A
HLA09524_HLA00073,A*26:01:28,A*26:01,A*26:01:01,A*26:01,True,A
HLA09525_HLA00073,A*26:01:29,A*26:01,A*26:01:01,A*26:01,True,A
HLA09526_HLA00073,A*26:91,A*26:91,A*26:01:01,A*26:01,True,A
HLA09527_HLA00090,A*30:02:11,A*30:02,A*30:02:01,A*30:02,True,A
HLA09528_HLA00089,A*30:75,A*30:75,A*30:01:01,A*30:01,True,A
HLA09529_HLA00090,A*30:76N,A*30:76N,A*30:02:01,A*30:02,True,A
HLA09530_HLA00048,A*23:59,A*23:59,A*23:01:01,A*23:01,True,A
HLA09531_HLA00050,A*24:235,A*24:235,A*24:02:01:01,A*24:02,True,A
HLA09531_HLA00051,A*24:235,A*24:235,A*24:02:01:02L,A*24:02,True,A
HLA09531_HLA06112,A*24:235,A*24:235,A*24:02:01:03,A*24:02,True,A
HLA09532_HLA00050,A*24:236,A*24:236,A*24:02:01:01,A*24:02,True,A
HLA09532_HLA00051,A*24:236,A*24:236,A*24:02:01:02L,A*24:02,True,A
HLA09532_HLA06112,A*24:236,A*24:236,A*24:02:01:03,A*24:02,True,A
HLA09533_HLA00050,A*24:237,A*24:237,A*24:02:01:01,A*24:02,True,A
HLA09533_HLA00051,A*24:237,A*24:237,A*24:02:01:02L,A*24:02,True,A
HLA09533_HLA06112,A*24:237,A*24:237,A*24:02:01:03,A*24:02,True,A
HLA09534_HLA00050,A*24:238,A*24:238,A*24:02:01:01,A*24:02,True,A
HLA09534_HLA00051,A*24:238,A*24:238,A*24:02:01:02L,A*24:02,True,A
HLA09534_HLA06112,A*24:238,A*24:238,A*24:02:01:03,A*24:02,True,A
HLA09535_HLA00050,A*24:239,A*24:239,A*24:02:01:01,A*24:02,True,A
HLA09535_HLA00051,A*24:239,A*24:239,A*24:02:01:02L,A*24:02,True,A
HLA09535_HLA06112,A*24:239,A*24:239,A*24:02:01:03,A*24:02,True,A
HLA09536_HLA00050,A*24:240N,A*24:240N,A*24:02:01:01,A*24:02,True,A
HLA09536_HLA00051,A*24:240N,A*24:240N,A*24:02:01:02L,A*24:02,True,A
HLA09536_HLA06112,A*24:240N,A*24:240N,A*24:02:01:03,A*24:02,True,A
HLA09537_HLA00001,A*01:01:57,A*01:01,A*01:01:01:01,A*01:01,True,A
HLA09537_HLA02169,A*01:01:57,A*01:01,A*01:01:01:02N,A*01:01,True,A
HLA09538_HLA00001,A*01:133,A*01:133,A*01:01:01:01,A*01:01,True,A
HLA09538_HLA02169,A*01:133,A*01:133,A*01:01:01:02N,A*01:01,True,A
HLA09539_HLA00001,A*01:01:58,A*01:01,A*01:01:01:01,A*01:01,True,A
HLA09539_HLA02169,A*01:01:58,A*01:01,A*01:01:01:02N,A*01:01,True,A
HLA09540_HLA00037,A*03:169,A*03:169,A*03:01:01:01,A*03:01,True,A
HLA09540_HLA01960,A*03:169,A*03:169,A*03:01:01:03,A*03:01,True,A
HLA09541_HLA00037,A*03:170,A*03:170,A*03:01:01:01,A*03:01,True,A
HLA09541_HLA01960,A*03:170,A*03:170,A*03:01:01:03,A*03:01,True,A
HLA09542_HLA00037,A*03:123:02,A*03:123,A*03:01:01:01,A*03:01,True,A
HLA09542_HLA01960,A*03:123:02,A*03:123,A*03:01:01:03,A*03:01,True,A
HLA09543_HLA00037,A*03:01:41,A*03:01,A*03:01:01:01,A*03:01,True,A
HLA09543_HLA01960,A*03:01:41,A*03:01,A*03:01:01:03,A*03:01,True,A
HLA09544_HLA00101,A*32:58,A*32:58,A*32:01:01,A*32:01,True,A
HLA09545_HLA00037,A*03:01:42,A*03:01,A*03:01:01:01,A*03:01,True,A
HLA09545_HLA01960,A*03:01:42,A*03:01,A*03:01:01:03,A*03:01,True,A
HLA09546_HLA00037,A*03:01:43,A*03:01,A*03:01:01:01,A*03:01,True,A
HLA09546_HLA01960,A*03:01:43,A*03:01,A*03:01:01:03,A*03:01,True,A
HLA09547_HLA00090,A*30:02:12,A*30:02,A*30:02:01,A*30:02,True,A
HLA09548_HLA00010,A*02:421,A*02:421,A*02:05:01,A*02:05,True,A
HLA09549_HLA00005,A*02:01:87,A*02:01,A*02:01:01:01,A*02:01,True,A
HLA09549_HLA03253,A*02:01:87,A*02:01,A*02:01:01:03,A*02:01,True,A
HLA09549_HLA01218,A*02:01:87,A*02:01,A*02:43N,A*02:43N,True,A
HLA09550_HLA00005,A*02:422,A*02:422,A*02:01:01:01,A*02:01,True,A
HLA09550_HLA03253,A*02:422,A*02:422,A*02:01:01:03,A*02:01,True,A
HLA09550_HLA01218,A*02:422,A*02:422,A*02:43N,A*02:43N,True,A
HLA09551_HLA00005,A*02:423,A*02:423,A*02:01:01:01,A*02:01,True,A
HLA09551_HLA03253,A*02:423,A*02:423,A*02:01:01:03,A*02:01,True,A
HLA09551_HLA01218,A*02:423,A*02:423,A*02:43N,A*02:43N,True,A
HLA09552_HLA00005,A*02:01:88,A*02:01,A*02:01:01:01,A*02:01,True,A
HLA09552_HLA03253,A*02:01:88,A*02:01,A*02:01:01:03,A*02:01,True,A
HLA09552_HLA01218,A*02:01:88,A*02:01,A*02:43N,A*02:43N,True,A
HLA09553_HLA00005,A*02:424,A*02:424,A*02:01:01:01,A*02:01,True,A
HLA09553_HLA03253,A*02:424,A*02:424,A*02:01:01:03,A*02:01,True,A
HLA09553_HLA01218,A*02:424,A*02:424,A*02:43N,A*02:43N,True,A
HLA09568_HLA00112,A*26:92,A*26:92,A*66:01,A*66:01,True,A
HLA09659_HLA00116,A*68:101,A*68:101,A*68:01:02,A*68:01,True,A
HLA09662_HLA00008,A*02:427,A*02:427,A*02:03:01,A*02:03,True,A
HLA09682_HLA00043,A*11:119:02,A*11:119,A*11:01:01,A*11:01,True,A
HLA09692_HLA00012,A*02:429,A*02:429,A*02:07:01,A*02:07,True,A
HLA09693_HLA00005,A*02:430,A*02:430,A*02:01:01:01,A*02:01,True,A
HLA09693_HLA03253,A*02:430,A*02:430,A*02:01:01:03,A*02:01,True,A
HLA09693_HLA01218,A*02:430,A*02:430,A*02:43N,A*02:43N,True,A
HLA09705_HLA00089,A*30:78N,A*30:78N,A*30:01:01,A*30:01,True,A
HLA09707_HLA00037,A*03:171,A*03:171,A*03:01:01:01,A*03:01,True,A
HLA09707_HLA01960,A*03:171,A*03:171,A*03:01:01:03,A*03:01,True,A
HLA09712_HLA00115,A*68:01:20,A*68:01,A*68:01:01:01,A*68:01,True,A
HLA09712_HLA05918,A*68:01:20,A*68:01,A*68:01:01:02,A*68:01,True,A
HLA09715_HLA00008,A*02:431,A*02:431,A*02:03:01,A*02:03,True,A
HLA09718_HLA00012,A*02:432,A*02:432,A*02:07:01,A*02:07,True,A
HLA09774_HLA00043,A*11:01:50,A*11:01,A*11:01:01,A*11:01,True,A
HLA09775_HLA00106,A*33:71,A*33:71,A*33:03:01,A*33:03,True,A
HLA09776_HLA00097,A*31:75,A*31:75,A*31:01:02,A*31:01,True,A
HLA09777_HLA00097,A*31:76,A*31:76,A*31:01:02,A*31:01,True,A
HLA09778_HLA00097,A*31:77,A*31:77,A*31:01:02,A*31:01,True,A
HLA09779_HLA00106,A*33:03:15,A*33:03,A*33:03:01,A*33:03,True,A
HLA09780_HLA00044,A*11:147,A*11:147,A*11:02:01,A*11:02,True,A
HLA09781_HLA00043,A*11:148,A*11:148,A*11:01:01,A*11:01,True,A
HLA09782_HLA00043,A*11:149,A*11:149,A*11:01:01,A*11:01,True,A
HLA09783_HLA00071,A*25:23,A*25:23,A*25:01:01,A*25:01,True,A
HLA09784_HLA00073,A*26:93,A*26:93,A*26:01:01,A*26:01,True,A
HLA09785_HLA00126,A*69:02,A*69:02,A*69:01,A*69:01,True,A
HLA09786_HLA00117,A*68:27:02,A*68:27,A*68:02:01:01,A*68:02,True,A
HLA09786_HLA02911,A*68:27:02,A*68:27,A*68:02:01:03,A*68:02,True,A
HLA09787_HLA00115,A*68:75:02,A*68:75,A*68:01:01:01,A*68:01,True,A
HLA09787_HLA05918,A*68:75:02,A*68:75,A*68:01:01:02,A*68:01,True,A
HLA09788_HLA00043,A*11:150,A*11:150,A*11:01:01,A*11:01,True,A
HLA09789_HLA00116,A*68:102,A*68:102,A*68:01:02,A*68:01,True,A
HLA09790_HLA00050,A*24:242,A*24:242,A*24:02:01:01,A*24:02,True,A
HLA09790_HLA00051,A*24:242,A*24:242,A*24:02:01:02L,A*24:02,True,A
HLA09790_HLA06112,A*24:242,A*24:242,A*24:02:01:03,A*24:02,True,A
HLA09791_HLA00050,A*24:243,A*24:243,A*24:02:01:01,A*24:02,True,A
HLA09791_HLA00051,A*24:243,A*24:243,A*24:02:01:02L,A*24:02,True,A
HLA09791_HLA06112,A*24:243,A*24:243,A*24:02:01:03,A*24:02,True,A
HLA09792_HLA00050,A*24:244,A*24:244,A*24:02:01:01,A*24:02,True,A
HLA09792_HLA00051,A*24:244,A*24:244,A*24:02:01:02L,A*24:02,True,A
HLA09792_HLA06112,A*24:244,A*24:244,A*24:02:01:03,A*24:02,True,A
HLA09793_HLA00050,A*24:245,A*24:245,A*24:02:01:01,A*24:02,True,A
HLA09793_HLA00051,A*24:245,A*24:245,A*24:02:01:02L,A*24:02,True,A
HLA09793_HLA06112,A*24:245,A*24:245,A*24:02:01:03,A*24:02,True,A
HLA09794_HLA00048,A*23:60,A*23:60,A*23:01:01,A*23:01,True,A
HLA09795_HLA00050,A*24:02:66,A*24:02,A*24:02:01:01,A*24:02,True,A
HLA09795_HLA00051,A*24:02:66,A*24:02,A*24:02:01:02L,A*24:02,True,A
HLA09795_HLA06112,A*24:02:66,A*24:02,A*24:02:01:03,A*24:02,True,A
HLA09796_HLA00050,A*24:02:67,A*24:02,A*24:02:01:01,A*24:02,True,A
HLA09796_HLA00051,A*24:02:67,A*24:02,A*24:02:01:02L,A*24:02,True,A
HLA09796_HLA06112,A*24:02:67,A*24:02,A*24:02:01:03,A*24:02,True,A
HLA09797_HLA00050,A*24:246,A*24:246,A*24:02:01:01,A*24:02,True,A
HLA09797_HLA00051,A*24:246,A*24:246,A*24:02:01:02L,A*24:02,True,A
HLA09797_HLA06112,A*24:246,A*24:246,A*24:02:01:03,A*24:02,True,A
HLA09798_HLA00050,A*24:02:68,A*24:02,A*24:02:01:01,A*24:02,True,A
HLA09798_HLA00051,A*24:02:68,A*24:02,A*24:02:01:02L,A*24:02,True,A
HLA09798_HLA06112,A*24:02:68,A*24:02,A*24:02:01:03,A*24:02,True,A
HLA09799_HLA00001,A*01:134,A*01:134,A*01:01:01:01,A*01:01,True,A
HLA09799_HLA02169,A*01:134,A*01:134,A*01:01:01:02N,A*01:01,True,A
HLA09800_HLA00001,A*01:135,A*01:135,A*01:01:01:01,A*01:01,True,A
HLA09800_HLA02169,A*01:135,A*01:135,A*01:01:01:02N,A*01:01,True,A
HLA09801_HLA00001,A*01:136,A*01:136,A*01:01:01:01,A*01:01,True,A
HLA09801_HLA02169,A*01:136,A*01:136,A*01:01:01:02N,A*01:01,True,A
HLA09802_HLA02057,A*01:137,A*01:137,A*01:11N,A*01:11N,True,A
HLA09803_HLA00001,A*01:138,A*01:138,A*01:01:01:01,A*01:01,True,A
HLA09803_HLA02169,A*01:138,A*01:138,A*01:01:01:02N,A*01:01,True,A
HLA09804_HLA00037,A*03:172,A*03:172,A*03:01:01:01,A*03:01,True,A
HLA09804_HLA01960,A*03:172,A*03:172,A*03:01:01:03,A*03:01,True,A
HLA09805_HLA00037,A*03:173,A*03:173,A*03:01:01:01,A*03:01,True,A
HLA09805_HLA01960,A*03:173,A*03:173,A*03:01:01:03,A*03:01,True,A
HLA09806_HLA00037,A*03:174,A*03:174,A*03:01:01:01,A*03:01,True,A
HLA09806_HLA01960,A*03:174,A*03:174,A*03:01:01:03,A*03:01,True,A
HLA09807_HLA00073,A*26:94,A*26:94,A*26:01:01,A*26:01,True,A
HLA09808_HLA00010,A*02:433,A*02:433,A*02:05:01,A*02:05,True,A
HLA09809_HLA00005,A*02:434,A*02:434,A*02:01:01:01,A*02:01,True,A
HLA09809_HLA03253,A*02:434,A*02:434,A*02:01:01:03,A*02:01,True,A
HLA09809_HLA01218,A*02:434,A*02:434,A*02:43N,A*02:43N,True,A
HLA09810_HLA00005,A*02:01:90,A*02:01,A*02:01:01:01,A*02:01,True,A
HLA09810_HLA03253,A*02:01:90,A*02:01,A*02:01:01:03,A*02:01,True,A
HLA09810_HLA01218,A*02:01:90,A*02:01,A*02:43N,A*02:43N,True,A
HLA09811_HLA00005,A*02:01:91,A*02:01,A*02:01:01:01,A*02:01,True,A
HLA09811_HLA03253,A*02:01:91,A*02:01,A*02:01:01:03,A*02:01,True,A
HLA09811_HLA01218,A*02:01:91,A*02:01,A*02:43N,A*02:43N,True,A
HLA09812_HLA00005,A*02:435,A*02:435,A*02:01:01:01,A*02:01,True,A
HLA09812_HLA03253,A*02:435,A*02:435,A*02:01:01:03,A*02:01,True,A
HLA09812_HLA01218,A*02:435,A*02:435,A*02:43N,A*02:43N,True,A
HLA09813_HLA00005,A*02:01:92,A*02:01,A*02:01:01:01,A*02:01,True,A
HLA09813_HLA03253,A*02:01:92,A*02:01,A*02:01:01:03,A*02:01,True,A
HLA09813_HLA01218,A*02:01:92,A*02:01,A*02:43N,A*02:43N,True,A
HLA09814_HLA00005,A*02:01:93,A*02:01,A*02:01:01:01,A*02:01,True,A
HLA09814_HLA03253,A*02:01:93,A*02:01,A*02:01:01:03,A*02:01,True,A
HLA09814_HLA01218,A*02:01:93,A*02:01,A*02:43N,A*02:43N,True,A
HLA09815_HLA00005,A*02:436,A*02:436,A*02:01:01:01,A*02:01,True,A
HLA09815_HLA03253,A*02:436,A*02:436,A*02:01:01:03,A*02:01,True,A
HLA09815_HLA01218,A*02:436,A*02:436,A*02:43N,A*02:43N,True,A
HLA09816_HLA00005,A*02:01:94,A*02:01,A*02:01:01:01,A*02:01,True,A
HLA09816_HLA03253,A*02:01:94,A*02:01,A*02:01:01:03,A*02:01,True,A
HLA09816_HLA01218,A*02:01:94,A*02:01,A*02:43N,A*02:43N,True,A
HLA09817_HLA00005,A*02:01:95,A*02:01,A*02:01:01:01,A*02:01,True,A
HLA09817_HLA03253,A*02:01:95,A*02:01,A*02:01:01:03,A*02:01,True,A
HLA09817_HLA01218,A*02:01:95,A*02:01,A*02:43N,A*02:43N,True,A
HLA09824_HLA00085,A*29:55,A*29:55,A*29:01:01:01,A*29:01,True,A
HLA09824_HLA01406,A*29:55,A*29:55,A*29:01:01:02N,A*29:01,True,A
HLA09825_HLA00050,A*24:02:69,A*24:02,A*24:02:01:01,A*24:02,True,A
HLA09825_HLA00051,A*24:02:69,A*24:02,A*24:02:01:02L,A*24:02,True,A
HLA09825_HLA06112,A*24:02:69,A*24:02,A*24:02:01:03,A*24:02,True,A
HLA09877_HLA00011,A*02:438,A*02:438,A*02:06:01,A*02:06,True,A
HLA09878_HLA00050,A*24:02:70,A*24:02,A*24:02:01:01,A*24:02,True,A
HLA09878_HLA00051,A*24:02:70,A*24:02,A*24:02:01:02L,A*24:02,True,A
HLA09878_HLA06112,A*24:02:70,A*24:02,A*24:02:01:03,A*24:02,True,A
HLA00132,B*07:02:01,B*07:02,,,False,B
HLA00137,B*07:05:01,B*07:05,,,False,B
HLA01742,B*07:33:01,B*07:33,,,False,B
HLA02164,B*07:41,B*07:41,,,False,B
HLA02560,B*07:50,B*07:50,,,False,B
HLA00146,B*08:01:01,B*08:01,,,False,B
HLA00975,B*08:08N,B*08:08N,,,False,B
HLA01717,B*08:19N,B*08:19N,,,False,B
HLA01752,B*08:20,B*08:20,,,False,B
HLA02849,B*08:33,B*08:33,,,False,B
HLA07386,B*08:79,B*08:79,,,False,B
HLA00152,B*13:01:01,B*13:01,,,False,B
HLA00153,B*13:02:01,B*13:02,,,False,B
HLA02295,B*13:02:03,B*13:02,,,False,B
HLA01476,B*13:08,B*13:08,,,False,B
HLA02389,B*13:15,B*13:15,,,False,B
HLA03834,B*13:25,B*13:25,,,False,B
HLA00158,B*14:02:01,B*14:02,,,False,B
HLA02166,B*14:07N,B*14:07N,,,False,B
HLA00162,B*15:01:01:01,B*15:01,,,False,B
HLA00165,B*15:02:01,B*15:02,,,False,B
HLA00166,B*15:03:01,B*15:03,,,False,B
HLA00167,B*15:04,B*15:04,,,False,B
HLA00170,B*15:07:01,B*15:07,,,False,B
HLA02376,B*15:108,B*15:108,,,False,B
HLA00173,B*15:10:01,B*15:10,,,False,B
HLA00174,B*15:11:01,B*15:11,,,False,B
HLA00176,B*15:13:01,B*15:13,,,False,B
HLA00179,B*15:16:01,B*15:16,,,False,B
HLA00180,B*15:17:01:01,B*15:17,,,False,B
HLA01439,B*15:17:01:02,B*15:17,,,False,B
HLA00181,B*15:18:01,B*15:18,,,False,B
HLA00188,B*15:25:01,B*15:25,,,False,B
HLA00190,B*15:27:01,B*15:27,,,False,B
HLA00195,B*15:32,B*15:32,,,False,B
HLA00205,B*15:42,B*15:42,,,False,B
HLA01118,B*15:58,B*15:58,,,False,B
HLA01440,B*15:66,B*15:66,,,False,B
HLA01743,B*15:77,B*15:77,,,False,B
HLA01845,B*15:83,B*15:83,,,False,B
HLA00213,B*18:01:01:01,B*18:01,,,False,B
HLA07768,B*18:01:01:02,B*18:01,,,False,B
HLA00214,B*18:02,B*18:02,,,False,B
HLA00215,B*18:03,B*18:03,,,False,B
HLA01532,B*18:17N,B*18:17N,,,False,B
HLA02851,B*18:26,B*18:26,,,False,B
HLA00223,B*27:04:01,B*27:04,,,False,B
HLA00225,B*27:05:02,B*27:05,,,False,B
HLA00227,B*27:06,B*27:06,,,False,B
HLA00228,B*27:07:01,B*27:07,,,False,B
HLA01504,B*27:24,B*27:24,,,False,B
HLA01529,B*27:25,B*27:25,,,False,B
HLA02370,B*27:32,B*27:32,,,False,B
HLA00237,B*35:01:01:01,B*35:01,,,False,B
HLA05817,B*35:01:22,B*35:01,,,False,B
HLA00238,B*35:02:01,B*35:02,,,False,B
HLA00239,B*35:03:01,B*35:03,,,False,B
HLA00241,B*35:05:01,B*35:05,,,False,B
HLA00244,B*35:08:01,B*35:08,,,False,B
HLA01741,B*35:14:02,B*35:14,,,False,B
HLA01563,B*35:41,B*35:41,,,False,B
HLA00265,B*37:01:01,B*37:01,,,False,B
HLA03651,B*37:01:05,B*37:01,,,False,B
HLA00267,B*38:01:01,B*38:01,,,False,B
HLA00268,B*38:02:01,B*38:02,,,False,B
HLA02584,B*38:14,B*38:14,,,False,B
HLA00271,B*39:01:01:01,B*39:01,,,False,B
HLA09085,B*39:01:16,B*39:01,,,False,B
HLA00278,B*39:05:01,B*39:05,,,False,B
HLA00280,B*39:06:02,B*39:06,,,False,B
HLA00284,B*39:10:01,B*39:10,,,False,B
HLA02165,B*39:13:02,B*39:13,,,False,B
HLA02163,B*39:34,B*39:34,,,False,B
HLA02412,B*39:38Q,B*39:38Q,,,False,B
HLA00291,B*40:01:01,B*40:01,,,False,B
HLA00293,B*40:02:01,B*40:02,,,False,B
HLA00294,B*40:03,B*40:03,,,False,B
HLA00297,B*40:06:01:01,B*40:06,,,False,B
HLA01430,B*40:06:01:02,B*40:06,,,False,B
HLA00301,B*40:10:01,B*40:10,,,False,B
HLA01510,B*40:40,B*40:40,,,False,B
HLA02850,B*40:72:01,B*40:72,,,False,B
HLA03160,B*40:79,B*40:79,,,False,B
HLA00312,B*41:01,B*41:01,,,False,B
HLA00315,B*42:01:01,B*42:01,,,False,B
HLA00316,B*42:02,B*42:02,,,False,B
HLA02390,B*42:08,B*42:08,,,False,B
HLA00318,B*44:02:01:01,B*44:02,,,False,B
HLA08401,B*44:02:01:03,B*44:02,,,False,B
HLA06304,B*44:02:17,B*44:02,,,False,B
HLA00319,B*44:03:01,B*44:03,,,False,B
HLA00320,B*44:03:02,B*44:03,,,False,B
HLA00321,B*44:04,B*44:04,,,False,B
HLA00326,B*44:09,B*44:09,,,False,B
HLA07343,B*44:138Q,B*44:138Q,,,False,B
HLA07767,B*44:150,B*44:150,,,False,B
HLA01341,B*44:23N,B*44:23N,,,False,B
HLA02343,B*44:46,B*44:46,,,False,B
HLA02675,B*44:49,B*44:49,,,False,B
HLA03130,B*44:56N,B*44:56N,,,False,B
HLA00329,B*45:01,B*45:01,,,False,B
HLA01343,B*45:04,B*45:04,,,False,B
HLA00331,B*46:01:01,B*46:01,,,False,B
HLA05818,B*46:01:05,B*46:01,,,False,B
HLA00332,B*47:01:01:01,B*47:01,,,False,B
HLA01437,B*47:01:01:02,B*47:01,,,False,B
HLA00335,B*48:01:01,B*48:01,,,False,B
HLA00337,B*48:03:01,B*48:03,,,False,B
HLA00338,B*48:04,B*48:04,,,False,B
HLA01777,B*48:08,B*48:08,,,False,B
HLA00340,B*49:01:01,B*49:01,,,False,B
HLA00341,B*50:01:01,B*50:01,,,False,B
HLA00344,B*51:01:01,B*51:01,,,False,B
HLA00345,B*51:01:02,B*51:01,,,False,B
HLA00346,B*51:02:01,B*51:02,,,False,B
HLA00352,B*51:07:01,B*51:07,,,False,B
HLA02558,B*51:42,B*51:42,,,False,B
HLA00362,B*52:01:01:01,B*52:01,,,False,B
HLA00364,B*53:01:01,B*53:01,,,False,B
HLA02352,B*53:11,B*53:11,,,False,B
HLA00367,B*54:01:01,B*54:01,,,False,B
HLA03748,B*54:18,B*54:18,,,False,B
HLA00368,B*55:01:01,B*55:01,,,False,B
HLA00369,B*55:02:01,B*55:02,,,False,B
HLA01553,B*55:12,B*55:12,,,False,B
HLA02677,B*55:24,B*55:24,,,False,B
HLA05807,B*55:48,B*55:48,,,False,B
HLA00376,B*56:01:01,B*56:01,,,False,B
HLA00378,B*56:03,B*56:03,,,False,B
HLA00379,B*56:04,B*56:04,,,False,B
HLA00381,B*57:01:01,B*57:01,,,False,B
HLA00383,B*57:03:01,B*57:03,,,False,B
HLA01074,B*57:06,B*57:06,,,False,B
HLA02676,B*57:11,B*57:11,,,False,B
HLA00386,B*58:01:01,B*58:01,,,False,B
HLA00389,B*59:01:01:01,B*59:01,,,False,B
HLA00390,B*67:01:01,B*67:01,,,False,B
HLA00391,B*67:01:02,B*67:01,,,False,B
HLA01374,B*67:02,B*67:02,,,False,B
HLA00392,B*73:01,B*73:01,,,False,B
HLA00393,B*78:01:01,B*78:01,,,False,B
HLA00398,B*81:01,B*81:01,,,False,B
HLA01188,B*82:02,B*82:02,,,False,B
HLA00133_HLA00132,B*07:02:02,B*07:02,B*07:02:01,B*07:02,True,B
HLA00134_HLA00132,B*07:02:03,B*07:02,B*07:02:01,B*07:02,True,B
HLA00135_HLA02560,B*07:03,B*07:03,B*07:50,B*07:50,True,B
HLA00136_HLA00132,B*07:04,B*07:04,B*07:02:01,B*07:02,True,B
HLA00139_HLA00132,B*07:07,B*07:07,B*07:02:01,B*07:02,True,B
HLA00140_HLA02560,B*07:08,B*07:08,B*07:50,B*07:50,True,B
HLA00141_HLA00132,B*07:09,B*07:09,B*07:02:01,B*07:02,True,B
HLA00142_HLA00132,B*07:10,B*07:10,B*07:02:01,B*07:02,True,B
HLA00143_HLA00132,B*07:11,B*07:11,B*07:02:01,B*07:02,True,B
HLA00144_HLA00132,B*07:12,B*07:12,B*07:02:01,B*07:02,True,B
HLA00145_HLA00132,B*07:13,B*07:13,B*07:02:01,B*07:02,True,B
HLA00147_HLA00146,B*08:02,B*08:02,B*08:01:01,B*08:01,True,B
HLA00148_HLA00146,B*08:03,B*08:03,B*08:01:01,B*08:01,True,B
HLA00148_HLA01717,B*08:03,B*08:03,B*08:19N,B*08:19N,True,B
HLA00149_HLA00146,B*08:04,B*08:04,B*08:01:01,B*08:01,True,B
HLA00149_HLA01717,B*08:04,B*08:04,B*08:19N,B*08:19N,True,B
HLA00150_HLA00146,B*08:05,B*08:05,B*08:01:01,B*08:01,True,B
HLA00150_HLA01717,B*08:05,B*08:05,B*08:19N,B*08:19N,True,B
HLA00154_HLA00153,B*13:03,B*13:03,B*13:02:01,B*13:02,True,B
HLA00155_HLA05413,B*13:04,B*13:04,B*13:02:09,B*13:02,True,B
HLA00157_HLA00158,B*14:01:01,B*14:01,B*14:02:01,B*14:02,True,B
HLA00157_HLA02166,B*14:01:01,B*14:01,B*14:07N,B*14:07N,True,B
HLA00159_HLA00158,B*14:03,B*14:03,B*14:02:01,B*14:02,True,B
HLA00160_HLA00158,B*14:04,B*14:04,B*14:02:01,B*14:02,True,B
HLA00161_HLA00158,B*14:05,B*14:05,B*14:02:01,B*14:02,True,B
HLA00164_HLA00162,B*15:01:02,B*15:01,B*15:01:01:01,B*15:01,True,B
HLA00168_HLA00162,B*15:05:01,B*15:05,B*15:01:01:01,B*15:01,True,B
HLA00169_HLA00190,B*15:06,B*15:06,B*15:27:01,B*15:27,True,B
HLA00171_HLA00174,B*15:08,B*15:08,B*15:11:01,B*15:11,True,B
HLA00172_HLA00173,B*15:09,B*15:09,B*15:10:01,B*15:10,True,B
HLA00175_HLA00162,B*15:12,B*15:12,B*15:01:01:01,B*15:01,True,B
HLA00177_HLA00162,B*15:14,B*15:14,B*15:01:01:01,B*15:01,True,B
HLA00178_HLA00174,B*15:15,B*15:15,B*15:11:01,B*15:11,True,B
HLA00183_HLA00188,B*15:20,B*15:20,B*15:25:01,B*15:25,True,B
HLA00184_HLA00165,B*15:21,B*15:21,B*15:02:01,B*15:02,True,B
HLA00185_HLA00174,B*35:43:01,B*35:43,B*15:11:01,B*15:11,True,B
HLA00186_HLA00181,B*15:23,B*15:23,B*15:18:01,B*15:18,True,B
HLA00187_HLA00162,B*15:24:01,B*15:24,B*15:01:01:01,B*15:01,True,B
HLA00189_HLA00162,B*15:26N,B*15:26N,B*15:01:01:01,B*15:01,True,B
HLA00191_HLA00162,B*15:28,B*15:28,B*15:01:01:01,B*15:01,True,B
HLA00192_HLA00181,B*15:29,B*15:29,B*15:18:01,B*15:18,True,B
HLA00193_HLA01118,B*15:30,B*15:30,B*15:58,B*15:58,True,B
HLA00194_HLA00165,B*15:31,B*15:31,B*15:02:01,B*15:02,True,B
HLA00194_HLA00174,B*15:31,B*15:31,B*15:11:01,B*15:11,True,B
HLA00196_HLA00162,B*15:33,B*15:33,B*15:01:01:01,B*15:01,True,B
HLA00197_HLA00162,B*15:34,B*15:34,B*15:01:01:01,B*15:01,True,B
HLA00198_HLA00162,B*15:35,B*15:35,B*15:01:01:01,B*15:01,True,B
HLA00199_HLA00176,B*15:36,B*15:36,B*15:13:01,B*15:13,True,B
HLA00200_HLA00173,B*15:37,B*15:37,B*15:10:01,B*15:10,True,B
HLA00201_HLA00162,B*15:38:01,B*15:38,B*15:01:01:01,B*15:01,True,B
HLA00202_HLA00162,B*15:39:01,B*15:39,B*15:01:01:01,B*15:01,True,B
HLA00203_HLA00162,B*15:40,B*15:40,B*15:01:01:01,B*15:01,True,B
HLA00206_HLA00162,B*15:43,B*15:43,B*15:01:01:01,B*15:01,True,B
HLA00207_HLA00165,B*15:44,B*15:44,B*15:02:01,B*15:02,True,B
HLA00208_HLA00170,B*15:45,B*15:45,B*15:07:01,B*15:07,True,B
HLA00209_HLA00162,B*15:46,B*15:46,B*15:01:01:01,B*15:01,True,B
HLA00210_HLA00166,B*15:47:01,B*15:47,B*15:03:01,B*15:03,True,B
HLA00211_HLA01118,B*15:48,B*15:48,B*15:58,B*15:58,True,B
HLA00212_HLA00166,B*15:49,B*15:49,B*15:03:01,B*15:03,True,B
HLA00216_HLA00213,B*18:04,B*18:04,B*18:01:01:01,B*18:01,True,B
HLA00216_HLA07768,B*18:04,B*18:04,B*18:01:01:02,B*18:01,True,B
HLA00216_HLA01532,B*18:04,B*18:04,B*18:17N,B*18:17N,True,B
HLA00217_HLA00213,B*18:05,B*18:05,B*18:01:01:01,B*18:01,True,B
HLA00217_HLA07768,B*18:05,B*18:05,B*18:01:01:02,B*18:01,True,B
HLA00217_HLA01532,B*18:05,B*18:05,B*18:17N,B*18:17N,True,B
HLA00218_HLA00213,B*18:06,B*18:06,B*18:01:01:01,B*18:01,True,B
HLA00218_HLA07768,B*18:06,B*18:06,B*18:01:01:02,B*18:01,True,B
HLA00219_HLA00213,B*18:07:01,B*18:07,B*18:01:01:01,B*18:01,True,B
HLA00219_HLA07768,B*18:07:01,B*18:07,B*18:01:01:02,B*18:01,True,B
HLA00219_HLA01532,B*18:07:01,B*18:07,B*18:17N,B*18:17N,True,B
HLA00220_HLA00225,B*27:01,B*27:01,B*27:05:02,B*27:05,True,B
HLA00221_HLA00225,B*27:02:01,B*27:02,B*27:05:02,B*27:05,True,B
HLA00222_HLA00225,B*27:03,B*27:03,B*27:05:02,B*27:05,True,B
HLA00226_HLA00225,B*27:05:03,B*27:05,B*27:05:02,B*27:05,True,B
HLA00229_HLA00223,B*27:08,B*27:08,B*27:04:01,B*27:04,True,B
HLA00229_HLA00225,B*27:08,B*27:08,B*27:05:02,B*27:05,True,B
HLA00230_HLA00225,B*27:09,B*27:09,B*27:05:02,B*27:05,True,B
HLA00231_HLA00225,B*27:10,B*27:10,B*27:05:02,B*27:05,True,B
HLA00232_HLA00228,B*27:11,B*27:11,B*27:07:01,B*27:07,True,B
HLA00233_HLA00223,B*27:12,B*27:12,B*27:04:01,B*27:04,True,B
HLA00233_HLA00225,B*27:12,B*27:12,B*27:05:02,B*27:05,True,B
HLA00235_HLA00225,B*27:14,B*27:14,B*27:05:02,B*27:05,True,B
HLA00236_HLA00223,B*27:15,B*27:15,B*27:04:01,B*27:04,True,B
HLA00240_HLA00238,B*35:04:01,B*35:04,B*35:02:01,B*35:02,True,B
HLA00242_HLA00239,B*35:06,B*35:06,B*35:03:01,B*35:03,True,B
HLA00243_HLA00237,B*35:07,B*35:07,B*35:01:01:01,B*35:01,True,B
HLA00245_HLA00238,B*35:09:01,B*35:09,B*35:02:01,B*35:02,True,B
HLA00246_HLA00238,B*35:09:02,B*35:09,B*35:02:01,B*35:02,True,B
HLA00247_HLA00237,B*35:10,B*35:10,B*35:01:01:01,B*35:01,True,B
HLA00248_HLA00237,B*35:11:01,B*35:11,B*35:01:01:01,B*35:01,True,B
HLA00249_HLA00238,B*35:12:01,B*35:12,B*35:02:01,B*35:02,True,B
HLA00250_HLA00239,B*35:13,B*35:13,B*35:03:01,B*35:03,True,B
HLA00251_HLA01741,B*35:14:01,B*35:14,B*35:14:02,B*35:14,True,B
HLA00252_HLA00237,B*35:15,B*35:15,B*35:01:01:01,B*35:01,True,B
HLA00253_HLA00237,B*35:16,B*35:16,B*35:01:01:01,B*35:01,True,B
HLA00254_HLA00237,B*35:17,B*35:17,B*35:01:01:01,B*35:01,True,B
HLA00255_HLA00238,B*35:18,B*35:18,B*35:02:01,B*35:02,True,B
HLA00256_HLA00237,B*35:19,B*35:19,B*35:01:01:01,B*35:01,True,B
HLA00257_HLA00237,B*35:20:01,B*35:20,B*35:01:01:01,B*35:01,True,B
HLA00258_HLA00237,B*35:21,B*35:21,B*35:01:01:01,B*35:01,True,B
HLA00259_HLA00241,B*35:22,B*35:22,B*35:05:01,B*35:05,True,B
HLA00260_HLA00237,B*35:23,B*35:23,B*35:01:01:01,B*35:01,True,B
HLA00261_HLA00237,B*35:24:01,B*35:24,B*35:01:01:01,B*35:01,True,B
HLA00262_HLA00237,B*35:25,B*35:25,B*35:01:01:01,B*35:01,True,B
HLA00263_HLA00237,B*35:26,B*35:26,B*35:01:01:01,B*35:01,True,B
HLA00264_HLA00237,B*35:27,B*35:27,B*35:01:01:01,B*35:01,True,B
HLA00266_HLA00225,B*37:02,B*37:02,B*27:05:02,B*27:05,True,B
HLA00269_HLA00268,B*38:02:02,B*38:02,B*38:02:01,B*38:02,True,B
HLA00270_HLA00268,B*38:03,B*38:03,B*38:02:01,B*38:02,True,B
HLA00274_HLA00273,B*39:02:01,B*39:02,B*39:01:03,B*39:01,True,B
HLA00274_HLA02165,B*39:02:01,B*39:02,B*39:13:02,B*39:13,True,B
HLA00275_HLA02165,B*39:02:02,B*39:02,B*39:13:02,B*39:13,True,B
HLA00276_HLA00271,B*39:03,B*39:03,B*39:01:01:01,B*39:01,True,B
HLA00277_HLA00271,B*39:04,B*39:04,B*39:01:01:01,B*39:01,True,B
HLA00279_HLA00280,B*39:06:01,B*39:06,B*39:06:02,B*39:06,True,B
HLA00281_HLA00278,B*39:07,B*39:07,B*39:05:01,B*39:05,True,B
HLA00282_HLA02165,B*39:08,B*39:08,B*39:13:02,B*39:13,True,B
HLA00283_HLA00271,B*39:09,B*39:09,B*39:01:01:01,B*39:01,True,B
HLA00285_HLA00278,B*39:11,B*39:11,B*39:05:01,B*39:05,True,B
HLA00286_HLA00271,B*39:12,B*39:12,B*39:01:01:01,B*39:01,True,B
HLA00287_HLA02165,B*39:13:01,B*39:13,B*39:13:02,B*39:13,True,B
HLA00288_HLA00271,B*39:14,B*39:14,B*39:01:01:01,B*39:01,True,B
HLA00289_HLA00271,B*39:15,B*39:15,B*39:01:01:01,B*39:01,True,B
HLA00290_HLA00284,B*39:16,B*39:16,B*39:10:01,B*39:10,True,B
HLA00295_HLA00293,B*40:04,B*40:04,B*40:02:01,B*40:02,True,B
HLA00296_HLA00293,B*40:05,B*40:05,B*40:02:01,B*40:02,True,B
HLA00298_HLA00292,B*40:07,B*40:07,B*40:01:02,B*40:01,True,B
HLA00299_HLA00293,B*40:08,B*40:08,B*40:02:01,B*40:02,True,B
HLA00300_HLA00293,B*40:09,B*40:09,B*40:02:01,B*40:02,True,B
HLA00302_HLA00293,B*40:11:01,B*40:11,B*40:02:01,B*40:02,True,B
HLA00303_HLA00301,B*40:12,B*40:12,B*40:10:01,B*40:10,True,B
HLA00303_HLA00337,B*40:12,B*40:12,B*48:03:01,B*48:03,True,B
HLA00304_HLA00293,B*40:13,B*40:13,B*40:02:01,B*40:02,True,B
HLA00305_HLA02850,B*40:14:01,B*40:14,B*40:72:01,B*40:72,True,B
HLA00306_HLA00291,B*40:15,B*40:15,B*40:01:01,B*40:01,True,B
HLA00307_HLA00292,B*40:16,B*40:16,B*40:01:02,B*40:01,True,B
HLA00309_HLA00293,B*40:18,B*40:18,B*40:02:01,B*40:02,True,B
HLA00310_HLA00293,B*40:19,B*40:19,B*40:02:01,B*40:02,True,B
HLA00311_HLA00294,B*40:20,B*40:20,B*40:03,B*40:03,True,B
HLA00313_HLA00312,B*41:02:01,B*41:02,B*41:01,B*41:01,True,B
HLA00314_HLA00312,B*41:03:01,B*41:03,B*41:01,B*41:01,True,B
HLA00322_HLA00318,B*44:05:01,B*44:05,B*44:02:01:01,B*44:02,True,B
HLA00322_HLA08401,B*44:05:01,B*44:05,B*44:02:01:03,B*44:02,True,B
HLA00323_HLA02558,B*44:06,B*44:06,B*51:42,B*51:42,True,B
HLA00324_HLA00320,B*44:07,B*44:07,B*44:03:02,B*44:03,True,B
HLA00325_HLA00318,B*44:08,B*44:08,B*44:02:01:01,B*44:02,True,B
HLA00325_HLA08401,B*44:08,B*44:08,B*44:02:01:03,B*44:02,True,B
HLA00327_HLA00320,B*44:10,B*44:10,B*44:03:02,B*44:03,True,B
HLA00328_HLA00318,B*44:11,B*44:11,B*44:02:01:01,B*44:02,True,B
HLA00328_HLA08401,B*44:11,B*44:11,B*44:02:01:03,B*44:02,True,B
HLA00330_HLA00329,B*45:02,B*45:02,B*45:01,B*45:01,True,B
HLA00333_HLA00332,B*47:02,B*47:02,B*47:01:01:01,B*47:01,True,B
HLA00333_HLA01437,B*47:02,B*47:02,B*47:01:01:02,B*47:01,True,B
HLA00334_HLA00332,B*47:03,B*47:03,B*47:01:01:01,B*47:01,True,B
HLA00334_HLA01437,B*47:03,B*47:03,B*47:01:01:02,B*47:01,True,B
HLA00336_HLA00166,B*48:02:01,B*48:02,B*15:03:01,B*15:03,True,B
HLA00336_HLA00237,B*48:02:01,B*48:02,B*35:01:01:01,B*35:01,True,B
HLA00336_HLA02165,B*48:02:01,B*48:02,B*39:13:02,B*39:13,True,B
HLA00339_HLA01777,B*48:05,B*48:05,B*48:08,B*48:08,True,B
HLA00342_HLA00341,B*50:02,B*50:02,B*50:01:01,B*50:01,True,B
HLA00347_HLA00345,B*51:02:02,B*51:02,B*51:01:02,B*51:01,True,B
HLA00348_HLA00344,B*51:03,B*51:03,B*51:01:01,B*51:01,True,B
HLA00349_HLA00344,B*51:04,B*51:04,B*51:01:01,B*51:01,True,B
HLA00350_HLA00345,B*51:05,B*51:05,B*51:01:02,B*51:01,True,B
HLA00351_HLA00344,B*51:06:01,B*51:06,B*51:01:01,B*51:01,True,B
HLA00353_HLA00344,B*51:08,B*51:08,B*51:01:01,B*51:01,True,B
HLA00354_HLA00344,B*51:09:01,B*51:09,B*51:01:01,B*51:01,True,B
HLA00355_HLA00346,B*51:10,B*51:10,B*51:02:01,B*51:02,True,B
HLA00357_HLA00344,B*51:12,B*51:12,B*51:01:01,B*51:01,True,B
HLA00358_HLA00344,B*51:13:01,B*51:13,B*51:01:01,B*51:01,True,B
HLA00359_HLA00344,B*51:14,B*51:14,B*51:01:01,B*51:01,True,B
HLA00360_HLA00345,B*51:15,B*51:15,B*51:01:02,B*51:01,True,B
HLA00361_HLA00344,B*51:16,B*51:16,B*51:01:01,B*51:01,True,B
HLA00363_HLA00362,B*52:01:02,B*52:01,B*52:01:01:01,B*52:01,True,B
HLA00365_HLA00364,B*53:02,B*53:02,B*53:01:01,B*53:01,True,B
HLA00366_HLA00364,B*53:03,B*53:03,B*53:01:01,B*53:01,True,B
HLA00370_HLA00368,B*55:03,B*55:03,B*55:01:01,B*55:01,True,B
HLA00371_HLA00379,B*55:04,B*55:04,B*56:04,B*56:04,True,B
HLA00372_HLA00368,B*55:05,B*55:05,B*55:01:01,B*55:01,True,B
HLA00374_HLA00369,B*55:07,B*55:07,B*55:02:01,B*55:02,True,B
HLA00375_HLA00379,B*55:08,B*55:08,B*56:04,B*56:04,True,B
HLA00377_HLA00379,B*56:02,B*56:02,B*56:04,B*56:04,True,B
HLA00380_HLA00376,B*56:05:01,B*56:05,B*56:01:01,B*56:01,True,B
HLA00382_HLA00383,B*57:02:01,B*57:02,B*57:03:01,B*57:03,True,B
HLA00384_HLA00381,B*57:04,B*57:04,B*57:01:01,B*57:01,True,B
HLA00385_HLA00383,B*57:05,B*57:05,B*57:03:01,B*57:03,True,B
HLA00387_HLA00386,B*58:02,B*58:02,B*58:01:01,B*58:01,True,B
HLA00394_HLA00393,B*78:02:01,B*78:02,B*78:01:01,B*78:01,True,B
HLA00395_HLA00393,B*78:02:02,B*78:02,B*78:01:01,B*78:01,True,B
HLA00396_HLA00393,B*78:03,B*78:03,B*78:01:01,B*78:01,True,B
HLA00399_HLA01188,B*82:01,B*82:01,B*82:02,B*82:02,True,B
HLA00974_HLA00146,B*08:07,B*08:07,B*08:01:01,B*08:01,True,B
HLA00974_HLA01717,B*08:07,B*08:07,B*08:19N,B*08:19N,True,B
HLA00976_HLA00146,B*08:09,B*08:09,B*08:01:01,B*08:01,True,B
HLA00977_HLA00158,B*14:06:01,B*14:06,B*14:02:01,B*14:02,True,B
HLA00978_HLA00162,B*15:01:03,B*15:01,B*15:01:01:01,B*15:01,True,B
HLA00979_HLA00162,B*15:50,B*15:50,B*15:01:01:01,B*15:01,True,B
HLA00980_HLA00181,B*15:51,B*15:51,B*15:18:01,B*15:18,True,B
HLA00981_HLA00237,B*35:28,B*35:28,B*35:01:01:01,B*35:01,True,B
HLA00982_HLA00237,B*35:29:01,B*35:29,B*35:01:01:01,B*35:01,True,B
HLA00983_HLA00301,B*40:21,B*40:21,B*40:10:01,B*40:10,True,B
HLA00984_HLA00291,B*40:22N,B*40:22N,B*40:01:01,B*40:01,True,B
HLA00986_HLA00335,B*48:06,B*48:06,B*48:01:01,B*48:01,True,B
HLA00987_HLA00364,B*53:04,B*53:04,B*53:01:01,B*53:01,True,B
HLA00988_HLA00393,B*56:06,B*56:06,B*78:01:01,B*78:01,True,B
HLA00989_HLA00376,B*56:07,B*56:07,B*56:01:01,B*56:01,True,B
HLA00990_HLA00393,B*78:04,B*78:04,B*78:01:01,B*78:01,True,B
HLA01049_HLA00132,B*07:14,B*07:14,B*07:02:01,B*07:02,True,B
HLA01050_HLA00132,B*07:15,B*07:15,B*07:02:01,B*07:02,True,B
HLA01051_HLA02560,B*07:16,B*07:16,B*07:50,B*07:50,True,B
HLA01052_HLA00158,B*14:06:02,B*14:06,B*14:02:01,B*14:02,True,B
HLA01053_HLA00181,B*15:52,B*15:52,B*15:18:01,B*15:18,True,B
HLA01054_HLA00162,B*15:53,B*15:53,B*15:01:01:01,B*15:01,True,B
HLA01055_HLA00213,B*18:08,B*18:08,B*18:01:01:01,B*18:01,True,B
HLA01055_HLA07768,B*18:08,B*18:08,B*18:01:01:02,B*18:01,True,B
HLA01055_HLA01532,B*18:08,B*18:08,B*18:17N,B*18:17N,True,B
HLA01056_HLA00225,B*27:16,B*27:16,B*27:05:02,B*27:05,True,B
HLA01057_HLA00237,B*35:30,B*35:30,B*35:01:01:01,B*35:01,True,B
HLA01058_HLA00241,B*35:31,B*35:31,B*35:05:01,B*35:05,True,B
HLA01059_HLA00241,B*35:32:01,B*35:32,B*35:05:01,B*35:05,True,B
HLA01060_HLA00239,B*35:33,B*35:33,B*35:03:01,B*35:03,True,B
HLA01061_HLA00284,B*39:17,B*39:17,B*39:10:01,B*39:10,True,B
HLA01062_HLA00292,B*40:23,B*40:23,B*40:01:02,B*40:01,True,B
HLA01063_HLA00293,B*40:24,B*40:24,B*40:02:01,B*40:02,True,B
HLA01064_HLA00291,B*40:25,B*40:25,B*40:01:01,B*40:01,True,B
HLA01065_HLA00318,B*44:12,B*44:12,B*44:02:01:01,B*44:02,True,B
HLA01065_HLA08401,B*44:12,B*44:12,B*44:02:01:03,B*44:02,True,B
HLA01066_HLA00319,B*44:13,B*44:13,B*44:03:01,B*44:03,True,B
HLA01067_HLA00318,B*44:14,B*44:14,B*44:02:01:01,B*44:02,True,B
HLA01067_HLA08401,B*44:14,B*44:14,B*44:02:01:03,B*44:02,True,B
HLA01068_HLA00329,B*44:15,B*44:15,B*45:01,B*45:01,True,B
HLA01068_HLA00340,B*44:15,B*44:15,B*49:01:01,B*49:01,True,B
HLA01069_HLA00335,B*48:07,B*48:07,B*48:01:01,B*48:01,True,B
HLA01070_HLA00341,B*50:04,B*50:04,B*50:01:01,B*50:01,True,B
HLA01071_HLA00344,B*51:17,B*51:17,B*51:01:01,B*51:01,True,B
HLA01072_HLA00344,B*51:18,B*51:18,B*51:01:01,B*51:01,True,B
HLA01073_HLA00344,B*51:19,B*51:19,B*51:01:01,B*51:01,True,B
HLA01082_HLA00146,B*08:10,B*08:10,B*08:01:01,B*08:01,True,B
HLA01082_HLA01717,B*08:10,B*08:10,B*08:19N,B*08:19N,True,B
HLA01103_HLA00166,B*15:54,B*15:54,B*15:03:01,B*15:03,True,B
HLA01110_HLA00132,B*07:17,B*07:17,B*07:02:01,B*07:02,True,B
HLA01113_HLA00165,B*15:55,B*15:55,B*15:02:01,B*15:02,True,B
HLA01113_HLA00174,B*15:55,B*15:55,B*15:11:01,B*15:11,True,B
HLA01114_HLA00162,B*15:56,B*15:56,B*15:01:01:01,B*15:01,True,B
HLA01116_HLA00132,B*07:18:01,B*07:18,B*07:02:01,B*07:02,True,B
HLA01117_HLA00162,B*15:57,B*15:57,B*15:01:01:01,B*15:01,True,B
HLA01122_HLA00293,B*40:26,B*40:26,B*40:02:01,B*40:02,True,B
HLA01123_HLA00271,B*39:01:04,B*39:01,B*39:01:01:01,B*39:01,True,B
HLA01126_HLA00344,B*51:01:03,B*51:01,B*51:01:01,B*51:01,True,B
HLA01127_HLA00344,B*51:13:02,B*51:13,B*51:01:01,B*51:01,True,B
HLA01128_HLA00271,B*39:18,B*39:18,B*39:01:01:01,B*39:01,True,B
HLA01129_HLA00293,B*40:27:01,B*40:27,B*40:02:01,B*40:02,True,B
HLA01130_HLA00225,B*27:17,B*27:17,B*27:05:02,B*27:05,True,B
HLA01131_HLA00213,B*18:09,B*18:09,B*18:01:01:01,B*18:01,True,B
HLA01131_HLA07768,B*18:09,B*18:09,B*18:01:01:02,B*18:01,True,B
HLA01131_HLA01532,B*18:09,B*18:09,B*18:17N,B*18:17N,True,B
HLA01132_HLA00344,B*51:20,B*51:20,B*51:01:01,B*51:01,True,B
HLA01133_HLA00271,B*39:19:01,B*39:19,B*39:01:01:01,B*39:01,True,B
HLA01134_HLA00344,B*51:21,B*51:21,B*51:01:01,B*51:01,True,B
HLA01135_HLA00378,B*83:01,B*83:01,B*56:03,B*56:03,True,B
HLA01137_HLA00268,B*38:04,B*38:04,B*38:02:01,B*38:02,True,B
HLA01139_HLA00331,B*46:02,B*46:02,B*46:01:01,B*46:01,True,B
HLA01140_HLA02343,B*40:28,B*40:28,B*44:46,B*44:46,True,B
HLA01141_HLA00362,B*52:02:01,B*52:02,B*52:01:01:01,B*52:01,True,B
HLA01142_HLA00386,B*58:04,B*58:04,B*58:01:01,B*58:01,True,B
HLA01143_HLA00223,B*27:18,B*27:18,B*27:04:01,B*27:04,True,B
HLA01144_HLA00340,B*44:18,B*44:18,B*49:01:01,B*49:01,True,B
HLA01146_HLA00318,B*44:16,B*44:16,B*44:02:01:01,B*44:02,True,B
HLA01146_HLA08401,B*44:16,B*44:16,B*44:02:01:03,B*44:02,True,B
HLA01147_HLA02370,B*27:19,B*27:19,B*27:32,B*27:32,True,B
HLA01148_HLA00318,B*44:17,B*44:17,B*44:02:01:01,B*44:02,True,B
HLA01148_HLA08401,B*44:17,B*44:17,B*44:02:01:03,B*44:02,True,B
HLA01149_HLA00344,B*51:01:04,B*51:01,B*51:01:01,B*51:01,True,B
HLA01173_HLA01504,B*27:20,B*27:20,B*27:24,B*27:24,True,B
HLA01176_HLA00315,B*07:19,B*07:19,B*42:01:01,B*42:01,True,B
HLA01177_HLA00213,B*18:10,B*18:10,B*18:01:01:01,B*18:01,True,B
HLA01177_HLA07768,B*18:10,B*18:10,B*18:01:01:02,B*18:01,True,B
HLA01177_HLA01532,B*18:10,B*18:10,B*18:17N,B*18:17N,True,B
HLA01178_HLA00364,B*53:05,B*53:05,B*53:01:01,B*53:01,True,B
HLA01180_HLA02677,B*55:09,B*55:09,B*55:24,B*55:24,True,B
HLA01181_HLA00386,B*58:05,B*58:05,B*58:01:01,B*58:01,True,B
HLA01182_HLA00174,B*35:44,B*35:44,B*15:11:01,B*15:11,True,B
HLA01183_HLA00284,B*39:20,B*39:20,B*39:10:01,B*39:10,True,B
HLA01184_HLA00132,B*07:20,B*07:20,B*07:02:01,B*07:02,True,B
HLA01192_HLA00383,B*57:07,B*57:07,B*57:03:01,B*57:03,True,B
HLA01193_HLA00146,B*08:11,B*08:11,B*08:01:01,B*08:01,True,B
HLA01193_HLA01717,B*08:11,B*08:11,B*08:19N,B*08:19N,True,B
HLA01194_HLA00237,B*35:34,B*35:34,B*35:01:01:01,B*35:01,True,B
HLA01195_HLA00318,B*44:20,B*44:20,B*44:02:01:01,B*44:02,True,B
HLA01195_HLA08401,B*44:20,B*44:20,B*44:02:01:03,B*44:02,True,B
HLA01196_HLA00271,B*39:22,B*39:22,B*39:01:01:01,B*39:01,True,B
HLA01197_HLA00318,B*44:21,B*44:21,B*44:02:01:01,B*44:02,True,B
HLA01197_HLA08401,B*44:21,B*44:21,B*44:02:01:03,B*44:02,True,B
HLA01200_HLA00162,B*15:60,B*15:60,B*15:01:01:01,B*15:01,True,B
HLA01201_HLA00174,B*15:11:02,B*15:11,B*15:11:01,B*15:11,True,B
HLA01202_HLA00237,B*35:35,B*35:35,B*35:01:01:01,B*35:01,True,B
HLA01203_HLA02165,B*39:23,B*39:23,B*39:13:02,B*39:13,True,B
HLA01204_HLA00367,B*54:02,B*54:02,B*54:01:01,B*54:01,True,B
HLA01205_HLA00369,B*55:10,B*55:10,B*55:02:01,B*55:02,True,B
HLA01219_HLA00267,B*38:05,B*38:05,B*38:01:01,B*38:01,True,B
HLA01221_HLA00271,B*39:24:01,B*39:24,B*39:01:01:01,B*39:01,True,B
HLA01223_HLA00293,B*40:29,B*40:29,B*40:02:01,B*40:02,True,B
HLA01229_HLA00329,B*45:03,B*45:03,B*45:01,B*45:01,True,B
HLA01230_HLA00146,B*08:12:01,B*08:12,B*08:01:01,B*08:01,True,B
HLA01230_HLA01717,B*08:12:01,B*08:12,B*08:19N,B*08:19N,True,B
HLA01231_HLA00362,B*52:01:03,B*52:01,B*52:01:01:01,B*52:01,True,B
HLA01232_HLA00291,B*40:30,B*40:30,B*40:01:01,B*40:01,True,B
HLA01243_HLA00344,B*51:22,B*51:22,B*51:01:01,B*51:01,True,B
HLA01245_HLA00346,B*51:23,B*51:23,B*51:02:01,B*51:02,True,B
HLA01246_HLA00291,B*40:31,B*40:31,B*40:01:01,B*40:01,True,B
HLA01247_HLA00318,B*44:02:02,B*44:02,B*44:02:01:01,B*44:02,True,B
HLA01247_HLA08401,B*44:02:02,B*44:02,B*44:02:01:03,B*44:02,True,B
HLA01250_HLA00166,B*15:61,B*15:61,B*15:03:01,B*15:03,True,B
HLA01252_HLA00340,B*49:02,B*49:02,B*49:01:01,B*49:01,True,B
HLA01253_HLA00132,B*07:21,B*07:21,B*07:02:01,B*07:02,True,B
HLA01256_HLA00312,B*41:04,B*41:04,B*41:01,B*41:01,True,B
HLA01257_HLA00132,B*07:22:01,B*07:22,B*07:02:01,B*07:02,True,B
HLA01261_HLA00364,B*53:06,B*53:06,B*53:01:01,B*53:01,True,B
HLA01262_HLA00344,B*51:24:01,B*51:24,B*51:01:01,B*51:01,True,B
HLA01264_HLA00237,B*35:01:02,B*35:01,B*35:01:01:01,B*35:01,True,B
HLA01265_HLA00267,B*38:06,B*38:06,B*38:01:01,B*38:01,True,B
HLA01266_HLA00340,B*49:03,B*49:03,B*49:01:01,B*49:01,True,B
HLA01266_HLA00362,B*49:03,B*49:03,B*52:01:01:01,B*52:01,True,B
HLA01267_HLA00265,B*37:03N,B*37:03N,B*37:01:01,B*37:01,True,B
HLA01269_HLA00291,B*40:32,B*40:32,B*40:01:01,B*40:01,True,B
HLA01270_HLA00213,B*18:11,B*18:11,B*18:01:01:01,B*18:01,True,B
HLA01270_HLA07768,B*18:11,B*18:11,B*18:01:01:02,B*18:01,True,B
HLA01270_HLA01532,B*18:11,B*18:11,B*18:17N,B*18:17N,True,B
HLA01271_HLA00166,B*15:62,B*15:62,B*15:03:01,B*15:03,True,B
HLA01276_HLA00152,B*13:06,B*13:06,B*13:01:01,B*13:01,True,B
HLA01277_HLA00227,B*27:21,B*27:21,B*27:06,B*27:06,True,B
HLA01281_HLA00213,B*18:12,B*18:12,B*18:01:01:01,B*18:01,True,B
HLA01281_HLA07768,B*18:12,B*18:12,B*18:01:01:02,B*18:01,True,B
HLA01281_HLA01532,B*18:12,B*18:12,B*18:17N,B*18:17N,True,B
HLA01284_HLA00162,B*15:63,B*15:63,B*15:01:01:01,B*15:01,True,B
HLA01285_HLA00181,B*15:64:01,B*15:64,B*15:18:01,B*15:18,True,B
HLA01286_HLA00132,B*07:23,B*07:23,B*07:02:01,B*07:02,True,B
HLA01287_HLA00291,B*40:33,B*40:33,B*40:01:01,B*40:01,True,B
HLA01288_HLA00312,B*41:05,B*41:05,B*41:01,B*41:01,True,B
HLA01289_HLA00383,B*57:03:02,B*57:03,B*57:03:01,B*57:03,True,B
HLA01293_HLA00132,B*07:24,B*07:24,B*07:02:01,B*07:02,True,B
HLA01294_HLA00267,B*38:07,B*38:07,B*38:01:01,B*38:01,True,B
HLA01295_HLA00362,B*52:03,B*52:03,B*52:01:01:01,B*52:01,True,B
HLA01296_HLA00239,B*35:36,B*35:36,B*35:03:01,B*35:03,True,B
HLA01299_HLA00291,B*40:34,B*40:34,B*40:01:01,B*40:01,True,B
HLA01309_HLA00152,B*13:07N,B*13:07N,B*13:01:01,B*13:01,True,B
HLA01312_HLA00386,B*58:06,B*58:06,B*58:01:01,B*58:01,True,B
HLA01313_HLA00318,B*44:22,B*44:22,B*44:02:01:01,B*44:02,True,B
HLA01313_HLA08401,B*44:22,B*44:22,B*44:02:01:03,B*44:02,True,B
HLA01314_HLA00237,B*35:37,B*35:37,B*35:01:01:01,B*35:01,True,B
HLA01319_HLA00364,B*53:07,B*53:07,B*53:01:01,B*53:01,True,B
HLA01329_HLA00293,B*40:35,B*40:35,B*40:02:01,B*40:02,True,B
HLA01346_HLA00265,B*37:04:01,B*37:04,B*37:01:01,B*37:01,True,B
HLA01348_HLA00223,B*27:23,B*27:23,B*27:04:01,B*27:04,True,B
HLA01352_HLA00146,B*08:13,B*08:13,B*08:01:01,B*08:01,True,B
HLA01352_HLA01717,B*08:13,B*08:13,B*08:19N,B*08:19N,True,B
HLA01353_HLA00213,B*18:13,B*18:13,B*18:01:01:01,B*18:01,True,B
HLA01353_HLA07768,B*18:13,B*18:13,B*18:01:01:02,B*18:01,True,B
HLA01353_HLA01532,B*18:13,B*18:13,B*18:17N,B*18:17N,True,B
HLA01354_HLA00318,B*44:24,B*44:24,B*44:02:01:01,B*44:02,True,B
HLA01354_HLA08401,B*44:24,B*44:24,B*44:02:01:03,B*44:02,True,B
HLA01358_HLA00132,B*07:25,B*07:25,B*07:02:01,B*07:02,True,B
HLA01359_HLA00265,B*37:05,B*37:05,B*37:01:01,B*37:01,True,B
HLA01362_HLA00132,B*07:26,B*07:26,B*07:02:01,B*07:02,True,B
HLA01373_HLA00162,B*15:01:04,B*15:01,B*15:01:01:01,B*15:01,True,B
HLA01403_HLA00393,B*78:05,B*78:05,B*78:01:01,B*78:01,True,B
HLA01417_HLA00344,B*51:26,B*51:26,B*51:01:01,B*51:01,True,B
HLA01418_HLA00146,B*08:14,B*08:14,B*08:01:01,B*08:01,True,B
HLA01418_HLA01717,B*08:14,B*08:14,B*08:19N,B*08:19N,True,B
HLA01419_HLA00329,B*45:05,B*45:05,B*45:01,B*45:01,True,B
HLA01426_HLA00162,B*15:65,B*15:65,B*15:01:01:01,B*15:01,True,B
HLA01427_HLA00318,B*44:25,B*44:25,B*44:02:01:01,B*44:02,True,B
HLA01427_HLA08401,B*44:25,B*44:25,B*44:02:01:03,B*44:02,True,B
HLA01435_HLA02560,B*07:27,B*07:27,B*07:50,B*07:50,True,B
HLA01448_HLA00179,B*15:67,B*15:67,B*15:16:01,B*15:16,True,B
HLA01449_HLA00319,B*44:26,B*44:26,B*44:03:01,B*44:03,True,B
HLA01450_HLA00291,B*40:01:03,B*40:01,B*40:01:01,B*40:01,True,B
HLA01452_HLA00312,B*41:06,B*41:06,B*41:01,B*41:01,True,B
HLA01461_HLA00381,B*57:08,B*57:08,B*57:01:01,B*57:01,True,B
HLA01474_HLA00344,B*51:27N,B*51:27N,B*51:01:01,B*51:01,True,B
HLA01479_HLA00166,B*15:68,B*15:68,B*15:03:01,B*15:03,True,B
HLA01481_HLA00332,B*47:04,B*47:04,B*47:01:01:01,B*47:01,True,B
HLA01481_HLA01437,B*47:04,B*47:04,B*47:01:01:02,B*47:01,True,B
HLA01482_HLA00291,B*40:36,B*40:36,B*40:01:01,B*40:01,True,B
HLA01484_HLA00364,B*53:08:01,B*53:08,B*53:01:01,B*53:01,True,B
HLA01485_HLA00383,B*57:09,B*57:09,B*57:03:01,B*57:03,True,B
HLA01486_HLA00205,B*13:09,B*13:09,B*15:42,B*15:42,True,B
HLA01487_HLA00318,B*44:02:03,B*44:02,B*44:02:01:01,B*44:02,True,B
HLA01487_HLA08401,B*44:02:03,B*44:02,B*44:02:01:03,B*44:02,True,B
HLA01488_HLA00293,B*40:37,B*40:37,B*40:02:01,B*40:02,True,B
HLA01490_HLA00291,B*40:38,B*40:38,B*40:01:01,B*40:01,True,B
HLA01493_HLA00271,B*39:25N,B*39:25N,B*39:01:01:01,B*39:01,True,B
HLA01494_HLA00166,B*15:69,B*15:69,B*15:03:01,B*15:03,True,B
HLA01495_HLA00293,B*40:39,B*40:39,B*40:02:01,B*40:02,True,B
HLA01503_HLA00239,B*35:38,B*35:38,B*35:03:01,B*35:03,True,B
HLA01506_HLA00213,B*18:14,B*18:14,B*18:01:01:01,B*18:01,True,B
HLA01506_HLA07768,B*18:14,B*18:14,B*18:01:01:02,B*18:01,True,B
HLA01506_HLA01532,B*18:14,B*18:14,B*18:17N,B*18:17N,True,B
HLA01507_HLA00368,B*55:11,B*55:11,B*55:01:01,B*55:01,True,B
HLA01508_HLA00213,B*18:15,B*18:15,B*18:01:01:01,B*18:01,True,B
HLA01508_HLA07768,B*18:15,B*18:15,B*18:01:01:02,B*18:01,True,B
HLA01508_HLA01532,B*18:15,B*18:15,B*18:17N,B*18:17N,True,B
HLA01509_HLA00237,B*35:39,B*35:39,B*35:01:01:01,B*35:01,True,B
HLA01515_HLA00268,B*38:08,B*38:08,B*38:02:01,B*38:02,True,B
HLA01516_HLA00132,B*07:28,B*07:28,B*07:02:01,B*07:02,True,B
HLA01520_HLA00381,B*57:01:02,B*57:01,B*57:01:01,B*57:01,True,B
HLA01521_HLA00320,B*44:28:01,B*44:28,B*44:03:02,B*44:03,True,B
HLA01522_HLA02352,B*53:09,B*53:09,B*53:11,B*53:11,True,B
HLA01524_HLA00315,B*42:04,B*42:04,B*42:01:01,B*42:01,True,B
HLA01526_HLA00319,B*44:29,B*44:29,B*44:03:01,B*44:03,True,B
HLA01527_HLA00291,B*40:42,B*40:42,B*40:01:01,B*40:01,True,B
HLA01528_HLA00271,B*39:26,B*39:26,B*39:01:01:01,B*39:01,True,B
HLA01530_HLA00319,B*44:30,B*44:30,B*44:03:01,B*44:03,True,B
HLA01535_HLA00146,B*08:15,B*08:15,B*08:01:01,B*08:01,True,B
HLA01535_HLA01717,B*08:15,B*08:15,B*08:19N,B*08:19N,True,B
HLA01536_HLA00162,B*15:70,B*15:70,B*15:01:01:01,B*15:01,True,B
HLA01537_HLA00344,B*51:28,B*51:28,B*51:01:01,B*51:01,True,B
HLA01548_HLA00132,B*07:29,B*07:29,B*07:02:01,B*07:02,True,B
HLA01561_HLA00162,B*15:71,B*15:71,B*15:01:01:01,B*15:01,True,B
HLA01564_HLA00376,B*56:08,B*56:08,B*56:01:01,B*56:01,True,B
HLA01565_HLA00213,B*18:01:02,B*18:01,B*18:01:01:01,B*18:01,True,B
HLA01565_HLA07768,B*18:01:02,B*18:01,B*18:01:01:02,B*18:01,True,B
HLA01565_HLA01532,B*18:01:02,B*18:01,B*18:17N,B*18:17N,True,B
HLA01567_HLA00181,B*15:72,B*15:72,B*15:18:01,B*15:18,True,B
HLA01568_HLA00344,B*51:29,B*51:29,B*51:01:01,B*51:01,True,B
HLA01569_HLA07767,B*44:31,B*44:31,B*44:150,B*44:150,True,B
HLA01577_HLA00132,B*07:30,B*07:30,B*07:02:01,B*07:02,True,B
HLA01580_HLA00362,B*52:04,B*52:04,B*52:01:01:01,B*52:01,True,B
HLA01591_HLA00152,B*13:10,B*13:10,B*13:01:01,B*13:01,True,B
HLA01600_HLA00291,B*40:43,B*40:43,B*40:01:01,B*40:01,True,B
HLA01604_HLA00297,B*40:44,B*40:44,B*40:06:01:01,B*40:06,True,B
HLA01604_HLA01430,B*40:44,B*40:44,B*40:06:01:02,B*40:06,True,B
HLA01607_HLA00329,B*45:06,B*45:06,B*45:01,B*45:01,True,B
HLA01611_HLA01118,B*15:73,B*15:73,B*15:58,B*15:58,True,B
HLA01613_HLA00213,B*18:18,B*18:18,B*18:01:01:01,B*18:01,True,B
HLA01613_HLA07768,B*18:18,B*18:18,B*18:01:01:02,B*18:01,True,B
HLA01613_HLA01532,B*18:18,B*18:18,B*18:17N,B*18:17N,True,B
HLA01617_HLA00319,B*44:32,B*44:32,B*44:03:01,B*44:03,True,B
HLA01618_HLA00132,B*07:31,B*07:31,B*07:02:01,B*07:02,True,B
HLA01625_HLA00379,B*56:09,B*56:09,B*56:04,B*56:04,True,B
HLA01626_HLA00344,B*51:31,B*51:31,B*51:01:01,B*51:01,True,B
HLA01627_HLA00362,B*52:05,B*52:05,B*52:01:01:01,B*52:01,True,B
HLA01632_HLA00152,B*13:11,B*13:11,B*13:01:01,B*13:01,True,B
HLA01635_HLA00225,B*27:05:06,B*27:05,B*27:05:02,B*27:05,True,B
HLA01641_HLA00146,B*08:16,B*08:16,B*08:01:01,B*08:01,True,B
HLA01641_HLA01717,B*08:16,B*08:16,B*08:19N,B*08:19N,True,B
HLA01642_HLA00225,B*27:05:05,B*27:05,B*27:05:02,B*27:05,True,B
HLA01654_HLA00146,B*08:17,B*08:17,B*08:01:01,B*08:01,True,B
HLA01655_HLA00267,B*38:09,B*38:09,B*38:01:01,B*38:01,True,B
HLA01656_HLA00271,B*39:27,B*39:27,B*39:01:01:01,B*39:01,True,B
HLA01658_HLA00379,B*56:10,B*56:10,B*56:04,B*56:04,True,B
HLA01667_HLA02850,B*40:14:02,B*40:14,B*40:72:01,B*40:72,True,B
HLA01668_HLA00244,B*35:45,B*35:45,B*35:08:01,B*35:08,True,B
HLA01676_HLA00344,B*51:33,B*51:33,B*51:01:01,B*51:01,True,B
HLA01677_HLA00362,B*52:01:04,B*52:01,B*52:01:01:01,B*52:01,True,B
HLA01678_HLA00346,B*51:34,B*51:34,B*51:02:01,B*51:02,True,B
HLA01679_HLA00166,B*15:74,B*15:74,B*15:03:01,B*15:03,True,B
HLA01680_HLA00386,B*58:07,B*58:07,B*58:01:01,B*58:01,True,B
HLA01688_HLA00379,B*56:11,B*56:11,B*56:04,B*56:04,True,B
HLA01690_HLA00162,B*15:75,B*15:75,B*15:01:01:01,B*15:01,True,B
HLA01691_HLA00318,B*44:33,B*44:33,B*44:02:01:01,B*44:02,True,B
HLA01691_HLA08401,B*44:33,B*44:33,B*44:02:01:03,B*44:02,True,B
HLA01698_HLA00174,B*15:76,B*15:76,B*15:11:01,B*15:11,True,B
HLA01698_HLA00378,B*15:76,B*15:76,B*56:03,B*56:03,True,B
HLA01700_HLA00318,B*44:34:01,B*44:34,B*44:02:01:01,B*44:02,True,B
HLA01700_HLA08401,B*44:34:01,B*44:34,B*44:02:01:03,B*44:02,True,B
HLA01701_HLA00146,B*08:18,B*08:18,B*08:01:01,B*08:01,True,B
HLA01701_HLA01717,B*08:18,B*08:18,B*08:19N,B*08:19N,True,B
HLA01702_HLA00291,B*40:45,B*40:45,B*40:01:01,B*40:01,True,B
HLA01712_HLA00315,B*42:05:01,B*42:05,B*42:01:01,B*42:01,True,B
HLA01713_HLA00318,B*44:35,B*44:35,B*44:02:01:01,B*44:02,True,B
HLA01713_HLA08401,B*44:35,B*44:35,B*44:02:01:03,B*44:02,True,B
HLA01719_HLA00376,B*56:05:02,B*56:05,B*56:01:01,B*56:01,True,B
HLA01722_HLA00369,B*55:13,B*55:13,B*55:02:01,B*55:02,True,B
HLA01723_HLA00386,B*58:08:01,B*58:08,B*58:01:01,B*58:01,True,B
HLA01725_HLA02560,B*07:32,B*07:32,B*07:50,B*07:50,True,B
HLA01727_HLA00237,B*35:46,B*35:46,B*35:01:01:01,B*35:01,True,B
HLA01728_HLA00386,B*58:09,B*58:09,B*58:01:01,B*58:01,True,B
HLA01732_HLA00368,B*55:14,B*55:14,B*55:01:01,B*55:01,True,B
HLA01740_HLA00291,B*40:46,B*40:46,B*40:01:01,B*40:01,True,B
HLA01748_HLA00291,B*40:47,B*40:47,B*40:01:01,B*40:01,True,B
HLA01749_HLA00368,B*55:15,B*55:15,B*55:01:01,B*55:01,True,B
HLA01750_HLA00137,B*07:34,B*07:34,B*07:05:01,B*07:05,True,B
HLA01751_HLA00162,B*15:78:01,B*15:78,B*15:01:01:01,B*15:01,True,B
HLA01763_HLA00132,B*07:02:04,B*07:02,B*07:02:01,B*07:02,True,B
HLA01764_HLA00379,B*56:12,B*56:12,B*56:04,B*56:04,True,B
HLA01765_HLA00291,B*40:48,B*40:48,B*40:01:01,B*40:01,True,B
HLA01767_HLA00162,B*15:79N,B*15:79N,B*15:01:01:01,B*15:01,True,B
HLA01768_HLA00181,B*15:80,B*15:80,B*15:18:01,B*15:18,True,B
HLA01772_HLA00146,B*08:21,B*08:21,B*08:01:01,B*08:01,True,B
HLA01772_HLA01717,B*08:21,B*08:21,B*08:19N,B*08:19N,True,B
HLA01782_HLA00213,B*18:19,B*18:19,B*18:01:01:01,B*18:01,True,B
HLA01782_HLA07768,B*18:19,B*18:19,B*18:01:01:02,B*18:01,True,B
HLA01782_HLA01532,B*18:19,B*18:19,B*18:17N,B*18:17N,True,B
HLA01783_HLA00132,B*07:35,B*07:35,B*07:02:01,B*07:02,True,B
HLA01784_HLA00319,B*44:36,B*44:36,B*44:03:01,B*44:03,True,B
HLA01788_HLA00369,B*55:16,B*55:16,B*55:02:01,B*55:02,True,B
HLA01789_HLA00271,B*39:28,B*39:28,B*39:01:01:01,B*39:01,True,B
HLA01790_HLA00319,B*44:37:01,B*44:37,B*44:03:01,B*44:03,True,B
HLA01792_HLA00162,B*15:81,B*15:81,B*15:01:01:01,B*15:01,True,B
HLA01797_HLA00319,B*44:38,B*44:38,B*44:03:01,B*44:03,True,B
HLA01800_HLA00291,B*40:01:04,B*40:01,B*40:01:01,B*40:01,True,B
HLA01801_HLA00162,B*15:82,B*15:82,B*15:01:01:01,B*15:01,True,B
HLA01804_HLA00319,B*44:39,B*44:39,B*44:03:01,B*44:03,True,B
HLA01808_HLA00132,B*07:36,B*07:36,B*07:02:01,B*07:02,True,B
HLA01816_HLA00291,B*40:14:03,B*40:14,B*40:01:01,B*40:01,True,B
HLA01840_HLA00152,B*13:12:01,B*13:12,B*13:01:01,B*13:01,True,B
HLA01846_HLA00237,B*35:47,B*35:47,B*35:01:01:01,B*35:01,True,B
HLA01850_HLA00237,B*35:48,B*35:48,B*35:01:01:01,B*35:01,True,B
HLA01858_HLA00152,B*13:13,B*13:13,B*13:01:01,B*13:01,True,B
HLA01881_HLA02560,B*07:37,B*07:37,B*07:50,B*07:50,True,B
HLA01883_HLA02560,B*07:38,B*07:38,B*07:50,B*07:50,True,B
HLA01888_HLA00237,B*35:49,B*35:49,B*35:01:01:01,B*35:01,True,B
HLA01892_HLA00376,B*56:13,B*56:13,B*56:01:01,B*56:01,True,B
HLA01896_HLA00237,B*35:50,B*35:50,B*35:01:01:01,B*35:01,True,B
HLA01897_HLA00241,B*35:51,B*35:51,B*35:05:01,B*35:05,True,B
HLA01898_HLA00291,B*40:49,B*40:49,B*40:01:01,B*40:01,True,B
HLA01899_HLA00293,B*40:50,B*40:50,B*40:02:01,B*40:02,True,B
HLA01900_HLA00190,B*15:84,B*15:84,B*15:27:01,B*15:27,True,B
HLA01911_HLA00188,B*15:85,B*15:85,B*15:25:01,B*15:25,True,B
HLA01912_HLA00205,B*15:86,B*15:86,B*15:42,B*15:42,True,B
HLA01913_HLA00162,B*15:87,B*15:87,B*15:01:01:01,B*15:01,True,B
HLA01914_HLA00213,B*18:20,B*18:20,B*18:01:01:01,B*18:01,True,B
HLA01914_HLA07768,B*18:20,B*18:20,B*18:01:01:02,B*18:01,True,B
HLA01915_HLA00165,B*15:88,B*15:88,B*15:02:01,B*15:02,True,B
HLA01916_HLA00176,B*15:89,B*15:89,B*15:13:01,B*15:13,True,B
HLA01917_HLA00146,B*08:22,B*08:22,B*08:01:01,B*08:01,True,B
HLA01917_HLA01717,B*08:22,B*08:22,B*08:19N,B*08:19N,True,B
HLA01919_HLA00292,B*40:51,B*40:51,B*40:01:02,B*40:01,True,B
HLA01920_HLA00271,B*39:29,B*39:29,B*39:01:01:01,B*39:01,True,B
HLA01921_HLA00291,B*40:01:05,B*40:01,B*40:01:01,B*40:01,True,B
HLA01922_HLA00364,B*53:01:02,B*53:01,B*53:01:01,B*53:01,True,B
HLA01923_HLA00267,B*38:10,B*38:10,B*38:01:01,B*38:01,True,B
HLA01924_HLA00271,B*39:30,B*39:30,B*39:01:01:01,B*39:01,True,B
HLA01926_HLA00271,B*39:31,B*39:31,B*39:01:01:01,B*39:01,True,B
HLA01927_HLA00271,B*39:32,B*39:32,B*39:01:01:01,B*39:01,True,B
HLA01939_HLA00315,B*42:05:02,B*42:05,B*42:01:01,B*42:01,True,B
HLA01941_HLA00315,B*42:06,B*42:06,B*42:01:01,B*42:01,True,B
HLA01949_HLA00265,B*37:06,B*37:06,B*37:01:01,B*37:01,True,B
HLA01950_HLA00173,B*15:90,B*15:90,B*15:10:01,B*15:10,True,B
HLA01951_HLA00166,B*15:91,B*15:91,B*15:03:01,B*15:03,True,B
HLA01952_HLA00223,B*27:26,B*27:26,B*27:04:01,B*27:04,True,B
HLA01953_HLA00332,B*47:05,B*47:05,B*47:01:01:01,B*47:01,True,B
HLA01953_HLA01437,B*47:05,B*47:05,B*47:01:01:02,B*47:01,True,B
HLA01964_HLA00362,B*52:06:01,B*52:06,B*52:01:01:01,B*52:01,True,B
HLA01975_HLA00162,B*15:92,B*15:92,B*15:01:01:01,B*15:01,True,B
HLA01976_HLA00291,B*40:52,B*40:52,B*40:01:01,B*40:01,True,B
HLA01977_HLA00331,B*46:03,B*46:03,B*46:01:01,B*46:01,True,B
HLA01979_HLA00297,B*40:53,B*40:53,B*40:06:01:01,B*40:06,True,B
HLA01979_HLA01430,B*40:53,B*40:53,B*40:06:01:02,B*40:06,True,B
HLA01980_HLA00331,B*46:04,B*46:04,B*46:01:01,B*46:01,True,B
HLA01982_HLA00335,B*48:10,B*48:10,B*48:01:01,B*48:01,True,B
HLA01983_HLA00344,B*51:35,B*51:35,B*51:01:01,B*51:01,True,B
HLA01984_HLA00237,B*35:52,B*35:52,B*35:01:01:01,B*35:01,True,B
HLA01985_HLA00225,B*27:05:07,B*27:05,B*27:05:02,B*27:05,True,B
HLA01986_HLA00319,B*44:40,B*44:40,B*44:03:01,B*44:03,True,B
HLA01989_HLA00181,B*15:93,B*15:93,B*15:18:01,B*15:18,True,B
HLA01990_HLA00237,B*35:53N,B*35:53N,B*35:01:01:01,B*35:01,True,B
HLA01992_HLA00291,B*40:54,B*40:54,B*40:01:01,B*40:01,True,B
HLA01995_HLA00293,B*40:57,B*40:57,B*40:02:01,B*40:02,True,B
HLA01996_HLA00293,B*40:02:02,B*40:02,B*40:02:01,B*40:02,True,B
HLA01999_HLA00162,B*15:94N,B*15:94N,B*15:01:01:01,B*15:01,True,B
HLA02002_HLA00376,B*56:14,B*56:14,B*56:01:01,B*56:01,True,B
HLA02003_HLA00346,B*51:36,B*51:36,B*51:02:01,B*51:02,True,B
HLA02004_HLA00386,B*58:10N,B*58:10N,B*58:01:01,B*58:01,True,B
HLA02007_HLA01777,B*37:07,B*37:07,B*48:08,B*48:08,True,B
HLA02015_HLA00265,B*37:08,B*37:08,B*37:01:01,B*37:01,True,B
HLA02016_HLA00237,B*35:54,B*35:54,B*35:01:01:01,B*35:01,True,B
HLA02020_HLA00344,B*51:37,B*51:37,B*51:01:01,B*51:01,True,B
HLA02023_HLA00228,B*27:27,B*27:27,B*27:07:01,B*27:07,True,B
HLA02027_HLA00367,B*54:03,B*54:03,B*54:01:01,B*54:01,True,B
HLA02031_HLA00239,B*35:55,B*35:55,B*35:03:01,B*35:03,True,B
HLA02032_HLA00179,B*15:95,B*15:95,B*15:16:01,B*15:16,True,B
HLA02035_HLA00162,B*15:96,B*15:96,B*15:01:01:01,B*15:01,True,B
HLA02038_HLA00239,B*35:56,B*35:56,B*35:03:01,B*35:03,True,B
HLA02043_HLA00376,B*56:15,B*56:15,B*56:01:01,B*56:01,True,B
HLA02077_HLA00297,B*40:06:02,B*40:06,B*40:06:01:01,B*40:06,True,B
HLA02077_HLA01430,B*40:06:02,B*40:06,B*40:06:01:02,B*40:06,True,B
HLA02078_HLA00364,B*53:10,B*53:10,B*53:01:01,B*53:01,True,B
HLA02079_HLA00378,B*54:06,B*54:06,B*56:03,B*56:03,True,B
HLA02089_HLA00132,B*07:39,B*07:39,B*07:02:01,B*07:02,True,B
HLA02092_HLA00368,B*55:17,B*55:17,B*55:01:01,B*55:01,True,B
HLA02093_HLA00205,B*55:18,B*55:18,B*15:42,B*15:42,True,B
HLA02093_HLA00369,B*55:18,B*55:18,B*55:02:01,B*55:02,True,B
HLA02095_HLA00367,B*54:04,B*54:04,B*54:01:01,B*54:01,True,B
HLA02096_HLA00367,B*54:05N,B*54:05N,B*54:01:01,B*54:01,True,B
HLA02097_HLA02163,B*39:33,B*39:33,B*39:34,B*39:34,True,B
HLA02098_HLA00318,B*44:41:01,B*44:41,B*44:02:01:01,B*44:02,True,B
HLA02098_HLA08401,B*44:41:01,B*44:41,B*44:02:01:03,B*44:02,True,B
HLA02099_HLA00162,B*15:97,B*15:97,B*15:01:01:01,B*15:01,True,B
HLA02100_HLA00225,B*27:05:08,B*27:05,B*27:05:02,B*27:05,True,B
HLA02104_HLA00335,B*48:11,B*48:11,B*48:01:01,B*48:01,True,B
HLA02112_HLA00335,B*48:12,B*48:12,B*48:01:01,B*48:01,True,B
HLA02113_HLA00166,B*15:98,B*15:98,B*15:03:01,B*15:03,True,B
HLA02114_HLA00364,B*53:01:03,B*53:01,B*53:01:01,B*53:01,True,B
HLA02117_HLA00344,B*51:01:06,B*51:01,B*51:01:01,B*51:01,True,B
HLA02118_HLA00225,B*27:28,B*27:28,B*27:05:02,B*27:05,True,B
HLA02119_HLA00173,B*15:99,B*15:99,B*15:10:01,B*15:10,True,B
HLA02122_HLA00369,B*55:19,B*55:19,B*55:02:01,B*55:02,True,B
HLA02128_HLA00241,B*35:58,B*35:58,B*35:05:01,B*35:05,True,B
HLA02129_HLA00137,B*07:40,B*07:40,B*07:05:01,B*07:05,True,B
HLA02132_HLA00146,B*08:23,B*08:23,B*08:01:01,B*08:01,True,B
HLA02132_HLA01717,B*08:23,B*08:23,B*08:19N,B*08:19N,True,B
HLA02134_HLA00239,B*35:59,B*35:59,B*35:03:01,B*35:03,True,B
HLA02137_HLA00368,B*55:01:02,B*55:01,B*55:01:01,B*55:01,True,B
HLA02140_HLA00331,B*15:101,B*15:101,B*46:01:01,B*46:01,True,B
HLA02141_HLA00180,B*15:17:02,B*15:17,B*15:17:01:01,B*15:17,True,B
HLA02141_HLA01439,B*15:17:02,B*15:17,B*15:17:01:02,B*15:17,True,B
HLA02142_HLA00146,B*08:24,B*08:24,B*08:01:01,B*08:01,True,B
HLA02142_HLA01717,B*08:24,B*08:24,B*08:19N,B*08:19N,True,B
HLA02143_HLA00238,B*35:02:02,B*35:02,B*35:02:01,B*35:02,True,B
HLA02144_HLA00312,B*41:07,B*41:07,B*41:01,B*41:01,True,B
HLA02149_HLA00265,B*37:09,B*37:09,B*37:01:01,B*37:01,True,B
HLA02150_HLA00158,B*14:02:02,B*14:02,B*14:02:01,B*14:02,True,B
HLA02161_HLA00267,B*38:11,B*38:11,B*38:01:01,B*38:01,True,B
HLA02167_HLA00344,B*51:38,B*51:38,B*51:01:01,B*51:01,True,B
HLA02171_HLA00225,B*27:29,B*27:29,B*27:05:02,B*27:05,True,B
HLA02174_HLA00153,B*13:02:02,B*13:02,B*13:02:01,B*13:02,True,B
HLA02175_HLA00132,B*07:42,B*07:42,B*07:02:01,B*07:02,True,B
HLA02176_HLA00237,B*35:01:04,B*35:01,B*35:01:01:01,B*35:01,True,B
HLA02179_HLA00367,B*54:07,B*54:07,B*54:01:01,B*54:01,True,B
HLA02200_HLA00338,B*48:13,B*48:13,B*48:04,B*48:04,True,B
HLA02206_HLA00318,B*44:42,B*44:42,B*44:02:01:01,B*44:02,True,B
HLA02206_HLA08401,B*44:42,B*44:42,B*44:02:01:03,B*44:02,True,B
HLA02209_HLA00340,B*49:04,B*49:04,B*49:01:01,B*49:01,True,B
HLA02211_HLA00331,B*46:05,B*46:05,B*46:01:01,B*46:01,True,B
HLA02212_HLA00362,B*52:08,B*52:08,B*52:01:01:01,B*52:01,True,B
HLA02217_HLA01510,B*40:58,B*40:58,B*40:40,B*40:40,True,B
HLA02218_HLA00225,B*27:05:09,B*27:05,B*27:05:02,B*27:05,True,B
HLA02219_HLA00146,B*08:01:02,B*08:01,B*08:01:01,B*08:01,True,B
HLA02219_HLA01717,B*08:01:02,B*08:01,B*08:19N,B*08:19N,True,B
HLA02227_HLA00292,B*40:59,B*40:59,B*40:01:02,B*40:01,True,B
HLA02228_HLA00205,B*35:60,B*35:60,B*15:42,B*15:42,True,B
HLA02228_HLA00393,B*35:60,B*35:60,B*78:01:01,B*78:01,True,B
HLA02229_HLA00292,B*40:60,B*40:60,B*40:01:02,B*40:01,True,B
HLA02231_HLA00265,B*37:10,B*37:10,B*37:01:01,B*37:01,True,B
HLA02234_HLA00319,B*44:43:01,B*44:43,B*44:03:01,B*44:03,True,B
HLA02238_HLA02370,B*27:30,B*27:30,B*27:32,B*27:32,True,B
HLA02246_HLA00223,B*27:04:02,B*27:04,B*27:04:01,B*27:04,True,B
HLA02247_HLA00132,B*07:43,B*07:43,B*07:02:01,B*07:02,True,B
HLA02249_HLA00291,B*40:61,B*40:61,B*40:01:01,B*40:01,True,B
HLA02251_HLA00244,B*35:61:01,B*35:61,B*35:08:01,B*35:08,True,B
HLA02252_HLA00146,B*08:25,B*08:25,B*08:01:01,B*08:01,True,B
HLA02252_HLA01717,B*08:25,B*08:25,B*08:19N,B*08:19N,True,B
HLA02259_HLA00381,B*57:01:03,B*57:01,B*57:01:01,B*57:01,True,B
HLA02260_HLA00238,B*35:04:02,B*35:04,B*35:02:01,B*35:02,True,B
HLA02261_HLA00376,B*56:16,B*56:16,B*56:01:01,B*56:01,True,B
HLA02262_HLA00293,B*40:02:03,B*40:02,B*40:02:01,B*40:02,True,B
HLA02296_HLA00301,B*46:06,B*46:06,B*40:10:01,B*40:10,True,B
HLA02297_HLA00344,B*51:39,B*51:39,B*51:01:01,B*51:01,True,B
HLA02298_HLA00331,B*46:07N,B*46:07N,B*46:01:01,B*46:01,True,B
HLA02300_HLA00291,B*41:08,B*41:08,B*40:01:01,B*40:01,True,B
HLA02301_HLA00223,B*27:31,B*27:31,B*27:04:01,B*27:04,True,B
HLA02307_HLA00381,B*57:10,B*57:10,B*57:01:01,B*57:01,True,B
HLA02308_HLA00146,B*08:26,B*08:26,B*08:01:01,B*08:01,True,B
HLA02308_HLA01717,B*08:26,B*08:26,B*08:19N,B*08:19N,True,B
HLA02309_HLA00318,B*44:44,B*44:44,B*44:02:01:01,B*44:02,True,B
HLA02309_HLA08401,B*44:44,B*44:44,B*44:02:01:03,B*44:02,True,B
HLA02311_HLA00146,B*42:07,B*42:07,B*08:01:01,B*08:01,True,B
HLA02311_HLA01717,B*42:07,B*42:07,B*08:19N,B*08:19N,True,B
HLA02311_HLA00315,B*42:07,B*42:07,B*42:01:01,B*42:01,True,B
HLA02313_HLA00237,B*35:01:05,B*35:01,B*35:01:01:01,B*35:01,True,B
HLA02315_HLA00213,B*18:21,B*18:21,B*18:01:01:01,B*18:01,True,B
HLA02315_HLA07768,B*18:21,B*18:21,B*18:01:01:02,B*18:01,True,B
HLA02315_HLA01532,B*18:21,B*18:21,B*18:17N,B*18:17N,True,B
HLA02316_HLA00319,B*44:45,B*44:45,B*44:03:01,B*44:03,True,B
HLA02317_HLA00137,B*07:05:02,B*07:05,B*07:05:01,B*07:05,True,B
HLA02320_HLA00369,B*55:20,B*55:20,B*55:02:01,B*55:02,True,B
HLA02329_HLA00137,B*07:05:03,B*07:05,B*07:05:01,B*07:05,True,B
HLA02330_HLA00162,B*15:105,B*15:105,B*15:01:01:01,B*15:01,True,B
HLA02331_HLA00271,B*39:35,B*39:35,B*39:01:01:01,B*39:01,True,B
HLA02332_HLA00188,B*15:106,B*15:106,B*15:25:01,B*15:25,True,B
HLA02335_HLA00368,B*55:01:04,B*55:01,B*55:01:01,B*55:01,True,B
HLA02336_HLA00331,B*46:08,B*46:08,B*46:01:01,B*46:01,True,B
HLA02342_HLA00340,B*49:05,B*49:05,B*49:01:01,B*49:01,True,B
HLA02360_HLA00153,B*13:14,B*13:14,B*13:02:01,B*13:02,True,B
HLA02368_HLA00162,B*15:107,B*15:107,B*15:01:01:01,B*15:01,True,B
HLA02377_HLA00335,B*48:14,B*48:14,B*48:01:01,B*48:01,True,B
HLA02378_HLA00271,B*39:36,B*39:36,B*39:01:01:01,B*39:01,True,B
HLA02383_HLA00291,B*40:62,B*40:62,B*40:01:01,B*40:01,True,B
HLA02384_HLA00278,B*39:37,B*39:37,B*39:05:01,B*39:05,True,B
HLA02385_HLA00244,B*35:62,B*35:62,B*35:08:01,B*35:08,True,B
HLA02387_HLA00190,B*15:109,B*15:109,B*15:27:01,B*15:27,True,B
HLA02388_HLA00213,B*18:22,B*18:22,B*18:01:01:01,B*18:01,True,B
HLA02388_HLA07768,B*18:22,B*18:22,B*18:01:01:02,B*18:01,True,B
HLA02388_HLA01532,B*18:22,B*18:22,B*18:17N,B*18:17N,True,B
HLA02393_HLA00132,B*07:45,B*07:45,B*07:02:01,B*07:02,True,B
HLA02394_HLA00267,B*38:12,B*38:12,B*38:01:01,B*38:01,True,B
HLA02398_HLA00367,B*54:08N,B*54:08N,B*54:01:01,B*54:01,True,B
HLA02399_HLA00237,B*35:63,B*35:63,B*35:01:01:01,B*35:01,True,B
HLA02400_HLA00146,B*08:01:03,B*08:01,B*08:01:01,B*08:01,True,B
HLA02400_HLA01717,B*08:01:03,B*08:01,B*08:19N,B*08:19N,True,B
HLA02402_HLA00237,B*35:64:01,B*35:64,B*35:01:01:01,B*35:01,True,B
HLA02406_HLA00146,B*08:27,B*08:27,B*08:01:01,B*08:01,True,B
HLA02406_HLA01717,B*08:27,B*08:27,B*08:19N,B*08:19N,True,B
HLA02407_HLA00369,B*55:02:02,B*55:02,B*55:02:01,B*55:02,True,B
HLA02411_HLA00239,B*35:65Q,B*35:65Q,B*35:03:01,B*35:03,True,B
HLA02418_HLA00265,B*37:01:02,B*37:01,B*37:01:01,B*37:01,True,B
HLA02419_HLA00346,B*51:40,B*51:40,B*51:02:01,B*51:02,True,B
HLA02421_HLA00162,B*15:110,B*15:110,B*15:01:01:01,B*15:01,True,B
HLA02426_HLA00271,B*39:39:01,B*39:39,B*39:01:01:01,B*39:01,True,B
HLA02436_HLA00271,B*39:40:01N,B*39:40,B*39:01:01:01,B*39:01,True,B
HLA02437_HLA00228,B*27:33,B*27:33,B*27:07:01,B*27:07,True,B
HLA02437_HLA01504,B*27:33,B*27:33,B*27:24,B*27:24,True,B
HLA02446_HLA00132,B*07:46,B*07:46,B*07:02:01,B*07:02,True,B
HLA02452_HLA00362,B*52:09,B*52:09,B*52:01:01:01,B*52:01,True,B
HLA02454_HLA00162,B*15:111N,B*15:111N,B*15:01:01:01,B*15:01,True,B
HLA02455_HLA00344,B*51:41N,B*51:41N,B*51:01:01,B*51:01,True,B
HLA02457_HLA00271,B*39:41,B*39:41,B*39:01:01:01,B*39:01,True,B
HLA02458_HLA00291,B*40:63,B*40:63,B*40:01:01,B*40:01,True,B
HLA02463_HLA00132,B*07:47,B*07:47,B*07:02:01,B*07:02,True,B
HLA02464_HLA00320,B*44:47,B*44:47,B*44:03:02,B*44:03,True,B
HLA02465_HLA00165,B*15:112,B*15:112,B*15:02:01,B*15:02,True,B
HLA02473_HLA00228,B*27:34,B*27:34,B*27:07:01,B*27:07,True,B
HLA02477_HLA00267,B*38:01:02,B*38:01,B*38:01:01,B*38:01,True,B
HLA02479_HLA00265,B*37:11,B*37:11,B*37:01:01,B*37:01,True,B
HLA02480_HLA00241,B*35:66,B*35:66,B*35:05:01,B*35:05,True,B
HLA02482_HLA00293,B*40:64,B*40:64,B*40:02:01,B*40:02,True,B
HLA02483_HLA00162,B*15:113,B*15:113,B*15:01:01:01,B*15:01,True,B
HLA02489_HLA01741,B*35:67,B*35:67,B*35:14:02,B*35:14,True,B
HLA02490_HLA00146,B*08:28,B*08:28,B*08:01:01,B*08:01,True,B
HLA02490_HLA01717,B*08:28,B*08:28,B*08:19N,B*08:19N,True,B
HLA02492_HLA00181,B*15:114,B*15:114,B*15:18:01,B*15:18,True,B
HLA02496_HLA00146,B*08:29,B*08:29,B*08:01:01,B*08:01,True,B
HLA02498_HLA00291,B*40:65,B*40:65,B*40:01:01,B*40:01,True,B
HLA02499_HLA00225,B*27:35,B*27:35,B*27:05:02,B*27:05,True,B
HLA02503_HLA00335,B*48:15,B*48:15,B*48:01:01,B*48:01,True,B
HLA02504_HLA00267,B*38:13,B*38:13,B*38:01:01,B*38:01,True,B
HLA02505_HLA00265,B*37:01:03,B*37:01,B*37:01:01,B*37:01,True,B
HLA02506_HLA00244,B*35:08:02,B*35:08,B*35:08:01,B*35:08,True,B
HLA02512_HLA00386,B*58:12,B*58:12,B*58:01:01,B*58:01,True,B
HLA02513_HLA00223,B*27:36,B*27:36,B*27:04:01,B*27:04,True,B
HLA02513_HLA00225,B*27:36,B*27:36,B*27:05:02,B*27:05,True,B
HLA02514_HLA00132,B*07:48,B*07:48,B*07:02:01,B*07:02,True,B
HLA02515_HLA00181,B*15:115,B*15:115,B*15:18:01,B*15:18,True,B
HLA02516_HLA00153,B*13:16,B*13:16,B*13:02:01,B*13:02,True,B
HLA02517_HLA00335,B*48:16,B*48:16,B*48:01:01,B*48:01,True,B
HLA02518_HLA00368,B*55:21,B*55:21,B*55:01:01,B*55:01,True,B
HLA02532_HLA00265,B*37:12,B*37:12,B*37:01:01,B*37:01,True,B
HLA02536_HLA00292,B*40:66,B*40:66,B*40:01:02,B*40:01,True,B
HLA02539_HLA02677,B*55:22,B*55:22,B*55:24,B*55:24,True,B
HLA02545_HLA00162,B*15:116,B*15:116,B*15:01:01:01,B*15:01,True,B
HLA02565_HLA00376,B*56:17,B*56:17,B*56:01:01,B*56:01,True,B
HLA02566_HLA00237,B*35:01:06,B*35:01,B*35:01:01:01,B*35:01,True,B
HLA02585_HLA00362,B*52:10:01,B*52:10,B*52:01:01:01,B*52:01,True,B
HLA02588_HLA00291,B*40:67,B*40:67,B*40:01:01,B*40:01,True,B
HLA02589_HLA00389,B*59:02,B*59:02,B*59:01:01:01,B*59:01,True,B
HLA02591_HLA00146,B*08:30N,B*08:30N,B*08:01:01,B*08:01,True,B
HLA02591_HLA01717,B*08:30N,B*08:30N,B*08:19N,B*08:19N,True,B
HLA02596_HLA00386,B*58:13,B*58:13,B*58:01:01,B*58:01,True,B
HLA02597_HLA00293,B*40:68,B*40:68,B*40:02:01,B*40:02,True,B
HLA02618_HLA00162,B*15:117,B*15:117,B*15:01:01:01,B*15:01,True,B
HLA02619_HLA00152,B*13:17,B*13:17,B*13:01:01,B*13:01,True,B
HLA02620_HLA00344,B*51:43,B*51:43,B*51:01:01,B*51:01,True,B
HLA02635_HLA00364,B*53:01:04,B*53:01,B*53:01:01,B*53:01,True,B
HLA02636_HLA02352,B*53:12,B*53:12,B*53:11,B*53:11,True,B
HLA02639_HLA00162,B*15:118,B*15:118,B*15:01:01:01,B*15:01,True,B
HLA02642_HLA00181,B*15:119,B*15:119,B*15:18:01,B*15:18,True,B
HLA02643_HLA00316,B*42:09,B*42:09,B*42:02,B*42:02,True,B
HLA02644_HLA00318,B*44:48,B*44:48,B*44:02:01:01,B*44:02,True,B
HLA02644_HLA08401,B*44:48,B*44:48,B*44:02:01:03,B*44:02,True,B
HLA02645_HLA00241,B*35:68:01,B*35:68,B*35:05:01,B*35:05,True,B
HLA02665_HLA00162,B*15:120,B*15:120,B*15:01:01:01,B*15:01,True,B
HLA02667_HLA00344,B*51:44N,B*51:44N,B*51:01:01,B*51:01,True,B
HLA02671_HLA00369,B*55:23,B*55:23,B*55:02:01,B*55:02,True,B
HLA02672_HLA00344,B*51:45,B*51:45,B*51:01:01,B*51:01,True,B
HLA02672_HLA02558,B*51:45,B*51:45,B*51:42,B*51:42,True,B
HLA02672_HLA00364,B*51:45,B*51:45,B*53:01:01,B*53:01,True,B
HLA02673_HLA00174,B*15:11:03,B*15:11,B*15:11:01,B*15:11,True,B
HLA02674_HLA00165,B*15:121,B*15:121,B*15:02:01,B*15:02,True,B
HLA02678_HLA00291,B*40:69,B*40:69,B*40:01:01,B*40:01,True,B
HLA02679_HLA00367,B*54:09,B*54:09,B*54:01:01,B*54:01,True,B
HLA02684_HLA00318,B*44:02:04,B*44:02,B*44:02:01:01,B*44:02,True,B
HLA02684_HLA08401,B*44:02:04,B*44:02,B*44:02:01:03,B*44:02,True,B
HLA02685_HLA00331,B*46:01:02,B*46:01,B*46:01:01,B*46:01,True,B
HLA02687_HLA00265,B*37:01:04,B*37:01,B*37:01:01,B*37:01,True,B
HLA02691_HLA00379,B*56:18,B*56:18,B*56:04,B*56:04,True,B
HLA02693_HLA00297,B*40:70,B*40:70,B*40:06:01:01,B*40:06,True,B
HLA02693_HLA01430,B*40:70,B*40:70,B*40:06:01:02,B*40:06,True,B
HLA02694_HLA00237,B*35:69,B*35:69,B*35:01:01:01,B*35:01,True,B
HLA02695_HLA00319,B*44:50,B*44:50,B*44:03:01,B*44:03,True,B
HLA02698_HLA00213,B*18:23N,B*18:23N,B*18:01:01:01,B*18:01,True,B
HLA02698_HLA07768,B*18:23N,B*18:23N,B*18:01:01:02,B*18:01,True,B
HLA02698_HLA01532,B*18:23N,B*18:23N,B*18:17N,B*18:17N,True,B
HLA02699_HLA00213,B*18:24,B*18:24,B*18:01:01:01,B*18:01,True,B
HLA02699_HLA07768,B*18:24,B*18:24,B*18:01:01:02,B*18:01,True,B
HLA02699_HLA01532,B*18:24,B*18:24,B*18:17N,B*18:17N,True,B
HLA02700_HLA00318,B*44:51,B*44:51,B*44:02:01:01,B*44:02,True,B
HLA02700_HLA08401,B*44:51,B*44:51,B*44:02:01:03,B*44:02,True,B
HLA02712_HLA00386,B*58:14,B*58:14,B*58:01:01,B*58:01,True,B
HLA02713_HLA00132,B*07:51,B*07:51,B*07:02:01,B*07:02,True,B
HLA02714_HLA00268,B*38:15,B*38:15,B*38:02:01,B*38:02,True,B
HLA02716_HLA00367,B*54:10,B*54:10,B*54:01:01,B*54:01,True,B
HLA02727_HLA00337,B*48:03:02,B*48:03,B*48:03:01,B*48:03,True,B
HLA02736_HLA00331,B*46:09,B*46:09,B*46:01:01,B*46:01,True,B
HLA02751_HLA00367,B*54:11,B*54:11,B*54:01:01,B*54:01,True,B
HLA02752_HLA00367,B*54:12,B*54:12,B*54:01:01,B*54:01,True,B
HLA02754_HLA00344,B*51:46,B*51:46,B*51:01:01,B*51:01,True,B
HLA02756_HLA00237,B*35:71,B*35:71,B*35:01:01:01,B*35:01,True,B
HLA02757_HLA00376,B*56:19N,B*56:19N,B*56:01:01,B*56:01,True,B
HLA02759_HLA00162,B*15:122,B*15:122,B*15:01:01:01,B*15:01,True,B
HLA02762_HLA00146,B*08:31,B*08:31,B*08:01:01,B*08:01,True,B
HLA02762_HLA01717,B*08:31,B*08:31,B*08:19N,B*08:19N,True,B
HLA02763_HLA00241,B*35:72,B*35:72,B*35:05:01,B*35:05,True,B
HLA02767_HLA00335,B*48:01:02,B*48:01,B*48:01:01,B*48:01,True,B
HLA02770_HLA00318,B*44:52N,B*44:52N,B*44:02:01:01,B*44:02,True,B
HLA02770_HLA08401,B*44:52N,B*44:52N,B*44:02:01:03,B*44:02,True,B
HLA02770_HLA01341,B*44:52N,B*44:52N,B*44:23N,B*44:23N,True,B
HLA02771_HLA00146,B*08:32,B*08:32,B*08:01:01,B*08:01,True,B
HLA02772_HLA06273,B*15:123,B*15:123,B*15:220,B*15:220,True,B
HLA02773_HLA00181,B*15:124,B*15:124,B*15:18:01,B*15:18,True,B
HLA02781_HLA00162,B*15:125,B*15:125,B*15:01:01:01,B*15:01,True,B
HLA02782_HLA00368,B*55:25,B*55:25,B*55:01:01,B*55:01,True,B
HLA02783_HLA00213,B*18:25,B*18:25,B*18:01:01:01,B*18:01,True,B
HLA02783_HLA07768,B*18:25,B*18:25,B*18:01:01:02,B*18:01,True,B
HLA02784_HLA00225,B*27:37,B*27:37,B*27:05:02,B*27:05,True,B
HLA02792_HLA00170,B*15:126,B*15:126,B*15:07:01,B*15:07,True,B
HLA02793_HLA00362,B*52:11,B*52:11,B*52:01:01:01,B*52:01,True,B
HLA02796_HLA00132,B*07:52,B*07:52,B*07:02:01,B*07:02,True,B
HLA02799_HLA00293,B*40:71,B*40:71,B*40:02:01,B*40:02,True,B
HLA02805_HLA01742,B*07:53,B*07:53,B*07:33:01,B*07:33,True,B
HLA02806_HLA00267,B*38:16,B*38:16,B*38:01:01,B*38:01,True,B
HLA02808_HLA00331,B*46:10,B*46:10,B*46:01:01,B*46:01,True,B
HLA02809_HLA00153,B*13:02:04,B*13:02,B*13:02:01,B*13:02,True,B
HLA02810_HLA00239,B*35:74,B*35:74,B*35:03:01,B*35:03,True,B
HLA02823_HLA00166,B*15:127,B*15:127,B*15:03:01,B*15:03,True,B
HLA02826_HLA00225,B*27:05:10,B*27:05,B*27:05:02,B*27:05,True,B
HLA02844_HLA00132,B*07:54,B*07:54,B*07:02:01,B*07:02,True,B
HLA02845_HLA00369,B*55:26,B*55:26,B*55:02:01,B*55:02,True,B
HLA02847_HLA00239,B*35:75,B*35:75,B*35:03:01,B*35:03,True,B
HLA02852_HLA00376,B*56:20:01,B*56:20,B*56:01:01,B*56:01,True,B
HLA02853_HLA00146,B*08:01:04,B*08:01,B*08:01:01,B*08:01,True,B
HLA02864_HLA00292,B*40:73,B*40:73,B*40:01:02,B*40:01,True,B
HLA02866_HLA00291,B*40:74,B*40:74,B*40:01:01,B*40:01,True,B
HLA02872_HLA00153,B*13:18,B*13:18,B*13:02:01,B*13:02,True,B
HLA02873_HLA00132,B*07:55,B*07:55,B*07:02:01,B*07:02,True,B
HLA02874_HLA00265,B*37:13,B*37:13,B*37:01:01,B*37:01,True,B
HLA02875_HLA00162,B*15:128,B*15:128,B*15:01:01:01,B*15:01,True,B
HLA02880_HLA00386,B*58:15,B*58:15,B*58:01:01,B*58:01,True,B
HLA02882_HLA00162,B*15:129,B*15:129,B*15:01:01:01,B*15:01,True,B
HLA02883_HLA00318,B*44:53,B*44:53,B*44:02:01:01,B*44:02,True,B
HLA02883_HLA08401,B*44:53,B*44:53,B*44:02:01:03,B*44:02,True,B
HLA02884_HLA00297,B*40:75,B*40:75,B*40:06:01:01,B*40:06,True,B
HLA02884_HLA01430,B*40:75,B*40:75,B*40:06:01:02,B*40:06,True,B
HLA02888_HLA00383,B*57:12,B*57:12,B*57:03:01,B*57:03,True,B
HLA02905_HLA00205,B*46:11,B*46:11,B*15:42,B*15:42,True,B
HLA02905_HLA00331,B*46:11,B*46:11,B*46:01:01,B*46:01,True,B
HLA02906_HLA00291,B*40:76,B*40:76,B*40:01:01,B*40:01,True,B
HLA02909_HLA00237,B*35:76,B*35:76,B*35:01:01:01,B*35:01,True,B
HLA02910_HLA00132,B*07:56:01,B*07:56,B*07:02:01,B*07:02,True,B
HLA02913_HLA02850,B*40:77,B*40:77,B*40:72:01,B*40:72,True,B
HLA02922_HLA00312,B*41:03:02,B*41:03,B*41:01,B*41:01,True,B
HLA02924_HLA00344,B*51:01:08,B*51:01,B*51:01:01,B*51:01,True,B
HLA02925_HLA00369,B*55:27,B*55:27,B*55:02:01,B*55:02,True,B
HLA02926_HLA00271,B*39:42,B*39:42,B*39:01:01:01,B*39:01,True,B
HLA02929_HLA00153,B*13:19,B*13:19,B*13:02:01,B*13:02,True,B
HLA02930_HLA00152,B*13:20,B*13:20,B*13:01:01,B*13:01,True,B
HLA02931_HLA00225,B*27:38,B*27:38,B*27:05:02,B*27:05,True,B
HLA02933_HLA00344,B*51:49,B*51:49,B*51:01:01,B*51:01,True,B
HLA02941_HLA00319,B*44:54,B*44:54,B*44:03:01,B*44:03,True,B
HLA02942_HLA02352,B*53:13,B*53:13,B*53:11,B*53:11,True,B
HLA02944_HLA00367,B*54:13,B*54:13,B*54:01:01,B*54:01,True,B
HLA02949_HLA00132,B*07:02:05,B*07:02,B*07:02:01,B*07:02,True,B
HLA02952_HLA00337,B*48:17,B*48:17,B*48:03:01,B*48:03,True,B
HLA02965_HLA00335,B*48:18,B*48:18,B*48:01:01,B*48:01,True,B
HLA02966_HLA00381,B*57:13,B*57:13,B*57:01:01,B*57:01,True,B
HLA02967_HLA00346,B*51:02:03,B*51:02,B*51:02:01,B*51:02,True,B
HLA02968_HLA00132,B*07:57,B*07:57,B*07:02:01,B*07:02,True,B
HLA02974_HLA00166,B*15:131,B*15:131,B*15:03:01,B*15:03,True,B
HLA02976_HLA00166,B*15:132,B*15:132,B*15:03:01,B*15:03,True,B
HLA02977_HLA00237,B*35:77,B*35:77,B*35:01:01:01,B*35:01,True,B
HLA02989_HLA00293,B*40:78,B*40:78,B*40:02:01,B*40:02,True,B
HLA02995_HLA00213,B*18:27,B*18:27,B*18:01:01:01,B*18:01,True,B
HLA02995_HLA07768,B*18:27,B*18:27,B*18:01:01:02,B*18:01,True,B
HLA02995_HLA01532,B*18:27,B*18:27,B*18:17N,B*18:17N,True,B
HLA03001_HLA00318,B*44:55,B*44:55,B*44:02:01:01,B*44:02,True,B
HLA03001_HLA08401,B*44:55,B*44:55,B*44:02:01:03,B*44:02,True,B
HLA03003_HLA00237,B*35:78,B*35:78,B*35:01:01:01,B*35:01,True,B
HLA03006_HLA00273,B*39:43,B*39:43,B*39:01:03,B*39:01,True,B
HLA03009_HLA00362,B*52:06:02,B*52:06,B*52:01:01:01,B*52:01,True,B
HLA03014_HLA00237,B*35:20:02,B*35:20,B*35:01:01:01,B*35:01,True,B
HLA03019_HLA00173,B*15:133,B*15:133,B*15:10:01,B*15:10,True,B
HLA03020_HLA00335,B*48:19,B*48:19,B*48:01:01,B*48:01,True,B
HLA03047_HLA00181,B*15:134,B*15:134,B*15:18:01,B*15:18,True,B
HLA03051_HLA00268,B*38:17,B*38:17,B*38:02:01,B*38:02,True,B
HLA03078_HLA00244,B*35:80,B*35:80,B*35:08:01,B*35:08,True,B
HLA03080_HLA00162,B*15:135,B*15:135,B*15:01:01:01,B*15:01,True,B
HLA03084_HLA00238,B*35:81,B*35:81,B*35:02:01,B*35:02,True,B
HLA03085_HLA00345,B*56:21,B*56:21,B*51:01:02,B*51:01,True,B
HLA03086_HLA00331,B*46:12,B*46:12,B*46:01:01,B*46:01,True,B
HLA03087_HLA00162,B*15:136,B*15:136,B*15:01:01:01,B*15:01,True,B
HLA03088_HLA00132,B*07:18:02,B*07:18,B*07:02:01,B*07:02,True,B
HLA03089_HLA00132,B*07:02:07,B*07:02,B*07:02:01,B*07:02,True,B
HLA03091_HLA00146,B*08:34,B*08:34,B*08:01:01,B*08:01,True,B
HLA03092_HLA00167,B*15:137,B*15:137,B*15:04,B*15:04,True,B
HLA03093_HLA00162,B*15:138,B*15:138,B*15:01:01:01,B*15:01,True,B
HLA03094_HLA00165,B*15:139,B*15:139,B*15:02:01,B*15:02,True,B
HLA03098_HLA00368,B*55:28,B*55:28,B*55:01:01,B*55:01,True,B
HLA03099_HLA00344,B*51:50,B*51:50,B*51:01:01,B*51:01,True,B
HLA03103_HLA00162,B*15:27:02,B*15:27,B*15:01:01:01,B*15:01,True,B
HLA03104_HLA00244,B*35:08:03,B*35:08,B*35:08:01,B*35:08,True,B
HLA03105_HLA00345,B*51:09:02,B*51:09,B*51:01:02,B*51:01,True,B
HLA03125_HLA00237,B*35:82,B*35:82,B*35:01:01:01,B*35:01,True,B
HLA03126_HLA00238,B*35:83,B*35:83,B*35:02:01,B*35:02,True,B
HLA03129_HLA00381,B*57:14,B*57:14,B*57:01:01,B*57:01,True,B
HLA03133_HLA00319,B*44:57,B*44:57,B*44:03:01,B*44:03,True,B
HLA03134_HLA00146,B*08:01:05,B*08:01,B*08:01:01,B*08:01,True,B
HLA03137_HLA01742,B*07:60,B*07:60,B*07:33:01,B*07:33,True,B
HLA03138_HLA00152,B*13:21,B*13:21,B*13:01:01,B*13:01,True,B
HLA03147_HLA00381,B*57:15,B*57:15,B*57:01:01,B*57:01,True,B
HLA03148_HLA00386,B*58:16:01,B*58:16,B*58:01:01,B*58:01,True,B
HLA03149_HLA00239,B*35:84,B*35:84,B*35:03:01,B*35:03,True,B
HLA03150_HLA00381,B*57:16,B*57:16,B*57:01:01,B*57:01,True,B
HLA03153_HLA00291,B*40:01:06,B*40:01,B*40:01:01,B*40:01,True,B
HLA03161_HLA00318,B*44:58N,B*44:58N,B*44:02:01:01,B*44:02,True,B
HLA03161_HLA08401,B*44:58N,B*44:58N,B*44:02:01:03,B*44:02,True,B
HLA03164_HLA00146,B*08:35,B*08:35,B*08:01:01,B*08:01,True,B
HLA03169_HLA00239,B*35:85,B*35:85,B*35:03:01,B*35:03,True,B
HLA03173_HLA00291,B*40:80,B*40:80,B*40:01:01,B*40:01,True,B
HLA03176_HLA00225,B*27:39,B*27:39,B*27:05:02,B*27:05,True,B
HLA03178_HLA00344,B*51:52,B*51:52,B*51:01:01,B*51:01,True,B
HLA03179_HLA00132,B*07:62,B*07:62,B*07:02:01,B*07:02,True,B
HLA03180_HLA00213,B*18:28,B*18:28,B*18:01:01:01,B*18:01,True,B
HLA03180_HLA07768,B*18:28,B*18:28,B*18:01:01:02,B*18:01,True,B
HLA03180_HLA01532,B*18:28,B*18:28,B*18:17N,B*18:17N,True,B
HLA03186_HLA00364,B*53:14,B*53:14,B*53:01:01,B*53:01,True,B
HLA03190_HLA00318,B*44:59:01,B*44:59,B*44:02:01:01,B*44:02,True,B
HLA03190_HLA08401,B*44:59:01,B*44:59,B*44:02:01:03,B*44:02,True,B
HLA03195_HLA00368,B*55:29,B*55:29,B*55:01:01,B*55:01,True,B
HLA03197_HLA01741,B*35:86,B*35:86,B*35:14:02,B*35:14,True,B
HLA03198_HLA00241,B*35:87,B*35:87,B*35:05:01,B*35:05,True,B
HLA03200_HLA00223,B*27:40,B*27:40,B*27:04:01,B*27:04,True,B
HLA03203_HLA00319,B*44:28:02,B*44:28,B*44:03:01,B*44:03,True,B
HLA03205_HLA00291,B*40:81,B*40:81,B*40:01:01,B*40:01,True,B
HLA03209_HLA00364,B*53:15,B*53:15,B*53:01:01,B*53:01,True,B
HLA03210_HLA00238,B*35:88,B*35:88,B*35:02:01,B*35:02,True,B
HLA03215_HLA00162,B*15:01:08,B*15:01,B*15:01:01:01,B*15:01,True,B
HLA03217_HLA00162,B*15:141,B*15:141,B*15:01:01:01,B*15:01,True,B
HLA03220_HLA00293,B*40:82,B*40:82,B*40:02:01,B*40:02,True,B
HLA03222_HLA00297,B*40:83,B*40:83,B*40:06:01:01,B*40:06,True,B
HLA03222_HLA01430,B*40:83,B*40:83,B*40:06:01:02,B*40:06,True,B
HLA03228_HLA00369,B*55:30,B*55:30,B*55:02:01,B*55:02,True,B
HLA03231_HLA00291,B*40:84,B*40:84,B*40:01:01,B*40:01,True,B
HLA03237_HLA00132,B*07:63,B*07:63,B*07:02:01,B*07:02,True,B
HLA03243_HLA00293,B*40:85,B*40:85,B*40:02:01,B*40:02,True,B
HLA03244_HLA00162,B*15:142,B*15:142,B*15:01:01:01,B*15:01,True,B
HLA03245_HLA00297,B*40:86,B*40:86,B*40:06:01:01,B*40:06,True,B
HLA03245_HLA01430,B*40:86,B*40:86,B*40:06:01:02,B*40:06,True,B
HLA03248_HLA00386,B*58:01:02,B*58:01,B*58:01:01,B*58:01,True,B
HLA03249_HLA00331,B*46:13:01,B*46:13,B*46:01:01,B*46:01,True,B
HLA03256_HLA00291,B*40:87:01,B*40:87,B*40:01:01,B*40:01,True,B
HLA03257_HLA00369,B*56:23,B*56:23,B*55:02:01,B*55:02,True,B
HLA03258_HLA01343,B*45:08,B*45:08,B*45:04,B*45:04,True,B
HLA03259_HLA00319,B*44:60,B*44:60,B*44:03:01,B*44:03,True,B
HLA03260_HLA00132,B*07:22:02,B*07:22,B*07:02:01,B*07:02,True,B
HLA03261_HLA00398,B*81:04N,B*81:04N,B*81:01,B*81:01,True,B
HLA03262_HLA00241,B*35:68:02,B*35:68,B*35:05:01,B*35:05,True,B
HLA03263_HLA00213,B*18:29,B*18:29,B*18:01:01:01,B*18:01,True,B
HLA03263_HLA07768,B*18:29,B*18:29,B*18:01:01:02,B*18:01,True,B
HLA03263_HLA01532,B*18:29,B*18:29,B*18:17N,B*18:17N,True,B
HLA03264_HLA00132,B*07:64,B*07:64,B*07:02:01,B*07:02,True,B
HLA03265_HLA00146,B*08:36,B*08:36,B*08:01:01,B*08:01,True,B
HLA03265_HLA01717,B*08:36,B*08:36,B*08:19N,B*08:19N,True,B
HLA03266_HLA00376,B*56:22,B*56:22,B*56:01:01,B*56:01,True,B
HLA03267_HLA00174,B*15:143,B*15:143,B*15:11:01,B*15:11,True,B
HLA03269_HLA00165,B*15:144,B*15:144,B*15:02:01,B*15:02,True,B
HLA03270_HLA00291,B*40:88,B*40:88,B*40:01:01,B*40:01,True,B
HLA03271_HLA00331,B*46:14,B*46:14,B*46:01:01,B*46:01,True,B
HLA03272_HLA00344,B*51:24:02,B*51:24,B*51:01:01,B*51:01,True,B
HLA03273_HLA00345,B*51:01:09,B*51:01,B*51:01:02,B*51:01,True,B
HLA03274_HLA00364,B*53:16,B*53:16,B*53:01:01,B*53:01,True,B
HLA03275_HLA00271,B*39:19:02,B*39:19,B*39:01:01:01,B*39:01,True,B
HLA03276_HLA00227,B*27:41,B*27:41,B*27:06,B*27:06,True,B
HLA03277_HLA00344,B*51:53,B*51:53,B*51:01:01,B*51:01,True,B
HLA03278_HLA00225,B*27:42,B*27:42,B*27:05:02,B*27:05,True,B
HLA03279_HLA00345,B*51:54,B*51:54,B*51:01:02,B*51:01,True,B
HLA03281_HLA00162,B*15:145,B*15:145,B*15:01:01:01,B*15:01,True,B
HLA03282_HLA00344,B*51:55,B*51:55,B*51:01:01,B*51:01,True,B
HLA03283_HLA00158,B*14:08,B*14:08,B*14:02:01,B*14:02,True,B
HLA03283_HLA02166,B*14:08,B*14:08,B*14:07N,B*14:07N,True,B
HLA03288_HLA00237,B*35:01:07,B*35:01,B*35:01:01:01,B*35:01,True,B
HLA03289_HLA00386,B*58:17N,B*58:17N,B*58:01:01,B*58:01,True,B
HLA03293_HLA00362,B*52:12,B*52:12,B*52:01:01:01,B*52:01,True,B
HLA03294_HLA00132,B*07:65,B*07:65,B*07:02:01,B*07:02,True,B
HLA03299_HLA00329,B*45:09,B*45:09,B*45:01,B*45:01,True,B
HLA03300_HLA00241,B*35:89,B*35:89,B*35:05:01,B*35:05,True,B
HLA03302_HLA00190,B*15:27:03,B*15:27,B*15:27:01,B*15:27,True,B
HLA03311_HLA00293,B*40:89,B*40:89,B*40:02:01,B*40:02,True,B
HLA03312_HLA00293,B*40:90,B*40:90,B*40:02:01,B*40:02,True,B
HLA03313_HLA00344,B*51:56:01,B*51:56,B*51:01:01,B*51:01,True,B
HLA03313_HLA02558,B*51:56:01,B*51:56,B*51:42,B*51:42,True,B
HLA03313_HLA00364,B*51:56:01,B*51:56,B*53:01:01,B*53:01,True,B
HLA03314_HLA00271,B*39:01:05,B*39:01,B*39:01:01:01,B*39:01,True,B
HLA03315_HLA00152,B*13:22:01,B*13:22,B*13:01:01,B*13:01,True,B
HLA03316_HLA00386,B*58:18,B*58:18,B*58:01:01,B*58:01,True,B
HLA03317_HLA00362,B*52:13,B*52:13,B*52:01:01:01,B*52:01,True,B
HLA03318_HLA00158,B*14:09,B*14:09,B*14:02:01,B*14:02,True,B
HLA03319_HLA00162,B*15:147,B*15:147,B*15:01:01:01,B*15:01,True,B
HLA03320_HLA00383,B*57:17,B*57:17,B*57:03:01,B*57:03,True,B
HLA03321_HLA00237,B*35:90,B*35:90,B*35:01:01:01,B*35:01,True,B
HLA03322_HLA00368,B*55:31,B*55:31,B*55:01:01,B*55:01,True,B
HLA03323_HLA00228,B*27:43,B*27:43,B*27:07:01,B*27:07,True,B
HLA03324_HLA00237,B*35:91,B*35:91,B*35:01:01:01,B*35:01,True,B
HLA03334_HLA00174,B*15:148,B*15:148,B*15:11:01,B*15:11,True,B
HLA03335_HLA00237,B*35:92,B*35:92,B*35:01:01:01,B*35:01,True,B
HLA03336_HLA00237,B*35:93,B*35:93,B*35:01:01:01,B*35:01,True,B
HLA03337_HLA00238,B*35:04:03,B*35:04,B*35:02:01,B*35:02,True,B
HLA03338_HLA00271,B*39:44,B*39:44,B*39:01:01:01,B*39:01,True,B
HLA03339_HLA00293,B*40:91,B*40:91,B*40:02:01,B*40:02,True,B
HLA03341_HLA00271,B*39:45,B*39:45,B*39:01:01:01,B*39:01,True,B
HLA03342_HLA00132,B*07:66,B*07:66,B*07:02:01,B*07:02,True,B
HLA03344_HLA00291,B*40:72:02,B*40:72,B*40:01:01,B*40:01,True,B
HLA03345_HLA00319,B*44:61N,B*44:61N,B*44:03:01,B*44:03,True,B
HLA03348_HLA00174,B*15:149N,B*15:149N,B*15:11:01,B*15:11,True,B
HLA03350_HLA00265,B*37:14,B*37:14,B*37:01:01,B*37:01,True,B
HLA03354_HLA00362,B*52:14,B*52:14,B*52:01:01:01,B*52:01,True,B
HLA03355_HLA00344,B*51:57,B*51:57,B*51:01:01,B*51:01,True,B
HLA03356_HLA00367,B*54:14,B*54:14,B*54:01:01,B*54:01,True,B
HLA03358_HLA00318,B*44:62,B*44:62,B*44:02:01:01,B*44:02,True,B
HLA03358_HLA08401,B*44:62,B*44:62,B*44:02:01:03,B*44:02,True,B
HLA03359_HLA00318,B*44:63,B*44:63,B*44:02:01:01,B*44:02,True,B
HLA03359_HLA08401,B*44:63,B*44:63,B*44:02:01:03,B*44:02,True,B
HLA03360_HLA00320,B*44:64:01,B*44:64,B*44:03:02,B*44:03,True,B
HLA03361_HLA00331,B*46:16,B*46:16,B*46:01:01,B*46:01,True,B
HLA03366_HLA00369,B*55:32,B*55:32,B*55:02:01,B*55:02,True,B
HLA03367_HLA00389,B*59:03,B*59:03,B*59:01:01:01,B*59:01,True,B
HLA03368_HLA00362,B*78:06,B*78:06,B*52:01:01:01,B*52:01,True,B
HLA03369_HLA00386,B*58:19,B*58:19,B*58:01:01,B*58:01,True,B
HLA03387_HLA00367,B*54:15,B*54:15,B*54:01:01,B*54:01,True,B
HLA03392_HLA00293,B*40:92,B*40:92,B*40:02:01,B*40:02,True,B
HLA03393_HLA00319,B*44:64:02,B*44:64,B*44:03:01,B*44:03,True,B
HLA03403_HLA00297,B*40:93,B*40:93,B*40:06:01:01,B*40:06,True,B
HLA03403_HLA01430,B*40:93,B*40:93,B*40:06:01:02,B*40:06,True,B
HLA03412_HLA00318,B*44:02:05,B*44:02,B*44:02:01:01,B*44:02,True,B
HLA03412_HLA08401,B*44:02:05,B*44:02,B*44:02:01:03,B*44:02,True,B
HLA03413_HLA00132,B*07:67N,B*07:67N,B*07:02:01,B*07:02,True,B
HLA03424_HLA00368,B*55:33,B*55:33,B*55:01:01,B*55:01,True,B
HLA03441_HLA01118,B*15:150,B*15:150,B*15:58,B*15:58,True,B
HLA03442_HLA00331,B*46:17,B*46:17,B*46:01:01,B*46:01,True,B
HLA03449_HLA00146,B*08:01:06,B*08:01,B*08:01:01,B*08:01,True,B
HLA03449_HLA01717,B*08:01:06,B*08:01,B*08:19N,B*08:19N,True,B
HLA03450_HLA00146,B*08:37,B*08:37,B*08:01:01,B*08:01,True,B
HLA03450_HLA01717,B*08:37,B*08:37,B*08:19N,B*08:19N,True,B
HLA03456_HLA00344,B*51:58,B*51:58,B*51:01:01,B*51:01,True,B
HLA03460_HLA00346,B*51:59,B*51:59,B*51:02:01,B*51:02,True,B
HLA03462_HLA00213,B*18:30,B*18:30,B*18:01:01:01,B*18:01,True,B
HLA03462_HLA07768,B*18:30,B*18:30,B*18:01:01:02,B*18:01,True,B
HLA03462_HLA01532,B*18:30,B*18:30,B*18:17N,B*18:17N,True,B
HLA03463_HLA00213,B*18:31,B*18:31,B*18:01:01:01,B*18:01,True,B
HLA03463_HLA07768,B*18:31,B*18:31,B*18:01:01:02,B*18:01,True,B
HLA03463_HLA01532,B*18:31,B*18:31,B*18:17N,B*18:17N,True,B
HLA03464_HLA00340,B*49:01:02,B*49:01,B*49:01:01,B*49:01,True,B
HLA03465_HLA00344,B*51:60,B*51:60,B*51:01:01,B*51:01,True,B
HLA03468_HLA00344,B*51:61:01,B*51:61,B*51:01:01,B*51:01,True,B
HLA03471_HLA02676,B*58:20,B*58:20,B*57:11,B*57:11,True,B
HLA03473_HLA00271,B*39:01:06,B*39:01,B*39:01:01:01,B*39:01,True,B
HLA03476_HLA00238,B*35:02:03,B*35:02,B*35:02:01,B*35:02,True,B
HLA03479_HLA00152,B*13:23,B*13:23,B*13:01:01,B*13:01,True,B
HLA03480_HLA00367,B*54:16,B*54:16,B*54:01:01,B*54:01,True,B
HLA03481_HLA00146,B*08:38,B*08:38,B*08:01:01,B*08:01,True,B
HLA03481_HLA01717,B*08:38,B*08:38,B*08:19N,B*08:19N,True,B
HLA03503_HLA00369,B*55:34,B*55:34,B*55:02:01,B*55:02,True,B
HLA03505_HLA00346,B*51:02:04,B*51:02,B*51:02:01,B*51:02,True,B
HLA03506_HLA00381,B*57:18,B*57:18,B*57:01:01,B*57:01,True,B
HLA03507_HLA00381,B*57:19,B*57:19,B*57:01:01,B*57:01,True,B
HLA03509_HLA00344,B*51:63,B*51:63,B*51:01:01,B*51:01,True,B
HLA03510_HLA00213,B*18:32,B*18:32,B*18:01:01:01,B*18:01,True,B
HLA03510_HLA07768,B*18:32,B*18:32,B*18:01:01:02,B*18:01,True,B
HLA03510_HLA01532,B*18:32,B*18:32,B*18:17N,B*18:17N,True,B
HLA03512_HLA00205,B*46:18,B*46:18,B*15:42,B*15:42,True,B
HLA03513_HLA00369,B*55:02:03,B*55:02,B*55:02:01,B*55:02,True,B
HLA03514_HLA00132,B*07:68:01,B*07:68,B*07:02:01,B*07:02,True,B
HLA03516_HLA00344,B*51:62,B*51:62,B*51:01:01,B*51:01,True,B
HLA03536_HLA00319,B*44:65,B*44:65,B*44:03:01,B*44:03,True,B
HLA03537_HLA00389,B*59:04,B*59:04,B*59:01:01:01,B*59:01,True,B
HLA03551_HLA00223,B*27:44,B*27:44,B*27:04:01,B*27:04,True,B
HLA03554_HLA00225,B*27:45,B*27:45,B*27:05:02,B*27:05,True,B
HLA03584_HLA00293,B*40:94,B*40:94,B*40:02:01,B*40:02,True,B
HLA03591_HLA00152,B*13:22:02,B*13:22,B*13:01:01,B*13:01,True,B
HLA03595_HLA00364,B*53:17:01,B*53:17,B*53:01:01,B*53:01,True,B
HLA03602_HLA00297,B*40:96,B*40:96,B*40:06:01:01,B*40:06,True,B
HLA03602_HLA01430,B*40:96,B*40:96,B*40:06:01:02,B*40:06,True,B
HLA03603_HLA00162,B*15:152,B*15:152,B*15:01:01:01,B*15:01,True,B
HLA03605_HLA02560,B*07:69,B*07:69,B*07:50,B*07:50,True,B
HLA03606_HLA00181,B*15:153,B*15:153,B*15:18:01,B*15:18,True,B
HLA03607_HLA00239,B*35:03:02,B*35:03,B*35:03:01,B*35:03,True,B
HLA03608_HLA00344,B*51:64,B*51:64,B*51:01:01,B*51:01,True,B
HLA03609_HLA00364,B*53:18,B*53:18,B*53:01:01,B*53:01,True,B
HLA03610_HLA00132,B*07:70,B*07:70,B*07:02:01,B*07:02,True,B
HLA03611_HLA00132,B*07:71,B*07:71,B*07:02:01,B*07:02,True,B
HLA03612_HLA00213,B*18:33,B*18:33,B*18:01:01:01,B*18:01,True,B
HLA03612_HLA07768,B*18:33,B*18:33,B*18:01:01:02,B*18:01,True,B
HLA03612_HLA01532,B*18:33,B*18:33,B*18:17N,B*18:17N,True,B
HLA03613_HLA00331,B*46:13:02,B*46:13,B*46:01:01,B*46:01,True,B
HLA03614_HLA00162,B*15:154,B*15:154,B*15:01:01:01,B*15:01,True,B
HLA03614_HLA01743,B*15:154,B*15:154,B*15:77,B*15:77,True,B
HLA03615_HLA00167,B*15:155,B*15:155,B*15:04,B*15:04,True,B
HLA03616_HLA00225,B*27:46,B*27:46,B*27:05:02,B*27:05,True,B
HLA03617_HLA00344,B*51:65,B*51:65,B*51:01:01,B*51:01,True,B
HLA03620_HLA00166,B*15:156,B*15:156,B*15:03:01,B*15:03,True,B
HLA03621_HLA00271,B*39:47,B*39:47,B*39:01:01:01,B*39:01,True,B
HLA03622_HLA00132,B*07:72,B*07:72,B*07:02:01,B*07:02,True,B
HLA03625_HLA00238,B*35:95,B*35:95,B*35:02:01,B*35:02,True,B
HLA03627_HLA00318,B*44:67,B*44:67,B*44:02:01:01,B*44:02,True,B
HLA03627_HLA08401,B*44:67,B*44:67,B*44:02:01:03,B*44:02,True,B
HLA03628_HLA00297,B*40:95,B*40:95,B*40:06:01:01,B*40:06,True,B
HLA03628_HLA01430,B*40:95,B*40:95,B*40:06:01:02,B*40:06,True,B
HLA03633_HLA00293,B*40:02:04,B*40:02,B*40:02:01,B*40:02,True,B
HLA03637_HLA00386,B*58:21,B*58:21,B*58:01:01,B*58:01,True,B
HLA03639_HLA00158,B*14:10,B*14:10,B*14:02:01,B*14:02,True,B
HLA03639_HLA02166,B*14:10,B*14:10,B*14:07N,B*14:07N,True,B
HLA03644_HLA00241,B*35:97,B*35:97,B*35:05:01,B*35:05,True,B
HLA03645_HLA00315,B*42:10,B*42:10,B*42:01:01,B*42:01,True,B
HLA03646_HLA00162,B*15:157,B*15:157,B*15:01:01:01,B*15:01,True,B
HLA03647_HLA00271,B*39:48,B*39:48,B*39:01:01:01,B*39:01,True,B
HLA03648_HLA01752,B*08:40,B*08:40,B*08:20,B*08:20,True,B
HLA03658_HLA00132,B*07:73,B*07:73,B*07:02:01,B*07:02,True,B
HLA03659_HLA00225,B*27:47,B*27:47,B*27:05:02,B*27:05,True,B
HLA03660_HLA00132,B*07:74,B*07:74,B*07:02:01,B*07:02,True,B
HLA03661_HLA00225,B*27:48,B*27:48,B*27:05:02,B*27:05,True,B
HLA03662_HLA00239,B*35:96,B*35:96,B*35:03:01,B*35:03,True,B
HLA03663_HLA00146,B*08:39,B*08:39,B*08:01:01,B*08:01,True,B
HLA03663_HLA01717,B*08:39,B*08:39,B*08:19N,B*08:19N,True,B
HLA03664_HLA00158,B*14:11,B*14:11,B*14:02:01,B*14:02,True,B
HLA03665_HLA00344,B*51:66,B*51:66,B*51:01:01,B*51:01,True,B
HLA03666_HLA00381,B*57:20,B*57:20,B*57:01:01,B*57:01,True,B
HLA03674_HLA00344,B*51:67,B*51:67,B*51:01:01,B*51:01,True,B
HLA03675_HLA00381,B*57:21,B*57:21,B*57:01:01,B*57:01,True,B
HLA03676_HLA00344,B*51:68,B*51:68,B*51:01:01,B*51:01,True,B
HLA03677_HLA00225,B*27:49,B*27:49,B*27:05:02,B*27:05,True,B
HLA03679_HLA00132,B*07:75,B*07:75,B*07:02:01,B*07:02,True,B
HLA03692_HLA00132,B*07:76,B*07:76,B*07:02:01,B*07:02,True,B
HLA03693_HLA00166,B*15:158,B*15:158,B*15:03:01,B*15:03,True,B
HLA03694_HLA00267,B*38:19,B*38:19,B*38:01:01,B*38:01,True,B
HLA03695_HLA00319,B*44:69,B*44:69,B*44:03:01,B*44:03,True,B
HLA03708_HLA00162,B*15:159,B*15:159,B*15:01:01:01,B*15:01,True,B
HLA03711_HLA00162,B*15:160,B*15:160,B*15:01:01:01,B*15:01,True,B
HLA03712_HLA00225,B*27:50,B*27:50,B*27:05:02,B*27:05,True,B
HLA03715_HLA00174,B*35:99,B*35:99,B*15:11:01,B*15:11,True,B
HLA03716_HLA00344,B*51:69,B*51:69,B*51:01:01,B*51:01,True,B
HLA03717_HLA00213,B*18:34,B*18:34,B*18:01:01:01,B*18:01,True,B
HLA03717_HLA07768,B*18:34,B*18:34,B*18:01:01:02,B*18:01,True,B
HLA03717_HLA01532,B*18:34,B*18:34,B*18:17N,B*18:17N,True,B
HLA03718_HLA00318,B*44:68,B*44:68,B*44:02:01:01,B*44:02,True,B
HLA03718_HLA08401,B*44:68,B*44:68,B*44:02:01:03,B*44:02,True,B
HLA03719_HLA00344,B*51:70,B*51:70,B*51:01:01,B*51:01,True,B
HLA03720_HLA00132,B*07:02:08,B*07:02,B*07:02:01,B*07:02,True,B
HLA03722_HLA00239,B*35:98,B*35:98,B*35:03:01,B*35:03,True,B
HLA03747_HLA02165,B*39:49,B*39:49,B*39:13:02,B*39:13,True,B
HLA03756_HLA00280,B*39:50,B*39:50,B*39:06:02,B*39:06,True,B
HLA03757_HLA00293,B*40:02:05,B*40:02,B*40:02:01,B*40:02,True,B
HLA03761_HLA00132,B*07:77,B*07:77,B*07:02:01,B*07:02,True,B
HLA03762_HLA00389,B*59:05,B*59:05,B*59:01:01:01,B*59:01,True,B
HLA03770_HLA00152,B*13:01:02,B*13:01,B*13:01:01,B*13:01,True,B
HLA03778_HLA00331,B*46:19,B*46:19,B*46:01:01,B*46:01,True,B
HLA03780_HLA00291,B*40:98,B*40:98,B*40:01:01,B*40:01,True,B
HLA03796_HLA00237,B*35:01:08,B*35:01,B*35:01:01:01,B*35:01,True,B
HLA03797_HLA00344,B*51:01:10,B*51:01,B*51:01:01,B*51:01,True,B
HLA03804_HLA00181,B*15:161,B*15:161,B*15:18:01,B*15:18,True,B
HLA03810_HLA00225,B*27:51,B*27:51,B*27:05:02,B*27:05,True,B
HLA03823_HLA00146,B*42:11,B*42:11,B*08:01:01,B*08:01,True,B
HLA03823_HLA01717,B*42:11,B*42:11,B*08:19N,B*08:19N,True,B
HLA03823_HLA02165,B*42:11,B*42:11,B*39:13:02,B*39:13,True,B
HLA03824_HLA00225,B*27:52,B*27:52,B*27:05:02,B*27:05,True,B
HLA03841_HLA00367,B*54:19,B*54:19,B*54:01:01,B*54:01,True,B
HLA03900_HLA00132,B*07:02:10,B*07:02,B*07:02:01,B*07:02,True,B
HLA03901_HLA00344,B*51:71,B*51:71,B*51:01:01,B*51:01,True,B
HLA03902_HLA00146,B*08:41,B*08:41,B*08:01:01,B*08:01,True,B
HLA03902_HLA01717,B*08:41,B*08:41,B*08:19N,B*08:19N,True,B
HLA03903_HLA00318,B*44:70,B*44:70,B*44:02:01:01,B*44:02,True,B
HLA03903_HLA08401,B*44:70,B*44:70,B*44:02:01:03,B*44:02,True,B
HLA03904_HLA00381,B*57:22,B*57:22,B*57:01:01,B*57:01,True,B
HLA03905_HLA00312,B*41:09,B*41:09,B*41:01,B*41:01,True,B
HLA03906_HLA00188,B*15:25:02,B*15:25,B*15:25:01,B*15:25,True,B
HLA03907_HLA00319,B*44:03:05,B*44:03,B*44:03:01,B*44:03,True,B
HLA03908_HLA00265,B*37:01:06,B*37:01,B*37:01:01,B*37:01,True,B
HLA03909_HLA00331,B*46:20,B*46:20,B*46:01:01,B*46:01,True,B
HLA03933_HLA00137,B*07:78,B*07:78,B*07:05:01,B*07:05,True,B
HLA03934_HLA00132,B*07:79,B*07:79,B*07:02:01,B*07:02,True,B
HLA03935_HLA00146,B*08:12:02,B*08:12,B*08:01:01,B*08:01,True,B
HLA03935_HLA01717,B*08:12:02,B*08:12,B*08:19N,B*08:19N,True,B
HLA03936_HLA00137,B*07:80,B*07:80,B*07:05:01,B*07:05,True,B
HLA03937_HLA00132,B*07:81,B*07:81,B*07:02:01,B*07:02,True,B
HLA03938_HLA00132,B*07:02:11,B*07:02,B*07:02:01,B*07:02,True,B
HLA03939_HLA00146,B*08:01:07,B*08:01,B*08:01:01,B*08:01,True,B
HLA03939_HLA01717,B*08:01:07,B*08:01,B*08:19N,B*08:19N,True,B
HLA03940_HLA00132,B*07:82,B*07:82,B*07:02:01,B*07:02,True,B
HLA03941_HLA00146,B*08:42,B*08:42,B*08:01:01,B*08:01,True,B
HLA03941_HLA01717,B*08:42,B*08:42,B*08:19N,B*08:19N,True,B
HLA03942_HLA00132,B*07:83,B*07:83,B*07:02:01,B*07:02,True,B
HLA03944_HLA00152,B*13:26,B*13:26,B*13:01:01,B*13:01,True,B
HLA03945_HLA00315,B*42:12,B*42:12,B*42:01:01,B*42:01,True,B
HLA03946_HLA00213,B*18:35,B*18:35,B*18:01:01:01,B*18:01,True,B
HLA03946_HLA07768,B*18:35,B*18:35,B*18:01:01:02,B*18:01,True,B
HLA03946_HLA01532,B*18:35,B*18:35,B*18:17N,B*18:17N,True,B
HLA03947_HLA00162,B*15:163,B*15:163,B*15:01:01:01,B*15:01,True,B
HLA03948_HLA00318,B*44:02:08,B*44:02,B*44:02:01:01,B*44:02,True,B
HLA03948_HLA08401,B*44:02:08,B*44:02,B*44:02:01:03,B*44:02,True,B
HLA03949_HLA00162,B*15:164,B*15:164,B*15:01:01:01,B*15:01,True,B
HLA03950_HLA00318,B*44:71,B*44:71,B*44:02:01:01,B*44:02,True,B
HLA03950_HLA08401,B*44:71,B*44:71,B*44:02:01:03,B*44:02,True,B
HLA03951_HLA00180,B*15:162,B*15:162,B*15:17:01:01,B*15:17,True,B
HLA03951_HLA01439,B*15:162,B*15:162,B*15:17:01:02,B*15:17,True,B
HLA03952_HLA00225,B*27:53,B*27:53,B*27:05:02,B*27:05,True,B
HLA03953_HLA00318,B*44:02:06,B*44:02,B*44:02:01:01,B*44:02,True,B
HLA03953_HLA08401,B*44:02:06,B*44:02,B*44:02:01:03,B*44:02,True,B
HLA03954_HLA00166,B*15:03:02,B*15:03,B*15:03:01,B*15:03,True,B
HLA03955_HLA00225,B*27:54,B*27:54,B*27:05:02,B*27:05,True,B
HLA03956_HLA00213,B*18:36,B*18:36,B*18:01:01:01,B*18:01,True,B
HLA03956_HLA07768,B*18:36,B*18:36,B*18:01:01:02,B*18:01,True,B
HLA03956_HLA01532,B*18:36,B*18:36,B*18:17N,B*18:17N,True,B
HLA03957_HLA00213,B*18:37,B*18:37,B*18:01:01:01,B*18:01,True,B
HLA03957_HLA07768,B*18:37,B*18:37,B*18:01:01:02,B*18:01,True,B
HLA03957_HLA01532,B*18:37,B*18:37,B*18:17N,B*18:17N,True,B
HLA03958_HLA00166,B*15:03:03,B*15:03,B*15:03:01,B*15:03,True,B
HLA03959_HLA00265,B*37:15,B*37:15,B*37:01:01,B*37:01,True,B
HLA03960_HLA00318,B*44:02:07,B*44:02,B*44:02:01:01,B*44:02,True,B
HLA03960_HLA08401,B*44:02:07,B*44:02,B*44:02:01:03,B*44:02,True,B
HLA03961_HLA00162,B*15:78:02,B*15:78,B*15:01:01:01,B*15:01,True,B
HLA03962_HLA00318,B*44:72,B*44:72,B*44:02:01:01,B*44:02,True,B
HLA03962_HLA08401,B*44:72,B*44:72,B*44:02:01:03,B*44:02,True,B
HLA03963_HLA00237,B*35:01:09,B*35:01,B*35:01:01:01,B*35:01,True,B
HLA03964_HLA00162,B*15:01:09,B*15:01,B*15:01:01:01,B*15:01,True,B
HLA03965_HLA00312,B*41:02:02,B*41:02,B*41:01,B*41:01,True,B
HLA03966_HLA00331,B*46:21:01,B*46:21,B*46:01:01,B*46:01,True,B
HLA03967_HLA00369,B*55:35,B*55:35,B*55:02:01,B*55:02,True,B
HLA03968_HLA00386,B*58:22,B*58:22,B*58:01:01,B*58:01,True,B
HLA03969_HLA00381,B*57:01:04,B*57:01,B*57:01:01,B*57:01,True,B
HLA03970_HLA00362,B*52:15,B*52:15,B*52:01:01:01,B*52:01,True,B
HLA03971_HLA00344,B*51:72,B*51:72,B*51:01:01,B*51:01,True,B
HLA03972_HLA00344,B*51:73,B*51:73,B*51:01:01,B*51:01,True,B
HLA03973_HLA00318,B*44:73,B*44:73,B*44:02:01:01,B*44:02,True,B
HLA03973_HLA08401,B*44:73,B*44:73,B*44:02:01:03,B*44:02,True,B
HLA03974_HLA00318,B*44:74,B*44:74,B*44:02:01:01,B*44:02,True,B
HLA03974_HLA08401,B*44:74,B*44:74,B*44:02:01:03,B*44:02,True,B
HLA03981_HLA00132,B*07:91,B*07:91,B*07:02:01,B*07:02,True,B
HLA03982_HLA00152,B*13:28,B*13:28,B*13:01:01,B*13:01,True,B
HLA03983_HLA00369,B*55:37,B*55:37,B*55:02:01,B*55:02,True,B
HLA03984_HLA00381,B*57:24,B*57:24,B*57:01:01,B*57:01,True,B
HLA03985_HLA00180,B*15:168,B*15:168,B*15:17:01:01,B*15:17,True,B
HLA03985_HLA01439,B*15:168,B*15:168,B*15:17:01:02,B*15:17,True,B
HLA03986_HLA00381,B*57:25,B*57:25,B*57:01:01,B*57:01,True,B
HLA03987_HLA00223,B*27:04:03,B*27:04,B*27:04:01,B*27:04,True,B
HLA03990_HLA00162,B*15:169,B*15:169,B*15:01:01:01,B*15:01,True,B
HLA04013_HLA00319,B*44:03:07,B*44:03,B*44:03:01,B*44:03,True,B
HLA04014_HLA00319,B*44:81,B*44:81,B*44:03:01,B*44:03,True,B
HLA04015_HLA00344,B*51:78:01,B*51:78,B*51:01:01,B*51:01,True,B
HLA04017_HLA00369,B*55:02:04,B*55:02,B*55:02:01,B*55:02,True,B
HLA04022_HLA00319,B*44:82,B*44:82,B*44:03:01,B*44:03,True,B
HLA04023_HLA00181,B*15:18:03,B*15:18,B*15:18:01,B*15:18,True,B
HLA04024_HLA00376,B*56:26,B*56:26,B*56:01:01,B*56:01,True,B
HLA04025_HLA00386,B*58:24,B*58:24,B*58:01:01,B*58:01,True,B
HLA04027_HLA00158,B*14:12,B*14:12,B*14:02:01,B*14:02,True,B
HLA04027_HLA02166,B*14:12,B*14:12,B*14:07N,B*14:07N,True,B
HLA04028_HLA00165,B*15:170,B*15:170,B*15:02:01,B*15:02,True,B
HLA04041_HLA00271,B*39:01:07,B*39:01,B*39:01:01:01,B*39:01,True,B
HLA04042_HLA00132,B*07:02:12,B*07:02,B*07:02:01,B*07:02,True,B
HLA04043_HLA00271,B*39:01:08,B*39:01,B*39:01:01:01,B*39:01,True,B
HLA04044_HLA00326,B*44:75,B*44:75,B*44:09,B*44:09,True,B
HLA04045_HLA00344,B*51:74,B*51:74,B*51:01:01,B*51:01,True,B
HLA04046_HLA00381,B*57:23,B*57:23,B*57:01:01,B*57:01,True,B
HLA04047_HLA00368,B*55:36,B*55:36,B*55:01:01,B*55:01,True,B
HLA04048_HLA00225,B*27:55,B*27:55,B*27:05:02,B*27:05,True,B
HLA04049_HLA00341,B*50:05,B*50:05,B*50:01:01,B*50:01,True,B
HLA04050_HLA00271,B*39:01:09,B*39:01,B*39:01:01:01,B*39:01,True,B
HLA04051_HLA01343,B*45:10,B*45:10,B*45:04,B*45:04,True,B
HLA04052_HLA00162,B*15:165,B*15:165,B*15:01:01:01,B*15:01,True,B
HLA04053_HLA00225,B*27:56,B*27:56,B*27:05:02,B*27:05,True,B
HLA04054_HLA00225,B*27:05:11,B*27:05,B*27:05:02,B*27:05,True,B
HLA04055_HLA00158,B*14:13,B*14:13,B*14:02:01,B*14:02,True,B
HLA04055_HLA00271,B*14:13,B*14:13,B*39:01:01:01,B*39:01,True,B
HLA04056_HLA00319,B*44:76,B*44:76,B*44:03:01,B*44:03,True,B
HLA04058_HLA00132,B*07:02:13,B*07:02,B*07:02:01,B*07:02,True,B
HLA04059_HLA00344,B*51:01:11,B*51:01,B*51:01:01,B*51:01,True,B
HLA04060_HLA00381,B*57:01:05,B*57:01,B*57:01:01,B*57:01,True,B
HLA04066_HLA00158,B*14:14,B*14:14,B*14:02:01,B*14:02,True,B
HLA04066_HLA02166,B*14:14,B*14:14,B*14:07N,B*14:07N,True,B
HLA04067_HLA00132,B*07:84,B*07:84,B*07:02:01,B*07:02,True,B
HLA04070_HLA00291,B*40:01:07,B*40:01,B*40:01:01,B*40:01,True,B
HLA04071_HLA00162,B*15:01:10,B*15:01,B*15:01:01:01,B*15:01,True,B
HLA04072_HLA00271,B*39:51,B*39:51,B*39:01:01:01,B*39:01,True,B
HLA04073_HLA00265,B*37:16Q,B*37:16Q,B*37:01:01,B*37:01,True,B
HLA04074_HLA02560,B*07:85,B*07:85,B*07:50,B*07:50,True,B
HLA04075_HLA00213,B*18:07:02,B*18:07,B*18:01:01:01,B*18:01,True,B
HLA04075_HLA07768,B*18:07:02,B*18:07,B*18:01:01:02,B*18:01,True,B
HLA04075_HLA01532,B*18:07:02,B*18:07,B*18:17N,B*18:17N,True,B
HLA04076_HLA00267,B*38:20,B*38:20,B*38:01:01,B*38:01,True,B
HLA04077_HLA00376,B*56:25,B*56:25,B*56:01:01,B*56:01,True,B
HLA04078_HLA00162,B*15:166,B*15:166,B*15:01:01:01,B*15:01,True,B
HLA04079_HLA00132,B*07:86,B*07:86,B*07:02:01,B*07:02,True,B
HLA04080_HLA00344,B*51:75,B*51:75,B*51:01:01,B*51:01,True,B
HLA04081_HLA00146,B*08:43,B*08:43,B*08:01:01,B*08:01,True,B
HLA04081_HLA01717,B*08:43,B*08:43,B*08:19N,B*08:19N,True,B
HLA04082_HLA00319,B*44:77,B*44:77,B*44:03:01,B*44:03,True,B
HLA04083_HLA00153,B*13:02:06,B*13:02,B*13:02:01,B*13:02,True,B
HLA04084_HLA00162,B*15:167,B*15:167,B*15:01:01:01,B*15:01,True,B
HLA04085_HLA00318,B*44:78,B*44:78,B*44:02:01:01,B*44:02,True,B
HLA04085_HLA08401,B*44:78,B*44:78,B*44:02:01:03,B*44:02,True,B
HLA04086_HLA00319,B*44:79,B*44:79,B*44:03:01,B*44:03,True,B
HLA04087_HLA00386,B*58:23,B*58:23,B*58:01:01,B*58:01,True,B
HLA04088_HLA00213,B*18:38,B*18:38,B*18:01:01:01,B*18:01,True,B
HLA04088_HLA07768,B*18:38,B*18:38,B*18:01:01:02,B*18:01,True,B
HLA04088_HLA01532,B*18:38,B*18:38,B*18:17N,B*18:17N,True,B
HLA04089_HLA00225,B*27:57,B*27:57,B*27:05:02,B*27:05,True,B
HLA04090_HLA00267,B*38:01:03,B*38:01,B*38:01:01,B*38:01,True,B
HLA04091_HLA00213,B*18:39,B*18:39,B*18:01:01:01,B*18:01,True,B
HLA04091_HLA07768,B*18:39,B*18:39,B*18:01:01:02,B*18:01,True,B
HLA04091_HLA01532,B*18:39,B*18:39,B*18:17N,B*18:17N,True,B
HLA04092_HLA00132,B*07:87,B*07:87,B*07:02:01,B*07:02,True,B
HLA04093_HLA00181,B*15:18:02,B*15:18,B*15:18:01,B*15:18,True,B
HLA04094_HLA00312,B*41:10,B*41:10,B*41:01,B*41:01,True,B
HLA04095_HLA00364,B*53:19,B*53:19,B*53:01:01,B*53:01,True,B
HLA04096_HLA00318,B*44:80,B*44:80,B*44:02:01:01,B*44:02,True,B
HLA04096_HLA08401,B*44:80,B*44:80,B*44:02:01:03,B*44:02,True,B
HLA04097_HLA00132,B*07:88,B*07:88,B*07:02:01,B*07:02,True,B
HLA04098_HLA00340,B*49:06,B*49:06,B*49:01:01,B*49:01,True,B
HLA04099_HLA00132,B*07:89,B*07:89,B*07:02:01,B*07:02,True,B
HLA04100_HLA00341,B*50:01:02,B*50:01,B*50:01:01,B*50:01,True,B
HLA04101_HLA00158,B*14:02:03,B*14:02,B*14:02:01,B*14:02,True,B
HLA04102_HLA00344,B*51:76,B*51:76,B*51:01:01,B*51:01,True,B
HLA04103_HLA00319,B*44:03:06,B*44:03,B*44:03:01,B*44:03,True,B
HLA04104_HLA00344,B*51:77,B*51:77,B*51:01:01,B*51:01,True,B
HLA04105_HLA00271,B*39:52,B*39:52,B*39:01:01:01,B*39:01,True,B
HLA04106_HLA00213,B*18:40,B*18:40,B*18:01:01:01,B*18:01,True,B
HLA04106_HLA07768,B*18:40,B*18:40,B*18:01:01:02,B*18:01,True,B
HLA04106_HLA01532,B*18:40,B*18:40,B*18:17N,B*18:17N,True,B
HLA04107_HLA00153,B*13:27,B*13:27,B*13:02:01,B*13:02,True,B
HLA04108_HLA00341,B*50:06,B*50:06,B*50:01:01,B*50:01,True,B
HLA04109_HLA00137,B*07:90,B*07:90,B*07:05:01,B*07:05,True,B
HLA04111_HLA00318,B*44:83,B*44:83,B*44:02:01:01,B*44:02,True,B
HLA04111_HLA08401,B*44:83,B*44:83,B*44:02:01:03,B*44:02,True,B
HLA04112_HLA00162,B*15:01:11,B*15:01,B*15:01:01:01,B*15:01,True,B
HLA04113_HLA00132,B*07:02:14,B*07:02,B*07:02:01,B*07:02,True,B
HLA04114_HLA00237,B*35:01:10,B*35:01,B*35:01:01:01,B*35:01,True,B
HLA04115_HLA00362,B*52:01:05,B*52:01,B*52:01:01:01,B*52:01,True,B
HLA04116_HLA00318,B*44:02:09,B*44:02,B*44:02:01:01,B*44:02,True,B
HLA04116_HLA08401,B*44:02:09,B*44:02,B*44:02:01:03,B*44:02,True,B
HLA04128_HLA00340,B*49:07,B*49:07,B*49:01:01,B*49:01,True,B
HLA04157_HLA00174,B*15:11:04,B*15:11,B*15:11:01,B*15:11,True,B
HLA04158_HLA00162,B*15:178,B*15:178,B*15:01:01:01,B*15:01,True,B
HLA04159_HLA00162,B*15:179,B*15:179,B*15:01:01:01,B*15:01,True,B
HLA04160_HLA00265,B*37:19,B*37:19,B*37:01:01,B*37:01,True,B
HLA04161_HLA00271,B*39:54,B*39:54,B*39:01:01:01,B*39:01,True,B
HLA04162_HLA00362,B*52:16,B*52:16,B*52:01:01:01,B*52:01,True,B
HLA04163_HLA00331,B*46:22,B*46:22,B*46:01:01,B*46:01,True,B
HLA04164_HLA00225,B*27:59N,B*27:59N,B*27:05:02,B*27:05,True,B
HLA04165_HLA00181,B*15:180,B*15:180,B*15:18:01,B*15:18,True,B
HLA04166_HLA00344,B*51:84,B*51:84,B*51:01:01,B*51:01,True,B
HLA04168_HLA00315,B*42:13,B*42:13,B*42:01:01,B*42:01,True,B
HLA04169_HLA00162,B*15:171,B*15:171,B*15:01:01:01,B*15:01,True,B
HLA04170_HLA00291,B*40:01:08,B*40:01,B*40:01:01,B*40:01,True,B
HLA04171_HLA00162,B*15:172,B*15:172,B*15:01:01:01,B*15:01,True,B
HLA04172_HLA00132,B*07:92,B*07:92,B*07:02:01,B*07:02,True,B
HLA04173_HLA00318,B*44:84,B*44:84,B*44:02:01:01,B*44:02,True,B
HLA04173_HLA08401,B*44:84,B*44:84,B*44:02:01:03,B*44:02,True,B
HLA04174_HLA00293,B*40:02:06,B*40:02,B*40:02:01,B*40:02,True,B
HLA04175_HLA00225,B*27:58,B*27:58,B*27:05:02,B*27:05,True,B
HLA04176_HLA00158,B*14:15,B*14:15,B*14:02:01,B*14:02,True,B
HLA04177_HLA00271,B*39:01:10,B*39:01,B*39:01:01:01,B*39:01,True,B
HLA04178_HLA00244,B*35:08:04,B*35:08,B*35:08:01,B*35:08,True,B
HLA04179_HLA00237,B*35:01:11,B*35:01,B*35:01:01:01,B*35:01,True,B
HLA04180_HLA00341,B*50:07,B*50:07,B*50:01:01,B*50:01,True,B
HLA04181_HLA00237,B*35:01:12,B*35:01,B*35:01:01:01,B*35:01,True,B
HLA04182_HLA00341,B*50:08,B*50:08,B*50:01:01,B*50:01,True,B
HLA04183_HLA00238,B*35:12:02,B*35:12,B*35:02:01,B*35:02,True,B
HLA04184_HLA00265,B*37:01:07,B*37:01,B*37:01:01,B*37:01,True,B
HLA04185_HLA00368,B*55:01:05,B*55:01,B*55:01:01,B*55:01,True,B
HLA04186_HLA00146,B*08:12:03,B*08:12,B*08:01:01,B*08:01,True,B
HLA04186_HLA01717,B*08:12:03,B*08:12,B*08:19N,B*08:19N,True,B
HLA04187_HLA00166,B*15:173,B*15:173,B*15:03:01,B*15:03,True,B
HLA04188_HLA00146,B*08:44,B*08:44,B*08:01:01,B*08:01,True,B
HLA04188_HLA01717,B*08:44,B*08:44,B*08:19N,B*08:19N,True,B
HLA04189_HLA00213,B*18:01:04,B*18:01,B*18:01:01:01,B*18:01,True,B
HLA04189_HLA07768,B*18:01:04,B*18:01,B*18:01:01:02,B*18:01,True,B
HLA04189_HLA01532,B*18:01:04,B*18:01,B*18:17N,B*18:17N,True,B
HLA04190_HLA00162,B*15:38:02,B*15:38,B*15:01:01:01,B*15:01,True,B
HLA04191_HLA00132,B*07:02:15,B*07:02,B*07:02:01,B*07:02,True,B
HLA04192_HLA00158,B*14:16,B*14:16,B*14:02:01,B*14:02,True,B
HLA04193_HLA00132,B*07:93,B*07:93,B*07:02:01,B*07:02,True,B
HLA04194_HLA00319,B*44:85,B*44:85,B*44:03:01,B*44:03,True,B
HLA04195_HLA00152,B*13:29,B*13:29,B*13:01:01,B*13:01,True,B
HLA04196_HLA00318,B*44:02:10,B*44:02,B*44:02:01:01,B*44:02,True,B
HLA04196_HLA08401,B*44:02:10,B*44:02,B*44:02:01:03,B*44:02,True,B
HLA04197_HLA00225,B*27:05:12,B*27:05,B*27:05:02,B*27:05,True,B
HLA04198_HLA00132,B*07:02:16,B*07:02,B*07:02:01,B*07:02,True,B
HLA04199_HLA00344,B*51:79,B*51:79,B*51:01:01,B*51:01,True,B
HLA04200_HLA00271,B*39:53,B*39:53,B*39:01:01:01,B*39:01,True,B
HLA04201_HLA00165,B*15:02:02,B*15:02,B*15:02:01,B*15:02,True,B
HLA04202_HLA00213,B*18:41,B*18:41,B*18:01:01:01,B*18:01,True,B
HLA04202_HLA07768,B*18:41,B*18:41,B*18:01:01:02,B*18:01,True,B
HLA04202_HLA01532,B*18:41,B*18:41,B*18:17N,B*18:17N,True,B
HLA04203_HLA00381,B*57:26,B*57:26,B*57:01:01,B*57:01,True,B
HLA04204_HLA00344,B*51:80,B*51:80,B*51:01:01,B*51:01,True,B
HLA04205_HLA00213,B*18:42,B*18:42,B*18:01:01:01,B*18:01,True,B
HLA04205_HLA07768,B*18:42,B*18:42,B*18:01:01:02,B*18:01,True,B
HLA04205_HLA01532,B*18:42,B*18:42,B*18:17N,B*18:17N,True,B
HLA04206_HLA00344,B*51:01:12,B*51:01,B*51:01:01,B*51:01,True,B
HLA04207_HLA00153,B*13:30,B*13:30,B*13:02:01,B*13:02,True,B
HLA04208_HLA00265,B*37:17,B*37:17,B*37:01:01,B*37:01,True,B
HLA04209_HLA00376,B*56:01:02,B*56:01,B*56:01:01,B*56:01,True,B
HLA04210_HLA00146,B*08:01:08,B*08:01,B*08:01:01,B*08:01,True,B
HLA04210_HLA01717,B*08:01:08,B*08:01,B*08:19N,B*08:19N,True,B
HLA04211_HLA00368,B*55:38,B*55:38,B*55:01:01,B*55:01,True,B
HLA04212_HLA00213,B*18:43,B*18:43,B*18:01:01:01,B*18:01,True,B
HLA04212_HLA07768,B*18:43,B*18:43,B*18:01:01:02,B*18:01,True,B
HLA04212_HLA01532,B*18:43,B*18:43,B*18:17N,B*18:17N,True,B
HLA04213_HLA00162,B*15:174,B*15:174,B*15:01:01:01,B*15:01,True,B
HLA04214_HLA00368,B*55:01:06,B*55:01,B*55:01:01,B*55:01,True,B
HLA04215_HLA00318,B*44:86,B*44:86,B*44:02:01:01,B*44:02,True,B
HLA04215_HLA08401,B*44:86,B*44:86,B*44:02:01:03,B*44:02,True,B
HLA04216_HLA00162,B*15:01:12,B*15:01,B*15:01:01:01,B*15:01,True,B
HLA04217_HLA00267,B*38:01:04,B*38:01,B*38:01:01,B*38:01,True,B
HLA04218_HLA00162,B*15:175,B*15:175,B*15:01:01:01,B*15:01,True,B
HLA04219_HLA00132,B*07:94,B*07:94,B*07:02:01,B*07:02,True,B
HLA04220_HLA00293,B*40:02:07,B*40:02,B*40:02:01,B*40:02,True,B
HLA04221_HLA00146,B*08:01:09,B*08:01,B*08:01:01,B*08:01,True,B
HLA04221_HLA01717,B*08:01:09,B*08:01,B*08:19N,B*08:19N,True,B
HLA04222_HLA00213,B*18:44:01,B*18:44,B*18:01:01:01,B*18:01,True,B
HLA04222_HLA07768,B*18:44:01,B*18:44,B*18:01:01:02,B*18:01,True,B
HLA04222_HLA01532,B*18:44:01,B*18:44,B*18:17N,B*18:17N,True,B
HLA04223_HLA00213,B*18:45,B*18:45,B*18:01:01:01,B*18:01,True,B
HLA04223_HLA07768,B*18:45,B*18:45,B*18:01:01:02,B*18:01,True,B
HLA04223_HLA01532,B*18:45,B*18:45,B*18:17N,B*18:17N,True,B
HLA04224_HLA00318,B*44:87,B*44:87,B*44:02:01:01,B*44:02,True,B
HLA04224_HLA08401,B*44:87,B*44:87,B*44:02:01:03,B*44:02,True,B
HLA04225_HLA02558,B*51:81,B*51:81,B*51:42,B*51:42,True,B
HLA04226_HLA00386,B*58:01:03,B*58:01,B*58:01:01,B*58:01,True,B
HLA04227_HLA00315,B*42:01:02,B*42:01,B*42:01:01,B*42:01,True,B
HLA04228_HLA00318,B*44:88,B*44:88,B*44:02:01:01,B*44:02,True,B
HLA04228_HLA08401,B*44:88,B*44:88,B*44:02:01:03,B*44:02,True,B
HLA04229_HLA00265,B*37:18,B*37:18,B*37:01:01,B*37:01,True,B
HLA04230_HLA00146,B*08:45,B*08:45,B*08:01:01,B*08:01,True,B
HLA04230_HLA01717,B*08:45,B*08:45,B*08:19N,B*08:19N,True,B
HLA04231_HLA00344,B*51:82,B*51:82,B*51:01:01,B*51:01,True,B
HLA04232_HLA00181,B*15:176,B*15:176,B*15:18:01,B*15:18,True,B
HLA04233_HLA00132,B*07:95,B*07:95,B*07:02:01,B*07:02,True,B
HLA04234_HLA00146,B*08:46,B*08:46,B*08:01:01,B*08:01,True,B
HLA04234_HLA01717,B*08:46,B*08:46,B*08:19N,B*08:19N,True,B
HLA04235_HLA00344,B*51:01:13,B*51:01,B*51:01:01,B*51:01,True,B
HLA04236_HLA00312,B*41:11,B*41:11,B*41:01,B*41:01,True,B
HLA04237_HLA00237,B*35:01:13,B*35:01,B*35:01:01:01,B*35:01,True,B
HLA04238_HLA00132,B*07:02:17,B*07:02,B*07:02:01,B*07:02,True,B
HLA04239_HLA00341,B*50:09,B*50:09,B*50:01:01,B*50:01,True,B
HLA04240_HLA00146,B*08:47,B*08:47,B*08:01:01,B*08:01,True,B
HLA04240_HLA01717,B*08:47,B*08:47,B*08:19N,B*08:19N,True,B
HLA04241_HLA00132,B*07:96:01,B*07:96,B*07:02:01,B*07:02,True,B
HLA04242_HLA00180,B*15:177,B*15:177,B*15:17:01:01,B*15:17,True,B
HLA04242_HLA01439,B*15:177,B*15:177,B*15:17:01:02,B*15:17,True,B
HLA04243_HLA00137,B*07:97,B*07:97,B*07:05:01,B*07:05,True,B
HLA04244_HLA00364,B*53:01:05,B*53:01,B*53:01:01,B*53:01,True,B
HLA04245_HLA00335,B*48:20,B*48:20,B*48:01:01,B*48:01,True,B
HLA04246_HLA00132,B*07:02:18,B*07:02,B*07:02:01,B*07:02,True,B
HLA04247_HLA00312,B*41:12,B*41:12,B*41:01,B*41:01,True,B
HLA04248_HLA00132,B*07:98,B*07:98,B*07:02:01,B*07:02,True,B
HLA04249_HLA00213,B*18:01:05,B*18:01,B*18:01:01:01,B*18:01,True,B
HLA04249_HLA07768,B*18:01:05,B*18:01,B*18:01:01:02,B*18:01,True,B
HLA04249_HLA01532,B*18:01:05,B*18:01,B*18:17N,B*18:17N,True,B
HLA04250_HLA00132,B*07:99,B*07:99,B*07:02:01,B*07:02,True,B
HLA04251_HLA00344,B*51:83,B*51:83,B*51:01:01,B*51:01,True,B
HLA04252_HLA00319,B*44:03:08,B*44:03,B*44:03:01,B*44:03,True,B
HLA04387_HLA00293,B*40:99,B*40:99,B*40:02:01,B*40:02,True,B
HLA04397_HLA00386,B*58:26,B*58:26,B*58:01:01,B*58:01,True,B
HLA04401_HLA00383,B*57:28N,B*57:28N,B*57:03:01,B*57:03,True,B
HLA04412_HLA00364,B*53:21,B*53:21,B*53:01:01,B*53:01,True,B
HLA04413_HLA00162,B*15:185,B*15:185,B*15:01:01:01,B*15:01,True,B
HLA04414_HLA00153,B*13:32,B*13:32,B*13:02:01,B*13:02,True,B
HLA04415_HLA00158,B*14:02:05,B*14:02,B*14:02:01,B*14:02,True,B
HLA04432_HLA00213,B*18:01:06,B*18:01,B*18:01:01:01,B*18:01,True,B
HLA04432_HLA07768,B*18:01:06,B*18:01,B*18:01:01:02,B*18:01,True,B
HLA04432_HLA01532,B*18:01:06,B*18:01,B*18:17N,B*18:17N,True,B
HLA04433_HLA00335,B*48:21,B*48:21,B*48:01:01,B*48:01,True,B
HLA04434_HLA00237,B*35:01:14,B*35:01,B*35:01:01:01,B*35:01,True,B
HLA04435_HLA00383,B*57:02:02,B*57:02,B*57:03:01,B*57:03,True,B
HLA04436_HLA00153,B*13:31,B*13:31,B*13:02:01,B*13:02,True,B
HLA04437_HLA00239,B*35:03:03,B*35:03,B*35:03:01,B*35:03,True,B
HLA04438_HLA00146,B*08:48,B*08:48,B*08:01:01,B*08:01,True,B
HLA04438_HLA01717,B*08:48,B*08:48,B*08:19N,B*08:19N,True,B
HLA04439_HLA00267,B*38:21,B*38:21,B*38:01:01,B*38:01,True,B
HLA04440_HLA00278,B*39:05:02,B*39:05,B*39:05:01,B*39:05,True,B
HLA04441_HLA00344,B*51:85,B*51:85,B*51:01:01,B*51:01,True,B
HLA04442_HLA00146,B*08:49,B*08:49,B*08:01:01,B*08:01,True,B
HLA04442_HLA01717,B*08:49,B*08:49,B*08:19N,B*08:19N,True,B
HLA04443_HLA00225,B*27:60,B*27:60,B*27:05:02,B*27:05,True,B
HLA04444_HLA00344,B*51:86,B*51:86,B*51:01:01,B*51:01,True,B
HLA04445_HLA00213,B*18:46,B*18:46,B*18:01:01:01,B*18:01,True,B
HLA04445_HLA07768,B*18:46,B*18:46,B*18:01:01:02,B*18:01,True,B
HLA04445_HLA01532,B*18:46,B*18:46,B*18:17N,B*18:17N,True,B
HLA04446_HLA00237,B*35:01:15,B*35:01,B*35:01:01:01,B*35:01,True,B
HLA04447_HLA01188,B*82:03,B*82:03,B*82:02,B*82:02,True,B
HLA04448_HLA00173,B*15:10:02,B*15:10,B*15:10:01,B*15:10,True,B
HLA04449_HLA00223,B*27:61,B*27:61,B*27:04:01,B*27:04,True,B
HLA04450_HLA00362,B*52:17,B*52:17,B*52:01:01:01,B*52:01,True,B
HLA04451_HLA00278,B*39:55,B*39:55,B*39:05:01,B*39:05,True,B
HLA04452_HLA00381,B*57:27,B*57:27,B*57:01:01,B*57:01,True,B
HLA04453_HLA00213,B*18:01:07,B*18:01,B*18:01:01:01,B*18:01,True,B
HLA04453_HLA07768,B*18:01:07,B*18:01,B*18:01:01:02,B*18:01,True,B
HLA04453_HLA01532,B*18:01:07,B*18:01,B*18:17N,B*18:17N,True,B
HLA04454_HLA00162,B*15:01:13,B*15:01,B*15:01:01:01,B*15:01,True,B
HLA04455_HLA00318,B*44:89,B*44:89,B*44:02:01:01,B*44:02,True,B
HLA04455_HLA08401,B*44:89,B*44:89,B*44:02:01:03,B*44:02,True,B
HLA04456_HLA00381,B*57:01:06,B*57:01,B*57:01:01,B*57:01,True,B
HLA04457_HLA00162,B*15:181N,B*15:181N,B*15:01:01:01,B*15:01,True,B
HLA04458_HLA00162,B*15:182N,B*15:182N,B*15:01:01:01,B*15:01,True,B
HLA04459_HLA00362,B*52:18,B*52:18,B*52:01:01:01,B*52:01,True,B
HLA04460_HLA00326,B*44:90,B*44:90,B*44:09,B*44:09,True,B
HLA04461_HLA00166,B*48:02:02,B*48:02,B*15:03:01,B*15:03,True,B
HLA04461_HLA02165,B*48:02:02,B*48:02,B*39:13:02,B*39:13,True,B
HLA04462_HLA00364,B*53:20,B*53:20,B*53:01:01,B*53:01,True,B
HLA04463_HLA00162,B*15:01:14,B*15:01,B*15:01:01:01,B*15:01,True,B
HLA04464_HLA00162,B*15:01:15,B*15:01,B*15:01:01:01,B*15:01,True,B
HLA04468_HLA00237,B*35:01:16,B*35:01,B*35:01:01:01,B*35:01,True,B
HLA04471_HLA00165,B*15:02:03,B*15:02,B*15:02:01,B*15:02,True,B
HLA04472_HLA00278,B*39:56,B*39:56,B*39:05:01,B*39:05,True,B
HLA04473_HLA00165,B*15:02:04,B*15:02,B*15:02:01,B*15:02,True,B
HLA04474_HLA00237,B*35:01:17,B*35:01,B*35:01:01:01,B*35:01,True,B
HLA04475_HLA00267,B*38:22,B*38:22,B*38:01:01,B*38:01,True,B
HLA04481_HLA00329,B*45:11,B*45:11,B*45:01,B*45:01,True,B
HLA04495_HLA00344,B*51:87,B*51:87,B*51:01:01,B*51:01,True,B
HLA04496_HLA00158,B*14:02:04,B*14:02,B*14:02:01,B*14:02,True,B
HLA04497_HLA00237,B*35:24:02,B*35:24,B*35:01:01:01,B*35:01,True,B
HLA04498_HLA00362,B*52:19,B*52:19,B*52:01:01:01,B*52:01,True,B
HLA04499_HLA00146,B*08:50,B*08:50,B*08:01:01,B*08:01,True,B
HLA04499_HLA01717,B*08:50,B*08:50,B*08:19N,B*08:19N,True,B
HLA04500_HLA00181,B*15:18:04,B*15:18,B*15:18:01,B*15:18,True,B
HLA04501_HLA00318,B*44:91,B*44:91,B*44:02:01:01,B*44:02,True,B
HLA04501_HLA08401,B*44:91,B*44:91,B*44:02:01:03,B*44:02,True,B
HLA04502_HLA00153,B*13:33,B*13:33,B*13:02:01,B*13:02,True,B
HLA04503_HLA00331,B*46:01:03,B*46:01,B*46:01:01,B*46:01,True,B
HLA04504_HLA00146,B*08:01:10,B*08:01,B*08:01:01,B*08:01,True,B
HLA04504_HLA01717,B*08:01:10,B*08:01,B*08:19N,B*08:19N,True,B
HLA04505_HLA00344,B*51:01:14,B*51:01,B*51:01:01,B*51:01,True,B
HLA04506_HLA00386,B*58:25,B*58:25,B*58:01:01,B*58:01,True,B
HLA04507_HLA00146,B*08:51,B*08:51,B*08:01:01,B*08:01,True,B
HLA04507_HLA01717,B*08:51,B*08:51,B*08:19N,B*08:19N,True,B
HLA04508_HLA00162,B*15:183,B*15:183,B*15:01:01:01,B*15:01,True,B
HLA04509_HLA00225,B*27:05:13,B*27:05,B*27:05:02,B*27:05,True,B
HLA04510_HLA00213,B*18:47,B*18:47,B*18:01:01:01,B*18:01,True,B
HLA04510_HLA07768,B*18:47,B*18:47,B*18:01:01:02,B*18:01,True,B
HLA04510_HLA01532,B*18:47,B*18:47,B*18:17N,B*18:17N,True,B
HLA04511_HLA00265,B*37:20,B*37:20,B*37:01:01,B*37:01,True,B
HLA04512_HLA00369,B*55:39,B*55:39,B*55:02:01,B*55:02,True,B
HLA04513_HLA00344,B*51:01:15,B*51:01,B*51:01:01,B*51:01,True,B
HLA04514_HLA00319,B*44:92,B*44:92,B*44:03:01,B*44:03,True,B
HLA04515_HLA00146,B*08:52,B*08:52,B*08:01:01,B*08:01,True,B
HLA04515_HLA01717,B*08:52,B*08:52,B*08:19N,B*08:19N,True,B
HLA04516_HLA00146,B*08:53:01,B*08:53,B*08:01:01,B*08:01,True,B
HLA04516_HLA01717,B*08:53:01,B*08:53,B*08:19N,B*08:19N,True,B
HLA04517_HLA00364,B*53:08:02,B*53:08,B*53:01:01,B*53:01,True,B
HLA04518_HLA00344,B*51:24:03,B*51:24,B*51:01:01,B*51:01,True,B
HLA04519_HLA00318,B*44:93,B*44:93,B*44:02:01:01,B*44:02,True,B
HLA04519_HLA08401,B*44:93,B*44:93,B*44:02:01:03,B*44:02,True,B
HLA04520_HLA00146,B*08:54,B*08:54,B*08:01:01,B*08:01,True,B
HLA04520_HLA01717,B*08:54,B*08:54,B*08:19N,B*08:19N,True,B
HLA04521_HLA00237,B*35:01:18,B*35:01,B*35:01:01:01,B*35:01,True,B
HLA04526_HLA00319,B*44:94,B*44:94,B*44:03:01,B*44:03,True,B
HLA04532_HLA00158,B*14:17,B*14:17,B*14:02:01,B*14:02,True,B
HLA04533_HLA00162,B*15:184,B*15:184,B*15:01:01:01,B*15:01,True,B
HLA04534_HLA00318,B*44:02:11,B*44:02,B*44:02:01:01,B*44:02,True,B
HLA04534_HLA08401,B*44:02:11,B*44:02,B*44:02:01:03,B*44:02,True,B
HLA04535_HLA00340,B*49:08,B*49:08,B*49:01:01,B*49:01,True,B
HLA04536_HLA00318,B*44:95,B*44:95,B*44:02:01:01,B*44:02,True,B
HLA04536_HLA08401,B*44:95,B*44:95,B*44:02:01:03,B*44:02,True,B
HLA04537_HLA00344,B*51:88,B*51:88,B*51:01:01,B*51:01,True,B
HLA04538_HLA00340,B*49:09,B*49:09,B*49:01:01,B*49:01,True,B
HLA04539_HLA00265,B*37:21,B*37:21,B*37:01:01,B*37:01,True,B
HLA04540_HLA00319,B*44:96,B*44:96,B*44:03:01,B*44:03,True,B
HLA04541_HLA00318,B*44:97,B*44:97,B*44:02:01:01,B*44:02,True,B
HLA04541_HLA08401,B*44:97,B*44:97,B*44:02:01:03,B*44:02,True,B
HLA04542_HLA00319,B*44:98,B*44:98,B*44:03:01,B*44:03,True,B
HLA04543_HLA00293,B*40:02:08,B*40:02,B*40:02:01,B*40:02,True,B
HLA04544_HLA00237,B*35:01:19,B*35:01,B*35:01:01:01,B*35:01,True,B
HLA04551_HLA00344,B*51:01:16,B*51:01,B*51:01:01,B*51:01,True,B
HLA04552_HLA00376,B*56:01:03,B*56:01,B*56:01:01,B*56:01,True,B
HLA04553_HLA00162,B*15:01:16,B*15:01,B*15:01:01:01,B*15:01,True,B
HLA04554_HLA00153,B*13:34,B*13:34,B*13:02:01,B*13:02,True,B
HLA04555_HLA00376,B*56:27,B*56:27,B*56:01:01,B*56:01,True,B
HLA04556_HLA00318,B*44:99,B*44:99,B*44:02:01:01,B*44:02,True,B
HLA04556_HLA08401,B*44:99,B*44:99,B*44:02:01:03,B*44:02,True,B
HLA04563_HLA00318,B*44:05:02,B*44:05,B*44:02:01:01,B*44:02,True,B
HLA04563_HLA08401,B*44:05:02,B*44:05,B*44:02:01:03,B*44:02,True,B
HLA04564_HLA00225,B*27:62,B*27:62,B*27:05:02,B*27:05,True,B
HLA04565_HLA00158,B*14:18,B*14:18,B*14:02:01,B*14:02,True,B
HLA04566_HLA00213,B*18:01:08,B*18:01,B*18:01:01:01,B*18:01,True,B
HLA04566_HLA07768,B*18:01:08,B*18:01,B*18:01:01:02,B*18:01,True,B
HLA04566_HLA01532,B*18:01:08,B*18:01,B*18:17N,B*18:17N,True,B
HLA04567_HLA00153,B*13:35,B*13:35,B*13:02:01,B*13:02,True,B
HLA04568_HLA00318,B*44:02:12,B*44:02,B*44:02:01:01,B*44:02,True,B
HLA04568_HLA08401,B*44:02:12,B*44:02,B*44:02:01:03,B*44:02,True,B
HLA04569_HLA00162,B*15:05:02,B*15:05,B*15:01:01:01,B*15:01,True,B
HLA04571_HLA00132,B*07:02:19,B*07:02,B*07:02:01,B*07:02,True,B
HLA04573_HLA02676,B*58:27,B*58:27,B*57:11,B*57:11,True,B
HLA04580_HLA00152,B*13:01:03,B*13:01,B*13:01:01,B*13:01,True,B
HLA04582_HLA00238,B*35:02:04,B*35:02,B*35:02:01,B*35:02,True,B
HLA04635_HLA02376,B*15:186,B*15:186,B*15:108,B*15:108,True,B
HLA04641_HLA00386,B*58:28,B*58:28,B*58:01:01,B*58:01,True,B
HLA04648_HLA00293,B*40:02:09,B*40:02,B*40:02:01,B*40:02,True,B
HLA04649_HLA00344,B*51:89,B*51:89,B*51:01:01,B*51:01,True,B
HLA04650_HLA00152,B*13:36,B*13:36,B*13:01:01,B*13:01,True,B
HLA04675_HLA00237,B*35:42:02,B*35:42,B*35:01:01:01,B*35:01,True,B
HLA04684_HLA00162,B*15:187,B*15:187,B*15:01:01:01,B*15:01,True,B
HLA04692_HLA00265,B*37:22,B*37:22,B*37:01:01,B*37:01,True,B
HLA04703_HLA00381,B*57:30,B*57:30,B*57:01:01,B*57:01,True,B
HLA04704_HLA00344,B*51:90,B*51:90,B*51:01:01,B*51:01,True,B
HLA04705_HLA00344,B*51:91,B*51:91,B*51:01:01,B*51:01,True,B
HLA04706_HLA00340,B*49:10,B*49:10,B*49:01:01,B*49:01,True,B
HLA04707_HLA00344,B*51:01:17,B*51:01,B*51:01:01,B*51:01,True,B
HLA04708_HLA00146,B*08:55,B*08:55,B*08:01:01,B*08:01,True,B
HLA04708_HLA01717,B*08:55,B*08:55,B*08:19N,B*08:19N,True,B
HLA04709_HLA00332,B*47:06,B*47:06,B*47:01:01:01,B*47:01,True,B
HLA04709_HLA01437,B*47:06,B*47:06,B*47:01:01:02,B*47:01,True,B
HLA04711_HLA00344,B*51:92,B*51:92,B*51:01:01,B*51:01,True,B
HLA04712_HLA00393,B*78:07,B*78:07,B*78:01:01,B*78:01,True,B
HLA04713_HLA00364,B*53:22,B*53:22,B*53:01:01,B*53:01,True,B
HLA04714_HLA00318,B*44:02:13,B*44:02,B*44:02:01:01,B*44:02,True,B
HLA04714_HLA08401,B*44:02:13,B*44:02,B*44:02:01:03,B*44:02,True,B
HLA04715_HLA00223,B*27:63,B*27:63,B*27:04:01,B*27:04,True,B
HLA04716_HLA00345,B*51:93,B*51:93,B*51:01:02,B*51:01,True,B
HLA04718_HLA00344,B*51:94,B*51:94,B*51:01:01,B*51:01,True,B
HLA04719_HLA00367,B*54:20,B*54:20,B*54:01:01,B*54:01,True,B
HLA04720_HLA00146,B*08:56:01,B*08:56,B*08:01:01,B*08:01,True,B
HLA04720_HLA01717,B*08:56:01,B*08:56,B*08:19N,B*08:19N,True,B
HLA04722_HLA00146,B*08:57,B*08:57,B*08:01:01,B*08:01,True,B
HLA04722_HLA01717,B*08:57,B*08:57,B*08:19N,B*08:19N,True,B
HLA04727_HLA01118,B*15:188,B*15:188,B*15:58,B*15:58,True,B
HLA04728_HLA00291,B*40:01:09,B*40:01,B*40:01:01,B*40:01,True,B
HLA04729_HLA00345,B*51:07:02,B*51:07,B*51:01:02,B*51:01,True,B
HLA04730_HLA00271,B*39:01:11,B*39:01,B*39:01:01:01,B*39:01,True,B
HLA04732_HLA00367,B*54:21,B*54:21,B*54:01:01,B*54:01,True,B
HLA04733_HLA00362,B*52:20,B*52:20,B*52:01:01:01,B*52:01,True,B
HLA04734_HLA00331,B*46:01:04,B*46:01,B*46:01:01,B*46:01,True,B
HLA04735_HLA00367,B*54:22,B*54:22,B*54:01:01,B*54:01,True,B
HLA04738_HLA00265,B*37:04:02,B*37:04,B*37:01:01,B*37:01,True,B
HLA04742_HLA00174,B*15:189,B*15:189,B*15:11:01,B*15:11,True,B
HLA04743_HLA00331,B*46:13:03,B*46:13,B*46:01:01,B*46:01,True,B
HLA04750_HLA00335,B*48:22,B*48:22,B*48:01:01,B*48:01,True,B
HLA04752_HLA00213,B*18:48,B*18:48,B*18:01:01:01,B*18:01,True,B
HLA04752_HLA07768,B*18:48,B*18:48,B*18:01:01:02,B*18:01,True,B
HLA04752_HLA01532,B*18:48,B*18:48,B*18:17N,B*18:17N,True,B
HLA04753_HLA00146,B*08:58,B*08:58,B*08:01:01,B*08:01,True,B
HLA04753_HLA01717,B*08:58,B*08:58,B*08:19N,B*08:19N,True,B
HLA04754_HLA00319,B*44:03:09,B*44:03,B*44:03:01,B*44:03,True,B
HLA04755_HLA00381,B*57:01:07,B*57:01,B*57:01:01,B*57:01,True,B
HLA04768_HLA00376,B*56:28N,B*56:28N,B*56:01:01,B*56:01,True,B
HLA04769_HLA00225,B*27:64N,B*27:64N,B*27:05:02,B*27:05,True,B
HLA04770_HLA00162,B*15:190N,B*15:190N,B*15:01:01:01,B*15:01,True,B
HLA04771_HLA00225,B*27:65N,B*27:65N,B*27:05:02,B*27:05,True,B
HLA04781_HLA00137,B*07:05:04,B*07:05,B*07:05:01,B*07:05,True,B
HLA04787_HLA00153,B*13:37,B*13:37,B*13:02:01,B*13:02,True,B
HLA04788_HLA00146,B*08:59:01,B*08:59,B*08:01:01,B*08:01,True,B
HLA04788_HLA01717,B*08:59:01,B*08:59,B*08:19N,B*08:19N,True,B
HLA04789_HLA00239,B*35:03:04,B*35:03,B*35:03:01,B*35:03,True,B
HLA04790_HLA00332,B*47:07,B*47:07,B*47:01:01:01,B*47:01,True,B
HLA04790_HLA01437,B*47:07,B*47:07,B*47:01:01:02,B*47:01,True,B
HLA04791_HLA00344,B*51:95,B*51:95,B*51:01:01,B*51:01,True,B
HLA04792_HLA00174,B*15:191,B*15:191,B*15:11:01,B*15:11,True,B
HLA04796_HLA00280,B*39:57,B*39:57,B*39:06:02,B*39:06,True,B
HLA04805_HLA00213,B*18:49,B*18:49,B*18:01:01:01,B*18:01,True,B
HLA04805_HLA07768,B*18:49,B*18:49,B*18:01:01:02,B*18:01,True,B
HLA04805_HLA01532,B*18:49,B*18:49,B*18:17N,B*18:17N,True,B
HLA04806_HLA00376,B*56:29,B*56:29,B*56:01:01,B*56:01,True,B
HLA04815_HLA00319,B*44:03:10,B*44:03,B*44:03:01,B*44:03,True,B
HLA04816_HLA00146,B*08:60,B*08:60,B*08:01:01,B*08:01,True,B
HLA04816_HLA01717,B*08:60,B*08:60,B*08:19N,B*08:19N,True,B
HLA04817_HLA00364,B*53:23,B*53:23,B*53:01:01,B*53:01,True,B
HLA04818_HLA00293,B*40:02:10,B*40:02,B*40:02:01,B*40:02,True,B
HLA04819_HLA00376,B*56:01:04,B*56:01,B*56:01:01,B*56:01,True,B
HLA04820_HLA00241,B*35:05:02,B*35:05,B*35:05:01,B*35:05,True,B
HLA04821_HLA00368,B*55:40,B*55:40,B*55:01:01,B*55:01,True,B
HLA04846_HLA00291,B*40:01:10,B*40:01,B*40:01:01,B*40:01,True,B
HLA04847_HLA00319,B*44:03:11,B*44:03,B*44:03:01,B*44:03,True,B
HLA04848_HLA00381,B*57:31,B*57:31,B*57:01:01,B*57:01,True,B
HLA04849_HLA00153,B*13:02:07,B*13:02,B*13:02:01,B*13:02,True,B
HLA04860_HLA00146,B*08:61,B*08:61,B*08:01:01,B*08:01,True,B
HLA04860_HLA01717,B*08:61,B*08:61,B*08:19N,B*08:19N,True,B
HLA04861_HLA00378,B*07:100,B*07:100,B*56:03,B*56:03,True,B
HLA04864_HLA00174,B*35:102,B*35:102,B*15:11:01,B*15:11,True,B
HLA04866_HLA00174,B*35:118,B*35:118,B*15:11:01,B*15:11,True,B
HLA04867_HLA00237,B*35:132,B*35:132,B*35:01:01:01,B*35:01,True,B
HLA04868_HLA00291,B*40:123,B*40:123,B*40:01:01,B*40:01,True,B
HLA04872_HLA00237,B*35:133,B*35:133,B*35:01:01:01,B*35:01,True,B
HLA04873_HLA00291,B*40:126,B*40:126,B*40:01:01,B*40:01,True,B
HLA04875_HLA00297,B*40:127,B*40:127,B*40:06:01:01,B*40:06,True,B
HLA04875_HLA01430,B*40:127,B*40:127,B*40:06:01:02,B*40:06,True,B
HLA04877_HLA00291,B*40:128,B*40:128,B*40:01:01,B*40:01,True,B
HLA04878_HLA01510,B*40:129,B*40:129,B*40:40,B*40:40,True,B
HLA04879_HLA00174,B*35:135,B*35:135,B*15:11:01,B*15:11,True,B
HLA04880_HLA00153,B*40:110,B*40:110,B*13:02:01,B*13:02,True,B
HLA04880_HLA00297,B*40:110,B*40:110,B*40:06:01:01,B*40:06,True,B
HLA04880_HLA01430,B*40:110,B*40:110,B*40:06:01:02,B*40:06,True,B
HLA04881_HLA00291,B*40:130,B*40:130,B*40:01:01,B*40:01,True,B
HLA04882_HLA00237,B*35:113,B*35:113,B*35:01:01:01,B*35:01,True,B
HLA04884_HLA00137,B*07:112,B*07:112,B*07:05:01,B*07:05,True,B
HLA04886_HLA00132,B*07:113,B*07:113,B*07:02:01,B*07:02,True,B
HLA04888_HLA00239,B*35:136,B*35:136,B*35:03:01,B*35:03,True,B
HLA04889_HLA00318,B*44:101,B*44:101,B*44:02:01:01,B*44:02,True,B
HLA04889_HLA08401,B*44:101,B*44:101,B*44:02:01:03,B*44:02,True,B
HLA04892_HLA00237,B*35:137,B*35:137,B*35:01:01:01,B*35:01,True,B
HLA04900_HLA00244,B*35:100,B*35:100,B*35:08:01,B*35:08,True,B
HLA04901_HLA00291,B*40:100,B*40:100,B*40:01:01,B*40:01,True,B
HLA04902_HLA00291,B*40:101,B*40:101,B*40:01:01,B*40:01,True,B
HLA04903_HLA00291,B*40:102,B*40:102,B*40:01:01,B*40:01,True,B
HLA04904_HLA00237,B*35:101:01,B*35:101,B*35:01:01:01,B*35:01,True,B
HLA04907_HLA00237,B*35:103,B*35:103,B*35:01:01:01,B*35:01,True,B
HLA04910_HLA00237,B*35:104,B*35:104,B*35:01:01:01,B*35:01,True,B
HLA04911_HLA00244,B*35:105,B*35:105,B*35:08:01,B*35:08,True,B
HLA04912_HLA00297,B*40:103,B*40:103,B*40:06:01:01,B*40:06,True,B
HLA04912_HLA01430,B*40:103,B*40:103,B*40:06:01:02,B*40:06,True,B
HLA04913_HLA00239,B*35:106,B*35:106,B*35:03:01,B*35:03,True,B
HLA04914_HLA00237,B*35:107,B*35:107,B*35:01:01:01,B*35:01,True,B
HLA04915_HLA00293,B*40:104,B*40:104,B*40:02:01,B*40:02,True,B
HLA04916_HLA00237,B*35:108:01,B*35:108,B*35:01:01:01,B*35:01,True,B
HLA04917_HLA00293,B*40:105,B*40:105,B*40:02:01,B*40:02,True,B
HLA04918_HLA00291,B*40:106,B*40:106,B*40:01:01,B*40:01,True,B
HLA04919_HLA00239,B*35:109,B*35:109,B*35:03:01,B*35:03,True,B
HLA04920_HLA00293,B*40:107,B*40:107,B*40:02:01,B*40:02,True,B
HLA04921_HLA00237,B*35:108:02,B*35:108,B*35:01:01:01,B*35:01,True,B
HLA04922_HLA00237,B*35:111,B*35:111,B*35:01:01:01,B*35:01,True,B
HLA04923_HLA00237,B*35:112,B*35:112,B*35:01:01:01,B*35:01,True,B
HLA04924_HLA00132,B*07:101,B*07:101,B*07:02:01,B*07:02,True,B
HLA04925_HLA00132,B*07:102,B*07:102,B*07:02:01,B*07:02,True,B
HLA04929_HLA00132,B*07:103,B*07:103,B*07:02:01,B*07:02,True,B
HLA04930_HLA00297,B*40:109,B*40:109,B*40:06:01:01,B*40:06,True,B
HLA04930_HLA01430,B*40:109,B*40:109,B*40:06:01:02,B*40:06,True,B
HLA04931_HLA00132,B*07:104,B*07:104,B*07:02:01,B*07:02,True,B
HLA04932_HLA00241,B*35:114,B*35:114,B*35:05:01,B*35:05,True,B
HLA04933_HLA00137,B*07:105,B*07:105,B*07:05:01,B*07:05,True,B
HLA04934_HLA00293,B*40:111,B*40:111,B*40:02:01,B*40:02,True,B
HLA04935_HLA00132,B*07:106,B*07:106,B*07:02:01,B*07:02,True,B
HLA04936_HLA00237,B*35:115,B*35:115,B*35:01:01:01,B*35:01,True,B
HLA04937_HLA00291,B*40:112,B*40:112,B*40:01:01,B*40:01,True,B
HLA04938_HLA00237,B*35:116,B*35:116,B*35:01:01:01,B*35:01,True,B
HLA04939_HLA00291,B*40:113,B*40:113,B*40:01:01,B*40:01,True,B
HLA04940_HLA00291,B*40:114,B*40:114,B*40:01:01,B*40:01,True,B
HLA04941_HLA00174,B*35:117,B*35:117,B*15:11:01,B*15:11,True,B
HLA04946_HLA00237,B*35:119,B*35:119,B*35:01:01:01,B*35:01,True,B
HLA04947_HLA00293,B*40:115,B*40:115,B*40:02:01,B*40:02,True,B
HLA04959_HLA00237,B*35:101:02,B*35:101,B*35:01:01:01,B*35:01,True,B
HLA04960_HLA00237,B*35:120,B*35:120,B*35:01:01:01,B*35:01,True,B
HLA04961_HLA00237,B*35:121,B*35:121,B*35:01:01:01,B*35:01,True,B
HLA04962_HLA00237,B*35:122,B*35:122,B*35:01:01:01,B*35:01,True,B
HLA04963_HLA00237,B*35:123,B*35:123,B*35:01:01:01,B*35:01,True,B
HLA04964_HLA00132,B*07:107,B*07:107,B*07:02:01,B*07:02,True,B
HLA04965_HLA00237,B*35:124,B*35:124,B*35:01:01:01,B*35:01,True,B
HLA04966_HLA00132,B*07:108,B*07:108,B*07:02:01,B*07:02,True,B
HLA04967_HLA00237,B*35:125,B*35:125,B*35:01:01:01,B*35:01,True,B
HLA04977_HLA00291,B*40:116,B*40:116,B*40:01:01,B*40:01,True,B
HLA04978_HLA00237,B*35:126,B*35:126,B*35:01:01:01,B*35:01,True,B
HLA04979_HLA00291,B*40:117,B*40:117,B*40:01:01,B*40:01,True,B
HLA04980_HLA00239,B*35:127,B*35:127,B*35:03:01,B*35:03,True,B
HLA04981_HLA00132,B*07:109,B*07:109,B*07:02:01,B*07:02,True,B
HLA04992_HLA00239,B*35:128,B*35:128,B*35:03:01,B*35:03,True,B
HLA04993_HLA00132,B*07:110,B*07:110,B*07:02:01,B*07:02,True,B
HLA04994_HLA00318,B*44:100,B*44:100,B*44:02:01:01,B*44:02,True,B
HLA04994_HLA08401,B*44:100,B*44:100,B*44:02:01:03,B*44:02,True,B
HLA04997_HLA00291,B*40:118N,B*40:118N,B*40:01:01,B*40:01,True,B
HLA04998_HLA00238,B*35:129N,B*35:129N,B*35:02:01,B*35:02,True,B
HLA04999_HLA00237,B*35:130N,B*35:130N,B*35:01:01:01,B*35:01,True,B
HLA05000_HLA00132,B*07:111N,B*07:111N,B*07:02:01,B*07:02,True,B
HLA05009_HLA00237,B*35:131,B*35:131,B*35:01:01:01,B*35:01,True,B
HLA05010_HLA00293,B*40:119,B*40:119,B*40:02:01,B*40:02,True,B
HLA05011_HLA00293,B*40:120,B*40:120,B*40:02:01,B*40:02,True,B
HLA05018_HLA02850,B*40:121,B*40:121,B*40:72:01,B*40:72,True,B
HLA05021_HLA00293,B*40:122,B*40:122,B*40:02:01,B*40:02,True,B
HLA05047_HLA00237,B*35:138,B*35:138,B*35:01:01:01,B*35:01,True,B
HLA05048_HLA00318,B*44:102,B*44:102,B*44:02:01:01,B*44:02,True,B
HLA05048_HLA08401,B*44:102,B*44:102,B*44:02:01:03,B*44:02,True,B
HLA05049_HLA00319,B*44:103,B*44:103,B*44:03:01,B*44:03,True,B
HLA05050_HLA00297,B*40:131,B*40:131,B*40:06:01:01,B*40:06,True,B
HLA05050_HLA01430,B*40:131,B*40:131,B*40:06:01:02,B*40:06,True,B
HLA05051_HLA00237,B*35:139,B*35:139,B*35:01:01:01,B*35:01,True,B
HLA05052_HLA00318,B*44:104,B*44:104,B*44:02:01:01,B*44:02,True,B
HLA05052_HLA08401,B*44:104,B*44:104,B*44:02:01:03,B*44:02,True,B
HLA05053_HLA00291,B*40:132,B*40:132,B*40:01:01,B*40:01,True,B
HLA05054_HLA00293,B*40:133Q,B*40:133Q,B*40:02:01,B*40:02,True,B
HLA05055_HLA00319,B*44:105,B*44:105,B*44:03:01,B*44:03,True,B
HLA05056_HLA00237,B*35:140,B*35:140,B*35:01:01:01,B*35:01,True,B
HLA05057_HLA00318,B*44:106,B*44:106,B*44:02:01:01,B*44:02,True,B
HLA05057_HLA08401,B*44:106,B*44:106,B*44:02:01:03,B*44:02,True,B
HLA05058_HLA00237,B*35:141,B*35:141,B*35:01:01:01,B*35:01,True,B
HLA05059_HLA00244,B*35:142,B*35:142,B*35:08:01,B*35:08,True,B
HLA05060_HLA00237,B*35:143,B*35:143,B*35:01:01:01,B*35:01,True,B
HLA05061_HLA00237,B*35:144,B*35:144,B*35:01:01:01,B*35:01,True,B
HLA05062_HLA00319,B*44:107,B*44:107,B*44:03:01,B*44:03,True,B
HLA05063_HLA00237,B*35:110,B*35:110,B*35:01:01:01,B*35:01,True,B
HLA05092_HLA00319,B*44:108N,B*44:108N,B*44:03:01,B*44:03,True,B
HLA05093_HLA00291,B*40:134,B*40:134,B*40:01:01,B*40:01,True,B
HLA05094_HLA00132,B*07:114,B*07:114,B*07:02:01,B*07:02,True,B
HLA05095_HLA00137,B*07:115,B*07:115,B*07:05:01,B*07:05,True,B
HLA05096_HLA00291,B*40:135,B*40:135,B*40:01:01,B*40:01,True,B
HLA05097_HLA02850,B*40:136,B*40:136,B*40:72:01,B*40:72,True,B
HLA05099_HLA00319,B*44:109,B*44:109,B*44:03:01,B*44:03,True,B
HLA05106_HLA00132,B*07:116,B*07:116,B*07:02:01,B*07:02,True,B
HLA05112_HLA00369,B*55:02:06,B*55:02,B*55:02:01,B*55:02,True,B
HLA05125_HLA00213,B*18:50,B*18:50,B*18:01:01:01,B*18:01,True,B
HLA05125_HLA07768,B*18:50,B*18:50,B*18:01:01:02,B*18:01,True,B
HLA05125_HLA01532,B*18:50,B*18:50,B*18:17N,B*18:17N,True,B
HLA05126_HLA00293,B*40:11:02,B*40:11,B*40:02:01,B*40:02,True,B
HLA05127_HLA00146,B*08:01:11,B*08:01,B*08:01:01,B*08:01,True,B
HLA05127_HLA01717,B*08:01:11,B*08:01,B*08:19N,B*08:19N,True,B
HLA05134_HLA00152,B*13:39,B*13:39,B*13:01:01,B*13:01,True,B
HLA05135_HLA00162,B*15:192,B*15:192,B*15:01:01:01,B*15:01,True,B
HLA05151_HLA00292,B*40:124:01,B*40:124,B*40:01:02,B*40:01,True,B
HLA05152_HLA00291,B*40:125,B*40:125,B*40:01:01,B*40:01,True,B
HLA05153_HLA00291,B*40:108,B*40:108,B*40:01:01,B*40:01,True,B
HLA05154_HLA00301,B*40:137,B*40:137,B*40:10:01,B*40:10,True,B
HLA05222_HLA00132,B*07:68:02,B*07:68,B*07:02:01,B*07:02,True,B
HLA05223_HLA00362,B*52:21,B*52:21,B*52:01:01:01,B*52:01,True,B
HLA05253_HLA00132,B*07:02:20,B*07:02,B*07:02:01,B*07:02,True,B
HLA05254_HLA00152,B*13:01:04,B*13:01,B*13:01:01,B*13:01,True,B
HLA05256_HLA00153,B*13:02:08,B*13:02,B*13:02:01,B*13:02,True,B
HLA05257_HLA00162,B*15:01:17,B*15:01,B*15:01:01:01,B*15:01,True,B
HLA05258_HLA00162,B*15:193,B*15:193,B*15:01:01:01,B*15:01,True,B
HLA05259_HLA00165,B*15:194,B*15:194,B*15:02:01,B*15:02,True,B
HLA05260_HLA00190,B*15:195,B*15:195,B*15:27:01,B*15:27,True,B
HLA05263_HLA00180,B*15:196,B*15:196,B*15:17:01:01,B*15:17,True,B
HLA05263_HLA01439,B*15:196,B*15:196,B*15:17:01:02,B*15:17,True,B
HLA05264_HLA00181,B*15:197,B*15:197,B*15:18:01,B*15:18,True,B
HLA05266_HLA00162,B*15:199,B*15:199,B*15:01:01:01,B*15:01,True,B
HLA05267_HLA00223,B*27:66N,B*27:66N,B*27:04:01,B*27:04,True,B
HLA05270_HLA00237,B*35:01:20,B*35:01,B*35:01:01:01,B*35:01,True,B
HLA05271_HLA00237,B*35:01:21,B*35:01,B*35:01:01:01,B*35:01,True,B
HLA05272_HLA00237,B*35:145N,B*35:145N,B*35:01:01:01,B*35:01,True,B
HLA05273_HLA00237,B*35:11:02,B*35:11,B*35:01:01:01,B*35:01,True,B
HLA05274_HLA00174,B*35:185,B*35:185,B*15:11:01,B*15:11,True,B
HLA05275_HLA00271,B*39:58,B*39:58,B*39:01:01:01,B*39:01,True,B
HLA05277_HLA00292,B*40:138,B*40:138,B*40:01:02,B*40:01,True,B
HLA05278_HLA00292,B*40:01:11,B*40:01,B*40:01:02,B*40:01,True,B
HLA05279_HLA00292,B*40:139,B*40:139,B*40:01:02,B*40:01,True,B
HLA05280_HLA00292,B*40:01:12,B*40:01,B*40:01:02,B*40:01,True,B
HLA05281_HLA00292,B*40:140,B*40:140,B*40:01:02,B*40:01,True,B
HLA05283_HLA00293,B*40:02:11,B*40:02,B*40:02:01,B*40:02,True,B
HLA05284_HLA00293,B*40:142N,B*40:142N,B*40:02:01,B*40:02,True,B
HLA05285_HLA00293,B*40:143,B*40:143,B*40:02:01,B*40:02,True,B
HLA05287_HLA00331,B*46:23,B*46:23,B*46:01:01,B*46:01,True,B
HLA05288_HLA00337,B*48:23,B*48:23,B*48:03:01,B*48:03,True,B
HLA05289_HLA00344,B*51:96,B*51:96,B*51:01:01,B*51:01,True,B
HLA05290_HLA00146,B*08:62,B*08:62,B*08:01:01,B*08:01,True,B
HLA05292_HLA00271,B*39:60,B*39:60,B*39:01:01:01,B*39:01,True,B
HLA05294_HLA00369,B*55:41,B*55:41,B*55:02:01,B*55:02,True,B
HLA05295_HLA00369,B*55:42,B*55:42,B*55:02:01,B*55:02,True,B
HLA05296_HLA00369,B*55:43,B*55:43,B*55:02:01,B*55:02,True,B
HLA05297_HLA00386,B*58:29,B*58:29,B*58:01:01,B*58:01,True,B
HLA05298_HLA00386,B*58:01:05,B*58:01,B*58:01:01,B*58:01,True,B
HLA05301_HLA00268,B*38:23,B*38:23,B*38:02:01,B*38:02,True,B
HLA05304_HLA00329,B*45:12,B*45:12,B*45:01,B*45:01,True,B
HLA05305_HLA00293,B*40:145,B*40:145,B*40:02:01,B*40:02,True,B
HLA05306_HLA00398,B*81:05,B*81:05,B*81:01,B*81:01,True,B
HLA05308_HLA00315,B*42:14,B*42:14,B*42:01:01,B*42:01,True,B
HLA05320_HLA00381,B*57:01:08,B*57:01,B*57:01:01,B*57:01,True,B
HLA05362_HLA00146,B*08:01:12,B*08:01,B*08:01:01,B*08:01,True,B
HLA05363_HLA00292,B*40:146,B*40:146,B*40:01:02,B*40:01,True,B
HLA05369_HLA00181,B*15:200,B*15:200,B*15:18:01,B*15:18,True,B
HLA05381_HLA00162,B*15:202,B*15:202,B*15:01:01:01,B*15:01,True,B
HLA05386_HLA00392,B*73:02,B*73:02,B*73:01,B*73:01,True,B
HLA05390_HLA00137,B*07:05:05,B*07:05,B*07:05:01,B*07:05,True,B
HLA05391_HLA00291,B*40:124:02,B*40:124,B*40:01:01,B*40:01,True,B
HLA05393_HLA00301,B*40:10:02,B*40:10,B*40:10:01,B*40:10,True,B
HLA05400_HLA00225,B*27:05:14,B*27:05,B*27:05:02,B*27:05,True,B
HLA05401_HLA00367,B*54:23,B*54:23,B*54:01:01,B*54:01,True,B
HLA05404_HLA00225,B*27:67,B*27:67,B*27:05:02,B*27:05,True,B
HLA05405_HLA00162,B*15:01:18,B*15:01,B*15:01:01:01,B*15:01,True,B
HLA05406_HLA00319,B*44:110,B*44:110,B*44:03:01,B*44:03,True,B
HLA05410_HLA00292,B*40:147,B*40:147,B*40:01:02,B*40:01,True,B
HLA05424_HLA00383,B*57:32,B*57:32,B*57:03:01,B*57:03,True,B
HLA05464_HLA00344,B*51:97,B*51:97,B*51:01:01,B*51:01,True,B
HLA05465_HLA00381,B*57:01:09,B*57:01,B*57:01:01,B*57:01,True,B
HLA05466_HLA00341,B*50:10,B*50:10,B*50:01:01,B*50:01,True,B
HLA05467_HLA00291,B*40:01:13,B*40:01,B*40:01:01,B*40:01,True,B
HLA05468_HLA00344,B*51:98N,B*51:98N,B*51:01:01,B*51:01,True,B
HLA05469_HLA00344,B*51:01:18,B*51:01,B*51:01:01,B*51:01,True,B
HLA05470_HLA00341,B*50:11,B*50:11,B*50:01:01,B*50:01,True,B
HLA05471_HLA00162,B*15:203,B*15:203,B*15:01:01:01,B*15:01,True,B
HLA05472_HLA00162,B*15:39:02,B*15:39,B*15:01:01:01,B*15:01,True,B
HLA05473_HLA02370,B*27:70,B*27:70,B*27:32,B*27:32,True,B
HLA05474_HLA00158,B*14:19,B*14:19,B*14:02:01,B*14:02,True,B
HLA05474_HLA02166,B*14:19,B*14:19,B*14:07N,B*14:07N,True,B
HLA05475_HLA00338,B*48:24,B*48:24,B*48:04,B*48:04,True,B
HLA05476_HLA00381,B*57:33,B*57:33,B*57:01:01,B*57:01,True,B
HLA05477_HLA00225,B*27:05:15,B*27:05,B*27:05:02,B*27:05,True,B
HLA05478_HLA00368,B*55:44,B*55:44,B*55:01:01,B*55:01,True,B
HLA05479_HLA00188,B*15:204,B*15:204,B*15:25:01,B*15:25,True,B
HLA05480_HLA00331,B*46:21:02,B*46:21,B*46:01:01,B*46:01,True,B
HLA05481_HLA00319,B*44:03:12,B*44:03,B*44:03:01,B*44:03,True,B
HLA05482_HLA00146,B*08:01:13,B*08:01,B*08:01:01,B*08:01,True,B
HLA05482_HLA01717,B*08:01:13,B*08:01,B*08:19N,B*08:19N,True,B
HLA05483_HLA00213,B*18:01:09,B*18:01,B*18:01:01:01,B*18:01,True,B
HLA05483_HLA07768,B*18:01:09,B*18:01,B*18:01:01:02,B*18:01,True,B
HLA05483_HLA01532,B*18:01:09,B*18:01,B*18:17N,B*18:17N,True,B
HLA05484_HLA00340,B*49:11,B*49:11,B*49:01:01,B*49:01,True,B
HLA05485_HLA00213,B*18:51,B*18:51,B*18:01:01:01,B*18:01,True,B
HLA05485_HLA07768,B*18:51,B*18:51,B*18:01:01:02,B*18:01,True,B
HLA05485_HLA01532,B*18:51,B*18:51,B*18:17N,B*18:17N,True,B
HLA05486_HLA00362,B*52:01:06,B*52:01,B*52:01:01:01,B*52:01,True,B
HLA05487_HLA00265,B*37:24,B*37:24,B*37:01:01,B*37:01,True,B
HLA05488_HLA00344,B*51:99,B*51:99,B*51:01:01,B*51:01,True,B
HLA05489_HLA00162,B*15:205,B*15:205,B*15:01:01:01,B*15:01,True,B
HLA05490_HLA00158,B*14:01:02,B*14:01,B*14:02:01,B*14:02,True,B
HLA05490_HLA02166,B*14:01:02,B*14:01,B*14:07N,B*14:07N,True,B
HLA05491_HLA00239,B*35:03:05,B*35:03,B*35:03:01,B*35:03,True,B
HLA05492_HLA00225,B*27:71,B*27:71,B*27:05:02,B*27:05,True,B
HLA05493_HLA00291,B*40:01:14,B*40:01,B*40:01:01,B*40:01,True,B
HLA05494_HLA00344,B*51:01:19,B*51:01,B*51:01:01,B*51:01,True,B
HLA05495_HLA00344,B*51:100,B*51:100,B*51:01:01,B*51:01,True,B
HLA05496_HLA00340,B*49:12,B*49:12,B*49:01:01,B*49:01,True,B
HLA05497_HLA00362,B*52:22,B*52:22,B*52:01:01:01,B*52:01,True,B
HLA05498_HLA00340,B*49:13,B*49:13,B*49:01:01,B*49:01,True,B
HLA05499_HLA00341,B*50:12,B*50:12,B*50:01:01,B*50:01,True,B
HLA05500_HLA00162,B*15:206,B*15:206,B*15:01:01:01,B*15:01,True,B
HLA05501_HLA00165,B*15:02:05,B*15:02,B*15:02:01,B*15:02,True,B
HLA05502_HLA00376,B*56:30,B*56:30,B*56:01:01,B*56:01,True,B
HLA05503_HLA00381,B*57:34,B*57:34,B*57:01:01,B*57:01,True,B
HLA05504_HLA00225,B*27:72,B*27:72,B*27:05:02,B*27:05,True,B
HLA05505_HLA00312,B*41:13,B*41:13,B*41:01,B*41:01,True,B
HLA05506_HLA00146,B*08:63,B*08:63,B*08:01:01,B*08:01,True,B
HLA05506_HLA01717,B*08:63,B*08:63,B*08:19N,B*08:19N,True,B
HLA05507_HLA00368,B*55:45,B*55:45,B*55:01:01,B*55:01,True,B
HLA05508_HLA00213,B*18:52,B*18:52,B*18:01:01:01,B*18:01,True,B
HLA05508_HLA07768,B*18:52,B*18:52,B*18:01:01:02,B*18:01,True,B
HLA05508_HLA01532,B*18:52,B*18:52,B*18:17N,B*18:17N,True,B
HLA05509_HLA00170,B*15:207,B*15:207,B*15:07:01,B*15:07,True,B
HLA05510_HLA00146,B*08:64,B*08:64,B*08:01:01,B*08:01,True,B
HLA05510_HLA01717,B*08:64,B*08:64,B*08:19N,B*08:19N,True,B
HLA05511_HLA00271,B*39:61,B*39:61,B*39:01:01:01,B*39:01,True,B
HLA05512_HLA00132,B*07:96:02,B*07:96,B*07:02:01,B*07:02,True,B
HLA05513_HLA00381,B*57:35,B*57:35,B*57:01:01,B*57:01,True,B
HLA05514_HLA00271,B*39:01:12,B*39:01,B*39:01:01:01,B*39:01,True,B
HLA05515_HLA00312,B*41:02:03,B*41:02,B*41:01,B*41:01,True,B
HLA05516_HLA00180,B*15:208,B*15:208,B*15:17:01:01,B*15:17,True,B
HLA05516_HLA01439,B*15:208,B*15:208,B*15:17:01:02,B*15:17,True,B
HLA05517_HLA00225,B*27:73,B*27:73,B*27:05:02,B*27:05,True,B
HLA05518_HLA00386,B*58:01:08,B*58:01,B*58:01:01,B*58:01,True,B
HLA05519_HLA00267,B*38:24,B*38:24,B*38:01:01,B*38:01,True,B
HLA05520_HLA00291,B*40:01:15,B*40:01,B*40:01:01,B*40:01,True,B
HLA05525_HLA00268,B*38:02:03,B*38:02,B*38:02:01,B*38:02,True,B
HLA05531_HLA00132,B*07:117,B*07:117,B*07:02:01,B*07:02,True,B
HLA05533_HLA00312,B*41:15,B*41:15,B*41:01,B*41:01,True,B
HLA05534_HLA00319,B*44:111,B*44:111,B*44:03:01,B*44:03,True,B
HLA05535_HLA00239,B*35:03:06,B*35:03,B*35:03:01,B*35:03,True,B
HLA05536_HLA00344,B*51:101,B*51:101,B*51:01:01,B*51:01,True,B
HLA05537_HLA00297,B*40:148,B*40:148,B*40:06:01:01,B*40:06,True,B
HLA05537_HLA01430,B*40:148,B*40:148,B*40:06:01:02,B*40:06,True,B
HLA05538_HLA00312,B*41:14,B*41:14,B*41:01,B*41:01,True,B
HLA05562_HLA00381,B*57:36,B*57:36,B*57:01:01,B*57:01,True,B
HLA05563_HLA00381,B*57:01:10,B*57:01,B*57:01:01,B*57:01,True,B
HLA05694_HLA00344,B*51:102,B*51:102,B*51:01:01,B*51:01,True,B
HLA05695_HLA00291,B*40:149,B*40:149,B*40:01:01,B*40:01,True,B
HLA05695_HLA00301,B*40:149,B*40:149,B*40:10:01,B*40:10,True,B
HLA05712_HLA00267,B*38:25,B*38:25,B*38:01:01,B*38:01,True,B
HLA05713_HLA00237,B*35:146,B*35:146,B*35:01:01:01,B*35:01,True,B
HLA05714_HLA00280,B*39:62,B*39:62,B*39:06:02,B*39:06,True,B
HLA05715_HLA00344,B*51:01:20,B*51:01,B*51:01:01,B*51:01,True,B
HLA05716_HLA00137,B*07:05:06,B*07:05,B*07:05:01,B*07:05,True,B
HLA05717_HLA00318,B*44:112,B*44:112,B*44:02:01:01,B*44:02,True,B
HLA05717_HLA08401,B*44:112,B*44:112,B*44:02:01:03,B*44:02,True,B
HLA05718_HLA00162,B*15:01:19,B*15:01,B*15:01:01:01,B*15:01,True,B
HLA05719_HLA00265,B*37:25,B*37:25,B*37:01:01,B*37:01,True,B
HLA05720_HLA00146,B*08:65,B*08:65,B*08:01:01,B*08:01,True,B
HLA05720_HLA01717,B*08:65,B*08:65,B*08:19N,B*08:19N,True,B
HLA05721_HLA00318,B*44:02:14,B*44:02,B*44:02:01:01,B*44:02,True,B
HLA05721_HLA08401,B*44:02:14,B*44:02,B*44:02:01:03,B*44:02,True,B
HLA05722_HLA00340,B*49:14,B*49:14,B*49:01:01,B*49:01,True,B
HLA05723_HLA00344,B*51:24:04,B*51:24,B*51:01:01,B*51:01,True,B
HLA05756_HLA00369,B*55:46,B*55:46,B*55:02:01,B*55:02,True,B
HLA05802_HLA00369,B*55:47,B*55:47,B*55:02:01,B*55:02,True,B
HLA05804_HLA00291,B*40:01:16,B*40:01,B*40:01:01,B*40:01,True,B
HLA05806_HLA00344,B*51:104,B*51:104,B*51:01:01,B*51:01,True,B
HLA05808_HLA00390,B*67:03,B*67:03,B*67:01:01,B*67:01,True,B
HLA05809_HLA00153,B*13:40,B*13:40,B*13:02:01,B*13:02,True,B
HLA05810_HLA00174,B*15:209N,B*15:209N,B*15:11:01,B*15:11,True,B
HLA05811_HLA00292,B*40:152,B*40:152,B*40:01:02,B*40:01,True,B
HLA05812_HLA00331,B*46:25,B*46:25,B*46:01:01,B*46:01,True,B
HLA05813_HLA00331,B*46:26,B*46:26,B*46:01:01,B*46:01,True,B
HLA05815_HLA00292,B*40:01:17,B*40:01,B*40:01:02,B*40:01,True,B
HLA05816_HLA00292,B*40:153,B*40:153,B*40:01:02,B*40:01,True,B
HLA05824_HLA00291,B*40:154,B*40:154,B*40:01:01,B*40:01,True,B
HLA05826_HLA00237,B*35:148,B*35:148,B*35:01:01:01,B*35:01,True,B
HLA05828_HLA00238,B*35:149,B*35:149,B*35:02:01,B*35:02,True,B
HLA05829_HLA00318,B*44:113,B*44:113,B*44:02:01:01,B*44:02,True,B
HLA05829_HLA08401,B*44:113,B*44:113,B*44:02:01:03,B*44:02,True,B
HLA05830_HLA00239,B*35:150,B*35:150,B*35:03:01,B*35:03,True,B
HLA05833_HLA00312,B*41:16,B*41:16,B*41:01,B*41:01,True,B
HLA05834_HLA00340,B*49:15,B*49:15,B*49:01:01,B*49:01,True,B
HLA05835_HLA00241,B*35:151,B*35:151,B*35:05:01,B*35:05,True,B
HLA05836_HLA00344,B*51:105,B*51:105,B*51:01:01,B*51:01,True,B
HLA05840_HLA00345,B*51:103,B*51:103,B*51:01:02,B*51:01,True,B
HLA05841_HLA00239,B*35:03:07,B*35:03,B*35:03:01,B*35:03,True,B
HLA05842_HLA00291,B*40:155N,B*40:155N,B*40:01:01,B*40:01,True,B
HLA05843_HLA02584,B*38:26,B*38:26,B*38:14,B*38:14,True,B
HLA05856_HLA00291,B*40:156,B*40:156,B*40:01:01,B*40:01,True,B
HLA05858_HLA00319,B*44:114,B*44:114,B*44:03:01,B*44:03,True,B
HLA05859_HLA00293,B*40:157,B*40:157,B*40:02:01,B*40:02,True,B
HLA05860_HLA00320,B*44:43:02,B*44:43,B*44:03:02,B*44:03,True,B
HLA05861_HLA00146,B*08:66,B*08:66,B*08:01:01,B*08:01,True,B
HLA05861_HLA01717,B*08:66,B*08:66,B*08:19N,B*08:19N,True,B
HLA05862_HLA00364,B*53:24,B*53:24,B*53:01:01,B*53:01,True,B
HLA05866_HLA02850,B*40:158,B*40:158,B*40:72:01,B*40:72,True,B
HLA05877_HLA00319,B*44:115,B*44:115,B*44:03:01,B*44:03,True,B
HLA05878_HLA00158,B*14:02:06,B*14:02,B*14:02:01,B*14:02,True,B
HLA05912_HLA00344,B*51:106,B*51:106,B*51:01:01,B*51:01,True,B
HLA05924_HLA00291,B*40:01:18,B*40:01,B*40:01:01,B*40:01,True,B
HLA05925_HLA00225,B*27:05:16,B*27:05,B*27:05:02,B*27:05,True,B
HLA05926_HLA00318,B*44:116,B*44:116,B*44:02:01:01,B*44:02,True,B
HLA05926_HLA08401,B*44:116,B*44:116,B*44:02:01:03,B*44:02,True,B
HLA05927_HLA00362,B*52:01:07,B*52:01,B*52:01:01:01,B*52:01,True,B
HLA05928_HLA00158,B*14:20,B*14:20,B*14:02:01,B*14:02,True,B
HLA05953_HLA00166,B*15:210,B*15:210,B*15:03:01,B*15:03,True,B
HLA05954_HLA00293,B*40:27:02,B*40:27,B*40:02:01,B*40:02,True,B
HLA05955_HLA00239,B*35:152,B*35:152,B*35:03:01,B*35:03,True,B
HLA05956_HLA00331,B*46:01:06,B*46:01,B*46:01:01,B*46:01,True,B
HLA05957_HLA00162,B*15:211,B*15:211,B*15:01:01:01,B*15:01,True,B
HLA05958_HLA00381,B*57:38,B*57:38,B*57:01:01,B*57:01,True,B
HLA05959_HLA00344,B*51:107,B*51:107,B*51:01:01,B*51:01,True,B
HLA05960_HLA00158,B*14:21,B*14:21,B*14:02:01,B*14:02,True,B
HLA05960_HLA00391,B*14:21,B*14:21,B*67:01:02,B*67:01,True,B
HLA05962_HLA00267,B*38:01:05,B*38:01,B*38:01:01,B*38:01,True,B
HLA05983_HLA00239,B*35:153,B*35:153,B*35:03:01,B*35:03,True,B
HLA05997_HLA00238,B*35:154,B*35:154,B*35:02:01,B*35:02,True,B
HLA05998_HLA00344,B*51:01:21,B*51:01,B*51:01:01,B*51:01,True,B
HLA05999_HLA00364,B*51:56:02,B*51:56,B*53:01:01,B*53:01,True,B
HLA06000_HLA00318,B*44:02:15,B*44:02,B*44:02:01:01,B*44:02,True,B
HLA06000_HLA08401,B*44:02:15,B*44:02,B*44:02:01:03,B*44:02,True,B
HLA06023_HLA00344,B*51:01:22,B*51:01,B*51:01:01,B*51:01,True,B
HLA06024_HLA00153,B*13:41,B*13:41,B*13:02:01,B*13:02,True,B
HLA06025_HLA00297,B*40:159,B*40:159,B*40:06:01:01,B*40:06,True,B
HLA06025_HLA01430,B*40:159,B*40:159,B*40:06:01:02,B*40:06,True,B
HLA06026_HLA00362,B*52:23,B*52:23,B*52:01:01:01,B*52:01,True,B
HLA06030_HLA00294,B*15:212,B*15:212,B*40:03,B*40:03,True,B
HLA06031_HLA00165,B*15:213,B*15:213,B*15:02:01,B*15:02,True,B
HLA06033_HLA00174,B*15:215,B*15:215,B*15:11:01,B*15:11,True,B
HLA06041_HLA00132,B*07:118,B*07:118,B*07:02:01,B*07:02,True,B
HLA06045_HLA00318,B*44:117,B*44:117,B*44:02:01:01,B*44:02,True,B
HLA06045_HLA08401,B*44:117,B*44:117,B*44:02:01:03,B*44:02,True,B
HLA06050_HLA00364,B*53:17:02,B*53:17,B*53:01:01,B*53:01,True,B
HLA06053_HLA00379,B*55:49,B*55:49,B*56:04,B*56:04,True,B
HLA06056_HLA00153,B*13:42,B*13:42,B*13:02:01,B*13:02,True,B
HLA06057_HLA00239,B*35:155,B*35:155,B*35:03:01,B*35:03,True,B
HLA06058_HLA00386,B*58:32,B*58:32,B*58:01:01,B*58:01,True,B
HLA06059_HLA00312,B*41:17,B*41:17,B*41:01,B*41:01,True,B
HLA06060_HLA00378,B*56:31,B*56:31,B*56:03,B*56:03,True,B
HLA06060_HLA00379,B*56:31,B*56:31,B*56:04,B*56:04,True,B
HLA06061_HLA00132,B*07:119,B*07:119,B*07:02:01,B*07:02,True,B
HLA06130_HLA00166,B*48:25,B*48:25,B*15:03:01,B*15:03,True,B
HLA06133_HLA00162,B*15:01:21,B*15:01,B*15:01:01:01,B*15:01,True,B
HLA06134_HLA00239,B*35:156,B*35:156,B*35:03:01,B*35:03,True,B
HLA06135_HLA00213,B*18:54,B*18:54,B*18:01:01:01,B*18:01,True,B
HLA06135_HLA07768,B*18:54,B*18:54,B*18:01:01:02,B*18:01,True,B
HLA06135_HLA01532,B*18:54,B*18:54,B*18:17N,B*18:17N,True,B
HLA06148_HLA00239,B*35:03:08,B*35:03,B*35:03:01,B*35:03,True,B
HLA06149_HLA00152,B*13:43,B*13:43,B*13:01:01,B*13:01,True,B
HLA06152_HLA00318,B*44:41:02,B*44:41,B*44:02:01:01,B*44:02,True,B
HLA06152_HLA08401,B*44:41:02,B*44:41,B*44:02:01:03,B*44:02,True,B
HLA06155_HLA00293,B*40:02:12,B*40:02,B*40:02:01,B*40:02,True,B
HLA06158_HLA00346,B*51:02:05,B*51:02,B*51:02:01,B*51:02,True,B
HLA06160_HLA00367,B*54:01:02,B*54:01,B*54:01:01,B*54:01,True,B
HLA06161_HLA00386,B*58:01:09,B*58:01,B*58:01:01,B*58:01,True,B
HLA06182_HLA03651,B*37:26,B*37:26,B*37:01:05,B*37:01,True,B
HLA06183_HLA00225,B*27:74,B*27:74,B*27:05:02,B*27:05,True,B
HLA06184_HLA00180,B*15:216,B*15:216,B*15:17:01:01,B*15:17,True,B
HLA06184_HLA01439,B*15:216,B*15:216,B*15:17:01:02,B*15:17,True,B
HLA06185_HLA00213,B*18:55,B*18:55,B*18:01:01:01,B*18:01,True,B
HLA06185_HLA07768,B*18:55,B*18:55,B*18:01:01:02,B*18:01,True,B
HLA06185_HLA01532,B*18:55,B*18:55,B*18:17N,B*18:17N,True,B
HLA06186_HLA00368,B*55:01:07,B*55:01,B*55:01:01,B*55:01,True,B
HLA06187_HLA00132,B*07:121,B*07:121,B*07:02:01,B*07:02,True,B
HLA06210_HLA00291,B*40:01:19,B*40:01,B*40:01:01,B*40:01,True,B
HLA06211_HLA00340,B*49:01:03,B*49:01,B*49:01:01,B*49:01,True,B
HLA06212_HLA00225,B*27:75,B*27:75,B*27:05:02,B*27:05,True,B
HLA06213_HLA00213,B*18:56,B*18:56,B*18:01:01:01,B*18:01,True,B
HLA06213_HLA07768,B*18:56,B*18:56,B*18:01:01:02,B*18:01,True,B
HLA06213_HLA01532,B*18:56,B*18:56,B*18:17N,B*18:17N,True,B
HLA06214_HLA00213,B*18:57,B*18:57,B*18:01:01:01,B*18:01,True,B
HLA06214_HLA07768,B*18:57,B*18:57,B*18:01:01:02,B*18:01,True,B
HLA06214_HLA01532,B*18:57,B*18:57,B*18:17N,B*18:17N,True,B
HLA06215_HLA00146,B*08:01:15,B*08:01,B*08:01:01,B*08:01,True,B
HLA06215_HLA01717,B*08:01:15,B*08:01,B*08:19N,B*08:19N,True,B
HLA06216_HLA00318,B*44:119,B*44:119,B*44:02:01:01,B*44:02,True,B
HLA06216_HLA08401,B*44:119,B*44:119,B*44:02:01:03,B*44:02,True,B
HLA06217_HLA00318,B*44:02:16,B*44:02,B*44:02:01:01,B*44:02,True,B
HLA06217_HLA08401,B*44:02:16,B*44:02,B*44:02:01:03,B*44:02,True,B
HLA06218_HLA00319,B*44:120,B*44:120,B*44:03:01,B*44:03,True,B
HLA06219_HLA00332,B*47:08,B*47:08,B*47:01:01:01,B*47:01,True,B
HLA06219_HLA01437,B*47:08,B*47:08,B*47:01:01:02,B*47:01,True,B
HLA06220_HLA00239,B*35:03:09,B*35:03,B*35:03:01,B*35:03,True,B
HLA06221_HLA00362,B*52:01:09,B*52:01,B*52:01:01:01,B*52:01,True,B
HLA06222_HLA00162,B*15:217,B*15:217,B*15:01:01:01,B*15:01,True,B
HLA06223_HLA00315,B*42:15,B*42:15,B*42:01:01,B*42:01,True,B
HLA06224_HLA00132,B*07:122,B*07:122,B*07:02:01,B*07:02,True,B
HLA06225_HLA00137,B*07:123,B*07:123,B*07:05:01,B*07:05,True,B
HLA06226_HLA00386,B*58:33,B*58:33,B*58:01:01,B*58:01,True,B
HLA06227_HLA00340,B*49:16,B*49:16,B*49:01:01,B*49:01,True,B
HLA06228_HLA00291,B*40:160:01,B*40:160,B*40:01:01,B*40:01,True,B
HLA06229_HLA00383,B*57:39,B*57:39,B*57:03:01,B*57:03,True,B
HLA06230_HLA00225,B*27:76,B*27:76,B*27:05:02,B*27:05,True,B
HLA06231_HLA00265,B*37:27,B*37:27,B*37:01:01,B*37:01,True,B
HLA06232_HLA00213,B*18:58,B*18:58,B*18:01:01:01,B*18:01,True,B
HLA06232_HLA07768,B*18:58,B*18:58,B*18:01:01:02,B*18:01,True,B
HLA06232_HLA01532,B*18:58,B*18:58,B*18:17N,B*18:17N,True,B
HLA06233_HLA00213,B*18:01:10,B*18:01,B*18:01:01:01,B*18:01,True,B
HLA06233_HLA07768,B*18:01:10,B*18:01,B*18:01:01:02,B*18:01,True,B
HLA06233_HLA01532,B*18:01:10,B*18:01,B*18:17N,B*18:17N,True,B
HLA06234_HLA00213,B*18:01:11,B*18:01,B*18:01:01:01,B*18:01,True,B
HLA06234_HLA07768,B*18:01:11,B*18:01,B*18:01:01:02,B*18:01,True,B
HLA06234_HLA01532,B*18:01:11,B*18:01,B*18:17N,B*18:17N,True,B
HLA06235_HLA00153,B*13:02:10,B*13:02,B*13:02:01,B*13:02,True,B
HLA06236_HLA00153,B*13:44,B*13:44,B*13:02:01,B*13:02,True,B
HLA06237_HLA00318,B*44:121,B*44:121,B*44:02:01:01,B*44:02,True,B
HLA06237_HLA08401,B*44:121,B*44:121,B*44:02:01:03,B*44:02,True,B
HLA06238_HLA00341,B*50:13,B*50:13,B*50:01:01,B*50:01,True,B
HLA06239_HLA00238,B*35:157,B*35:157,B*35:02:01,B*35:02,True,B
HLA06240_HLA00381,B*57:40,B*57:40,B*57:01:01,B*57:01,True,B
HLA06241_HLA00381,B*57:41,B*57:41,B*57:01:01,B*57:01,True,B
HLA06242_HLA00267,B*38:27,B*38:27,B*38:01:01,B*38:01,True,B
HLA06243_HLA00213,B*18:59,B*18:59,B*18:01:01:01,B*18:01,True,B
HLA06243_HLA07768,B*18:59,B*18:59,B*18:01:01:02,B*18:01,True,B
HLA06243_HLA01532,B*18:59,B*18:59,B*18:17N,B*18:17N,True,B
HLA06244_HLA00319,B*44:122,B*44:122,B*44:03:01,B*44:03,True,B
HLA06245_HLA00318,B*44:123,B*44:123,B*44:02:01:01,B*44:02,True,B
HLA06245_HLA08401,B*44:123,B*44:123,B*44:02:01:03,B*44:02,True,B
HLA06246_HLA00320,B*44:124,B*44:124,B*44:03:02,B*44:03,True,B
HLA06247_HLA00319,B*44:125,B*44:125,B*44:03:01,B*44:03,True,B
HLA06248_HLA00162,B*15:218Q,B*15:218Q,B*15:01:01:01,B*15:01,True,B
HLA06249_HLA00383,B*57:42,B*57:42,B*57:03:01,B*57:03,True,B
HLA06250_HLA00381,B*57:43,B*57:43,B*57:01:01,B*57:01,True,B
HLA06251_HLA00344,B*51:01:24,B*51:01,B*51:01:01,B*51:01,True,B
HLA06252_HLA00312,B*41:18,B*41:18,B*41:01,B*41:01,True,B
HLA06253_HLA00291,B*40:01:20,B*40:01,B*40:01:01,B*40:01,True,B
HLA06254_HLA00341,B*50:01:03,B*50:01,B*50:01:01,B*50:01,True,B
HLA06255_HLA00225,B*27:77,B*27:77,B*27:05:02,B*27:05,True,B
HLA06256_HLA00225,B*27:78,B*27:78,B*27:05:02,B*27:05,True,B
HLA06257_HLA00265,B*37:28,B*37:28,B*37:01:01,B*37:01,True,B
HLA06258_HLA00146,B*08:67N,B*08:67N,B*08:01:01,B*08:01,True,B
HLA06258_HLA01717,B*08:67N,B*08:67N,B*08:19N,B*08:19N,True,B
HLA06259_HLA00146,B*08:68,B*08:68,B*08:01:01,B*08:01,True,B
HLA06259_HLA01717,B*08:68,B*08:68,B*08:19N,B*08:19N,True,B
HLA06260_HLA00146,B*08:69,B*08:69,B*08:01:01,B*08:01,True,B
HLA06260_HLA01717,B*08:69,B*08:69,B*08:19N,B*08:19N,True,B
HLA06261_HLA00244,B*35:158,B*35:158,B*35:08:01,B*35:08,True,B
HLA06262_HLA00320,B*44:03:13,B*44:03,B*44:03:02,B*44:03,True,B
HLA06263_HLA00153,B*13:45,B*13:45,B*13:02:01,B*13:02,True,B
HLA06264_HLA00153,B*13:46,B*13:46,B*13:02:01,B*13:02,True,B
HLA06265_HLA00318,B*44:126:01,B*44:126,B*44:02:01:01,B*44:02,True,B
HLA06265_HLA08401,B*44:126:01,B*44:126,B*44:02:01:03,B*44:02,True,B
HLA06266_HLA00237,B*35:159,B*35:159,B*35:01:01:01,B*35:01,True,B
HLA06267_HLA00162,B*15:219,B*15:219,B*15:01:01:01,B*15:01,True,B
HLA06268_HLA00344,B*51:06:02,B*51:06,B*51:01:01,B*51:01,True,B
HLA06269_HLA00346,B*51:108,B*51:108,B*51:02:01,B*51:02,True,B
HLA06270_HLA00344,B*51:109,B*51:109,B*51:01:01,B*51:01,True,B
HLA06271_HLA00284,B*39:63,B*39:63,B*39:10:01,B*39:10,True,B
HLA06278_HLA00239,B*35:160,B*35:160,B*35:03:01,B*35:03,True,B
HLA06280_HLA00291,B*40:87:02,B*40:87,B*40:01:01,B*40:01,True,B
HLA06281_HLA00297,B*40:161,B*40:161,B*40:06:01:01,B*40:06,True,B
HLA06281_HLA01430,B*40:161,B*40:161,B*40:06:01:02,B*40:06,True,B
HLA06282_HLA00181,B*15:221,B*15:221,B*15:18:01,B*15:18,True,B
HLA06284_HLA00367,B*54:24,B*54:24,B*54:01:01,B*54:01,True,B
HLA06285_HLA00132,B*07:124,B*07:124,B*07:02:01,B*07:02,True,B
HLA06286_HLA00315,B*42:16,B*42:16,B*42:01:01,B*42:01,True,B
HLA06288_HLA00344,B*51:01:25,B*51:01,B*51:01:01,B*51:01,True,B
HLA06289_HLA00318,B*44:27:02,B*44:27,B*44:02:01:01,B*44:02,True,B
HLA06289_HLA08401,B*44:27:02,B*44:27,B*44:02:01:03,B*44:02,True,B
HLA06292_HLA00223,B*27:79,B*27:79,B*27:04:01,B*27:04,True,B
HLA06301_HLA00318,B*44:127,B*44:127,B*44:02:01:01,B*44:02,True,B
HLA06301_HLA08401,B*44:127,B*44:127,B*44:02:01:03,B*44:02,True,B
HLA06302_HLA00297,B*40:162,B*40:162,B*40:06:01:01,B*40:06,True,B
HLA06302_HLA01430,B*40:162,B*40:162,B*40:06:01:02,B*40:06,True,B
HLA06313_HLA00331,B*46:27,B*46:27,B*46:01:01,B*46:01,True,B
HLA06314_HLA00293,B*40:163,B*40:163,B*40:02:01,B*40:02,True,B
HLA06315_HLA00381,B*57:44,B*57:44,B*57:01:01,B*57:01,True,B
HLA06316_HLA00267,B*38:28,B*38:28,B*38:01:01,B*38:01,True,B
HLA06317_HLA00132,B*07:125,B*07:125,B*07:02:01,B*07:02,True,B
HLA06318_HLA00132,B*07:126,B*07:126,B*07:02:01,B*07:02,True,B
HLA06319_HLA00132,B*07:127,B*07:127,B*07:02:01,B*07:02,True,B
HLA06320_HLA00271,B*39:24:02,B*39:24,B*39:01:01:01,B*39:01,True,B
HLA06321_HLA00265,B*37:29,B*37:29,B*37:01:01,B*37:01,True,B
HLA06322_HLA00213,B*18:60,B*18:60,B*18:01:01:01,B*18:01,True,B
HLA06322_HLA07768,B*18:60,B*18:60,B*18:01:01:02,B*18:01,True,B
HLA06322_HLA01532,B*18:60,B*18:60,B*18:17N,B*18:17N,True,B
HLA06323_HLA00320,B*44:128,B*44:128,B*44:03:02,B*44:03,True,B
HLA06324_HLA00158,B*14:22,B*14:22,B*14:02:01,B*14:02,True,B
HLA06325_HLA00158,B*14:23,B*14:23,B*14:02:01,B*14:02,True,B
HLA06326_HLA00268,B*38:29,B*38:29,B*38:02:01,B*38:02,True,B
HLA06327_HLA00179,B*15:16:02,B*15:16,B*15:16:01,B*15:16,True,B
HLA06352_HLA00340,B*49:17,B*49:17,B*49:01:01,B*49:01,True,B
HLA06353_HLA00225,B*27:80,B*27:80,B*27:05:02,B*27:05,True,B
HLA06354_HLA00213,B*18:01:12,B*18:01,B*18:01:01:01,B*18:01,True,B
HLA06354_HLA07768,B*18:01:12,B*18:01,B*18:01:01:02,B*18:01,True,B
HLA06354_HLA01532,B*18:01:12,B*18:01,B*18:17N,B*18:17N,True,B
HLA06355_HLA00362,B*52:24,B*52:24,B*52:01:01:01,B*52:01,True,B
HLA06356_HLA00344,B*51:110N,B*51:110N,B*51:01:01,B*51:01,True,B
HLA06357_HLA00158,B*14:24,B*14:24,B*14:02:01,B*14:02,True,B
HLA06358_HLA00213,B*18:01:13,B*18:01,B*18:01:01:01,B*18:01,True,B
HLA06358_HLA07768,B*18:01:13,B*18:01,B*18:01:01:02,B*18:01,True,B
HLA06358_HLA01532,B*18:01:13,B*18:01,B*18:17N,B*18:17N,True,B
HLA06360_HLA00331,B*46:01:07,B*46:01,B*46:01:01,B*46:01,True,B
HLA06364_HLA00344,B*51:01:26,B*51:01,B*51:01:01,B*51:01,True,B
HLA06365_HLA00344,B*51:111,B*51:111,B*51:01:01,B*51:01,True,B
HLA06366_HLA00179,B*15:222,B*15:222,B*15:16:01,B*15:16,True,B
HLA06369_HLA00344,B*51:112,B*51:112,B*51:01:01,B*51:01,True,B
HLA06374_HLA00152,B*13:01:06,B*13:01,B*13:01:01,B*13:01,True,B
HLA06380_HLA00213,B*18:01:14,B*18:01,B*18:01:01:01,B*18:01,True,B
HLA06380_HLA07768,B*18:01:14,B*18:01,B*18:01:01:02,B*18:01,True,B
HLA06380_HLA01532,B*18:01:14,B*18:01,B*18:17N,B*18:17N,True,B
HLA06519_HLA00369,B*55:50,B*55:50,B*55:02:01,B*55:02,True,B
HLA06574_HLA00238,B*35:162,B*35:162,B*35:02:01,B*35:02,True,B
HLA06575_HLA02851,B*18:61,B*18:61,B*18:26,B*18:26,True,B
HLA06578_HLA02343,B*44:129,B*44:129,B*44:46,B*44:46,True,B
HLA06579_HLA00344,B*51:113,B*51:113,B*51:01:01,B*51:01,True,B
HLA06580_HLA00237,B*35:01:24,B*35:01,B*35:01:01:01,B*35:01,True,B
HLA06581_HLA00213,B*18:62,B*18:62,B*18:01:01:01,B*18:01,True,B
HLA06581_HLA07768,B*18:62,B*18:62,B*18:01:01:02,B*18:01,True,B
HLA06581_HLA01532,B*18:62,B*18:62,B*18:17N,B*18:17N,True,B
HLA06584_HLA00379,B*55:51,B*55:51,B*56:04,B*56:04,True,B
HLA06585_HLA00267,B*38:30,B*38:30,B*38:01:01,B*38:01,True,B
HLA06642_HLA00319,B*44:130,B*44:130,B*44:03:01,B*44:03,True,B
HLA06645_HLA00319,B*44:03:14,B*44:03,B*44:03:01,B*44:03,True,B
HLA06646_HLA00318,B*44:02:18,B*44:02,B*44:02:01:01,B*44:02,True,B
HLA06646_HLA08401,B*44:02:18,B*44:02,B*44:02:01:03,B*44:02,True,B
HLA06647_HLA00238,B*35:12:03,B*35:12,B*35:02:01,B*35:02,True,B
HLA06648_HLA00239,B*35:163,B*35:163,B*35:03:01,B*35:03,True,B
HLA06649_HLA00386,B*58:34,B*58:34,B*58:01:01,B*58:01,True,B
HLA06650_HLA00378,B*56:32,B*56:32,B*56:03,B*56:03,True,B
HLA06650_HLA00379,B*56:32,B*56:32,B*56:04,B*56:04,True,B
HLA06651_HLA00237,B*35:01:26,B*35:01,B*35:01:01:01,B*35:01,True,B
HLA06652_HLA00165,B*15:223,B*15:223,B*15:02:01,B*15:02,True,B
HLA06653_HLA01510,B*40:164,B*40:164,B*40:40,B*40:40,True,B
HLA06654_HLA00205,B*15:224,B*15:224,B*15:42,B*15:42,True,B
HLA06660_HLA00213,B*18:63,B*18:63,B*18:01:01:01,B*18:01,True,B
HLA06660_HLA07768,B*18:63,B*18:63,B*18:01:01:02,B*18:01,True,B
HLA06660_HLA01532,B*18:63,B*18:63,B*18:17N,B*18:17N,True,B
HLA06664_HLA00146,B*08:70,B*08:70,B*08:01:01,B*08:01,True,B
HLA06664_HLA01717,B*08:70,B*08:70,B*08:19N,B*08:19N,True,B
HLA06675_HLA00344,B*51:114,B*51:114,B*51:01:01,B*51:01,True,B
HLA06676_HLA00344,B*51:115,B*51:115,B*51:01:01,B*51:01,True,B
HLA06677_HLA00132,B*07:131,B*07:131,B*07:02:01,B*07:02,True,B
HLA06678_HLA00132,B*07:02:21,B*07:02,B*07:02:01,B*07:02,True,B
HLA06679_HLA00132,B*07:02:22,B*07:02,B*07:02:01,B*07:02,True,B
HLA06680_HLA00162,B*15:225,B*15:225,B*15:01:01:01,B*15:01,True,B
HLA06681_HLA00297,B*40:165,B*40:165,B*40:06:01:01,B*40:06,True,B
HLA06681_HLA01430,B*40:165,B*40:165,B*40:06:01:02,B*40:06,True,B
HLA06682_HLA00146,B*08:71,B*08:71,B*08:01:01,B*08:01,True,B
HLA06682_HLA01717,B*08:71,B*08:71,B*08:19N,B*08:19N,True,B
HLA06683_HLA00381,B*57:45,B*57:45,B*57:01:01,B*57:01,True,B
HLA06684_HLA00244,B*35:164,B*35:164,B*35:08:01,B*35:08,True,B
HLA06685_HLA00237,B*35:165N,B*35:165N,B*35:01:01:01,B*35:01,True,B
HLA06686_HLA00237,B*35:166,B*35:166,B*35:01:01:01,B*35:01,True,B
HLA06687_HLA00364,B*53:25,B*53:25,B*53:01:01,B*53:01,True,B
HLA06688_HLA00383,B*57:46,B*57:46,B*57:03:01,B*57:03,True,B
HLA06689_HLA00237,B*35:01:27,B*35:01,B*35:01:01:01,B*35:01,True,B
HLA06690_HLA00132,B*07:132,B*07:132,B*07:02:01,B*07:02,True,B
HLA06691_HLA00132,B*07:133,B*07:133,B*07:02:01,B*07:02,True,B
HLA06692_HLA00267,B*38:31,B*38:31,B*38:01:01,B*38:01,True,B
HLA06693_HLA00291,B*40:166,B*40:166,B*40:01:01,B*40:01,True,B
HLA06694_HLA02850,B*41:19,B*41:19,B*40:72:01,B*40:72,True,B
HLA06694_HLA00312,B*41:19,B*41:19,B*41:01,B*41:01,True,B
HLA06695_HLA00291,B*40:01:21,B*40:01,B*40:01:01,B*40:01,True,B
HLA06696_HLA00291,B*40:01:22,B*40:01,B*40:01:01,B*40:01,True,B
HLA06697_HLA00312,B*41:02:04,B*41:02,B*41:01,B*41:01,True,B
HLA06698_HLA00345,B*51:116,B*51:116,B*51:01:02,B*51:01,True,B
HLA06699_HLA00153,B*13:02:11,B*13:02,B*13:02:01,B*13:02,True,B
HLA06700_HLA00381,B*57:47,B*57:47,B*57:01:01,B*57:01,True,B
HLA06701_HLA00344,B*51:117,B*51:117,B*51:01:01,B*51:01,True,B
HLA06702_HLA00132,B*07:02:23,B*07:02,B*07:02:01,B*07:02,True,B
HLA06703_HLA00132,B*07:02:24,B*07:02,B*07:02:01,B*07:02,True,B
HLA06815_HLA00239,B*35:167,B*35:167,B*35:03:01,B*35:03,True,B
HLA06816_HLA00344,B*51:118N,B*51:118N,B*51:01:01,B*51:01,True,B
HLA06825_HLA00213,B*18:64,B*18:64,B*18:01:01:01,B*18:01,True,B
HLA06825_HLA07768,B*18:64,B*18:64,B*18:01:01:02,B*18:01,True,B
HLA06825_HLA01532,B*18:64,B*18:64,B*18:17N,B*18:17N,True,B
HLA06826_HLA00132,B*07:68:03,B*07:68,B*07:02:01,B*07:02,True,B
HLA06830_HLA00267,B*38:32,B*38:32,B*38:01:01,B*38:01,True,B
HLA06831_HLA00179,B*58:08:02,B*58:08,B*15:16:01,B*15:16,True,B
HLA06834_HLA00267,B*38:33,B*38:33,B*38:01:01,B*38:01,True,B
HLA06835_HLA00341,B*50:14,B*50:14,B*50:01:01,B*50:01,True,B
HLA06871_HLA00132,B*07:02:25,B*07:02,B*07:02:01,B*07:02,True,B
HLA06883_HLA00381,B*57:48,B*57:48,B*57:01:01,B*57:01,True,B
HLA06884_HLA00237,B*35:168,B*35:168,B*35:01:01:01,B*35:01,True,B
HLA06885_HLA00181,B*15:226N,B*15:226N,B*15:18:01,B*15:18,True,B
HLA06887_HLA00297,B*40:167,B*40:167,B*40:06:01:01,B*40:06,True,B
HLA06887_HLA01430,B*40:167,B*40:167,B*40:06:01:02,B*40:06,True,B
HLA06888_HLA00162,B*15:01:23,B*15:01,B*15:01:01:01,B*15:01,True,B
HLA06889_HLA00331,B*46:28,B*46:28,B*46:01:01,B*46:01,True,B
HLA06891_HLA00340,B*49:18,B*49:18,B*49:01:01,B*49:01,True,B
HLA06905_HLA00132,B*07:134,B*07:134,B*07:02:01,B*07:02,True,B
HLA06914_HLA00291,B*40:168,B*40:168,B*40:01:01,B*40:01,True,B
HLA06915_HLA00293,B*40:169,B*40:169,B*40:02:01,B*40:02,True,B
HLA06916_HLA00265,B*37:30N,B*37:30N,B*37:01:01,B*37:01,True,B
HLA06917_HLA00146,B*08:01:16,B*08:01,B*08:01:01,B*08:01,True,B
HLA06917_HLA01717,B*08:01:16,B*08:01,B*08:19N,B*08:19N,True,B
HLA06918_HLA00146,B*08:72N,B*08:72N,B*08:01:01,B*08:01,True,B
HLA06918_HLA01717,B*08:72N,B*08:72N,B*08:19N,B*08:19N,True,B
HLA06919_HLA00162,B*15:78:03,B*15:78,B*15:01:01:01,B*15:01,True,B
HLA06920_HLA00368,B*55:52,B*55:52,B*55:01:01,B*55:01,True,B
HLA06921_HLA00173,B*15:229,B*15:229,B*15:10:01,B*15:10,True,B
HLA06922_HLA00132,B*07:02:26,B*07:02,B*07:02:01,B*07:02,True,B
HLA06923_HLA00132,B*07:135N,B*07:135N,B*07:02:01,B*07:02,True,B
HLA06924_HLA00132,B*07:02:27,B*07:02,B*07:02:01,B*07:02,True,B
HLA06925_HLA00340,B*49:19N,B*49:19N,B*49:01:01,B*49:01,True,B
HLA06926_HLA00225,B*27:05:17,B*27:05,B*27:05:02,B*27:05,True,B
HLA06927_HLA00213,B*18:65,B*18:65,B*18:01:01:01,B*18:01,True,B
HLA06927_HLA07768,B*18:65,B*18:65,B*18:01:01:02,B*18:01,True,B
HLA06927_HLA01532,B*18:65,B*18:65,B*18:17N,B*18:17N,True,B
HLA06928_HLA00146,B*08:73,B*08:73,B*08:01:01,B*08:01,True,B
HLA06928_HLA01717,B*08:73,B*08:73,B*08:19N,B*08:19N,True,B
HLA06929_HLA00239,B*35:169,B*35:169,B*35:03:01,B*35:03,True,B
HLA06930_HLA00180,B*15:230,B*15:230,B*15:17:01:01,B*15:17,True,B
HLA06930_HLA01439,B*15:230,B*15:230,B*15:17:01:02,B*15:17,True,B
HLA06931_HLA00284,B*39:10:02,B*39:10,B*39:10:01,B*39:10,True,B
HLA06932_HLA00340,B*49:20,B*49:20,B*49:01:01,B*49:01,True,B
HLA06933_HLA00153,B*13:47,B*13:47,B*13:02:01,B*13:02,True,B
HLA06934_HLA00364,B*53:26,B*53:26,B*53:01:01,B*53:01,True,B
HLA06935_HLA00237,B*35:170,B*35:170,B*35:01:01:01,B*35:01,True,B
HLA06936_HLA00344,B*51:01:27,B*51:01,B*51:01:01,B*51:01,True,B
HLA06937_HLA00393,B*78:01:02,B*78:01,B*78:01:01,B*78:01,True,B
HLA06938_HLA00280,B*39:64,B*39:64,B*39:06:02,B*39:06,True,B
HLA06939_HLA00291,B*40:170,B*40:170,B*40:01:01,B*40:01,True,B
HLA06940_HLA00225,B*27:81,B*27:81,B*27:05:02,B*27:05,True,B
HLA06941_HLA00265,B*37:31,B*37:31,B*37:01:01,B*37:01,True,B
HLA06942_HLA00381,B*57:49,B*57:49,B*57:01:01,B*57:01,True,B
HLA06943_HLA00146,B*08:74,B*08:74,B*08:01:01,B*08:01,True,B
HLA06943_HLA01717,B*08:74,B*08:74,B*08:19N,B*08:19N,True,B
HLA06944_HLA00318,B*44:05:03,B*44:05,B*44:02:01:01,B*44:02,True,B
HLA06944_HLA08401,B*44:05:03,B*44:05,B*44:02:01:03,B*44:02,True,B
HLA06945_HLA00237,B*35:171,B*35:171,B*35:01:01:01,B*35:01,True,B
HLA06946_HLA00238,B*35:172,B*35:172,B*35:02:01,B*35:02,True,B
HLA06947_HLA00162,B*15:231,B*15:231,B*15:01:01:01,B*15:01,True,B
HLA06948_HLA00162,B*15:232,B*15:232,B*15:01:01:01,B*15:01,True,B
HLA06949_HLA00381,B*57:50,B*57:50,B*57:01:01,B*57:01,True,B
HLA06950_HLA00158,B*14:25,B*14:25,B*14:02:01,B*14:02,True,B
HLA06951_HLA00271,B*39:65,B*39:65,B*39:01:01:01,B*39:01,True,B
HLA06952_HLA00271,B*39:66,B*39:66,B*39:01:01:01,B*39:01,True,B
HLA06953_HLA00271,B*39:67,B*39:67,B*39:01:01:01,B*39:01,True,B
HLA06954_HLA00326,B*44:131,B*44:131,B*44:09,B*44:09,True,B
HLA06955_HLA00225,B*27:02:02,B*27:02,B*27:05:02,B*27:05,True,B
HLA06956_HLA00146,B*08:75,B*08:75,B*08:01:01,B*08:01,True,B
HLA06956_HLA01717,B*08:75,B*08:75,B*08:19N,B*08:19N,True,B
HLA06957_HLA00153,B*13:02:12,B*13:02,B*13:02:01,B*13:02,True,B
HLA06958_HLA00153,B*13:48,B*13:48,B*13:02:01,B*13:02,True,B
HLA06959_HLA00345,B*51:119,B*51:119,B*51:01:02,B*51:01,True,B
HLA06960_HLA00237,B*35:173N,B*35:173N,B*35:01:01:01,B*35:01,True,B
HLA06961_HLA00239,B*35:03:10,B*35:03,B*35:03:01,B*35:03,True,B
HLA06962_HLA00244,B*35:174,B*35:174,B*35:08:01,B*35:08,True,B
HLA06963_HLA00362,B*52:25,B*52:25,B*52:01:01:01,B*52:01,True,B
HLA06964_HLA00237,B*35:175,B*35:175,B*35:01:01:01,B*35:01,True,B
HLA06965_HLA00176,B*15:13:02,B*15:13,B*15:13:01,B*15:13,True,B
HLA06966_HLA00162,B*15:01:24,B*15:01,B*15:01:01:01,B*15:01,True,B
HLA06967_HLA00368,B*55:53,B*55:53,B*55:01:01,B*55:01,True,B
HLA06968_HLA00376,B*56:20:02,B*56:20,B*56:01:01,B*56:01,True,B
HLA06969_HLA00344,B*51:120,B*51:120,B*51:01:01,B*51:01,True,B
HLA06970_HLA00132,B*07:136,B*07:136,B*07:02:01,B*07:02,True,B
HLA06971_HLA00267,B*38:34N,B*38:34N,B*38:01:01,B*38:01,True,B
HLA06972_HLA00291,B*40:171,B*40:171,B*40:01:01,B*40:01,True,B
HLA06973_HLA00291,B*40:01:23,B*40:01,B*40:01:01,B*40:01,True,B
HLA06974_HLA00381,B*57:51,B*57:51,B*57:01:01,B*57:01,True,B
HLA06975_HLA00153,B*13:49N,B*13:49N,B*13:02:01,B*13:02,True,B
HLA06976_HLA00318,B*44:132,B*44:132,B*44:02:01:01,B*44:02,True,B
HLA06976_HLA08401,B*44:132,B*44:132,B*44:02:01:03,B*44:02,True,B
HLA06977_HLA00244,B*35:176,B*35:176,B*35:08:01,B*35:08,True,B
HLA06978_HLA00362,B*52:10:02,B*52:10,B*52:01:01:01,B*52:01,True,B
HLA06979_HLA00344,B*51:01:28,B*51:01,B*51:01:01,B*51:01,True,B
HLA06980_HLA00137,B*07:137,B*07:137,B*07:05:01,B*07:05,True,B
HLA06981_HLA00132,B*07:02:28,B*07:02,B*07:02:01,B*07:02,True,B
HLA06982_HLA00292,B*40:172,B*40:172,B*40:01:02,B*40:01,True,B
HLA06983_HLA00293,B*40:173,B*40:173,B*40:02:01,B*40:02,True,B
HLA06984_HLA00146,B*08:76,B*08:76,B*08:01:01,B*08:01,True,B
HLA06984_HLA01717,B*08:76,B*08:76,B*08:19N,B*08:19N,True,B
HLA06985_HLA00318,B*44:02:19,B*44:02,B*44:02:01:01,B*44:02,True,B
HLA06985_HLA08401,B*44:02:19,B*44:02,B*44:02:01:03,B*44:02,True,B
HLA06986_HLA00318,B*44:134,B*44:134,B*44:02:01:01,B*44:02,True,B
HLA06986_HLA08401,B*44:134,B*44:134,B*44:02:01:03,B*44:02,True,B
HLA06987_HLA00237,B*35:177,B*35:177,B*35:01:01:01,B*35:01,True,B
HLA06988_HLA00162,B*15:233,B*15:233,B*15:01:01:01,B*15:01,True,B
HLA06988_HLA01743,B*15:233,B*15:233,B*15:77,B*15:77,True,B
HLA06989_HLA00381,B*57:52,B*57:52,B*57:01:01,B*57:01,True,B
HLA06990_HLA00158,B*14:26,B*14:26,B*14:02:01,B*14:02,True,B
HLA06990_HLA02166,B*14:26,B*14:26,B*14:07N,B*14:07N,True,B
HLA06991_HLA00268,B*38:35,B*38:35,B*38:02:01,B*38:02,True,B
HLA06992_HLA00179,B*15:16:03,B*15:16,B*15:16:01,B*15:16,True,B
HLA06993_HLA00225,B*27:82,B*27:82,B*27:05:02,B*27:05,True,B
HLA06994_HLA00265,B*37:01:08,B*37:01,B*37:01:01,B*37:01,True,B
HLA06995_HLA00213,B*18:66,B*18:66,B*18:01:01:01,B*18:01,True,B
HLA06995_HLA07768,B*18:66,B*18:66,B*18:01:01:02,B*18:01,True,B
HLA06995_HLA01532,B*18:66,B*18:66,B*18:17N,B*18:17N,True,B
HLA06996_HLA00146,B*08:77,B*08:77,B*08:01:01,B*08:01,True,B
HLA06996_HLA01717,B*08:77,B*08:77,B*08:19N,B*08:19N,True,B
HLA06997_HLA00162,B*15:234,B*15:234,B*15:01:01:01,B*15:01,True,B
HLA06998_HLA00318,B*44:02:20,B*44:02,B*44:02:01:01,B*44:02,True,B
HLA06998_HLA08401,B*44:02:20,B*44:02,B*44:02:01:03,B*44:02,True,B
HLA06999_HLA00237,B*35:178,B*35:178,B*35:01:01:01,B*35:01,True,B
HLA07000_HLA00362,B*52:26,B*52:26,B*52:01:01:01,B*52:01,True,B
HLA07001_HLA00344,B*51:121,B*51:121,B*51:01:01,B*51:01,True,B
HLA07002_HLA00344,B*51:122,B*51:122,B*51:01:01,B*51:01,True,B
HLA07003_HLA00237,B*35:01:29,B*35:01,B*35:01:01:01,B*35:01,True,B
HLA07004_HLA00158,B*14:27,B*14:27,B*14:02:01,B*14:02,True,B
HLA07032_HLA00318,B*44:02:21,B*44:02,B*44:02:01:01,B*44:02,True,B
HLA07032_HLA08401,B*44:02:21,B*44:02,B*44:02:01:03,B*44:02,True,B
HLA07033_HLA00152,B*13:50,B*13:50,B*13:01:01,B*13:01,True,B
HLA07035_HLA00137,B*07:138,B*07:138,B*07:05:01,B*07:05,True,B
HLA07039_HLA00132,B*07:139,B*07:139,B*07:02:01,B*07:02,True,B
HLA07087_HLA00318,B*44:133,B*44:133,B*44:02:01:01,B*44:02,True,B
HLA07087_HLA08401,B*44:133,B*44:133,B*44:02:01:03,B*44:02,True,B
HLA07090_HLA00319,B*44:135,B*44:135,B*44:03:01,B*44:03,True,B
HLA07093_HLA00166,B*15:235,B*15:235,B*15:03:01,B*15:03,True,B
HLA07094_HLA00152,B*13:51,B*13:51,B*13:01:01,B*13:01,True,B
HLA07095_HLA00293,B*40:174,B*40:174,B*40:02:01,B*40:02,True,B
HLA07103_HLA00362,B*52:01:10,B*52:01,B*52:01:01:01,B*52:01,True,B
HLA07177_HLA00225,B*27:85,B*27:85,B*27:05:02,B*27:05,True,B
HLA07178_HLA00238,B*35:09:03,B*35:09,B*35:02:01,B*35:02,True,B
HLA07179_HLA00162,B*15:236,B*15:236,B*15:01:01:01,B*15:01,True,B
HLA07180_HLA00344,B*51:123,B*51:123,B*51:01:01,B*51:01,True,B
HLA07181_HLA00344,B*51:124,B*51:124,B*51:01:01,B*51:01,True,B
HLA07186_HLA00341,B*50:15,B*50:15,B*50:01:01,B*50:01,True,B
HLA07187_HLA00225,B*27:83,B*27:83,B*27:05:02,B*27:05,True,B
HLA07188_HLA00225,B*27:84,B*27:84,B*27:05:02,B*27:05,True,B
HLA07189_HLA00213,B*18:67,B*18:67,B*18:01:01:01,B*18:01,True,B
HLA07189_HLA07768,B*18:67,B*18:67,B*18:01:01:02,B*18:01,True,B
HLA07189_HLA01532,B*18:67,B*18:67,B*18:17N,B*18:17N,True,B
HLA07190_HLA00158,B*14:28,B*14:28,B*14:02:01,B*14:02,True,B
HLA07191_HLA00146,B*08:78,B*08:78,B*08:01:01,B*08:01,True,B
HLA07191_HLA01717,B*08:78,B*08:78,B*08:19N,B*08:19N,True,B
HLA07192_HLA00364,B*53:27,B*53:27,B*53:01:01,B*53:01,True,B
HLA07193_HLA00318,B*44:136,B*44:136,B*44:02:01:01,B*44:02,True,B
HLA07193_HLA08401,B*44:136,B*44:136,B*44:02:01:03,B*44:02,True,B
HLA07194_HLA00318,B*44:137,B*44:137,B*44:02:01:01,B*44:02,True,B
HLA07194_HLA08401,B*44:137,B*44:137,B*44:02:01:03,B*44:02,True,B
HLA07195_HLA00241,B*35:32:02,B*35:32,B*35:05:01,B*35:05,True,B
HLA07196_HLA00239,B*35:179,B*35:179,B*35:03:01,B*35:03,True,B
HLA07197_HLA00237,B*35:180,B*35:180,B*35:01:01:01,B*35:01,True,B
HLA07198_HLA00239,B*35:181,B*35:181,B*35:03:01,B*35:03,True,B
HLA07199_HLA00386,B*58:35,B*58:35,B*58:01:01,B*58:01,True,B
HLA07200_HLA00381,B*57:01:12,B*57:01,B*57:01:01,B*57:01,True,B
HLA07201_HLA00368,B*55:01:08,B*55:01,B*55:01:01,B*55:01,True,B
HLA07202_HLA00238,B*35:182,B*35:182,B*35:02:01,B*35:02,True,B
HLA07203_HLA00344,B*51:01:30,B*51:01,B*51:01:01,B*51:01,True,B
HLA07204_HLA00344,B*51:125,B*51:125,B*51:01:01,B*51:01,True,B
HLA07205_HLA00137,B*07:140,B*07:140,B*07:05:01,B*07:05,True,B
HLA07206_HLA00132,B*07:141,B*07:141,B*07:02:01,B*07:02,True,B
HLA07207_HLA00132,B*07:02:29,B*07:02,B*07:02:01,B*07:02,True,B
HLA07208_HLA00132,B*07:142,B*07:142,B*07:02:01,B*07:02,True,B
HLA07209_HLA00335,B*48:26,B*48:26,B*48:01:01,B*48:01,True,B
HLA07210_HLA00335,B*48:27,B*48:27,B*48:01:01,B*48:01,True,B
HLA07211_HLA00267,B*38:36,B*38:36,B*38:01:01,B*38:01,True,B
HLA07212_HLA00238,B*35:183,B*35:183,B*35:02:01,B*35:02,True,B
HLA07280_HLA00331,B*46:29,B*46:29,B*46:01:01,B*46:01,True,B
HLA07285_HLA00291,B*40:175,B*40:175,B*40:01:01,B*40:01,True,B
HLA07302_HLA00238,B*35:184,B*35:184,B*35:02:01,B*35:02,True,B
HLA07303_HLA00213,B*18:68,B*18:68,B*18:01:01:01,B*18:01,True,B
HLA07303_HLA07768,B*18:68,B*18:68,B*18:01:01:02,B*18:01,True,B
HLA07303_HLA01532,B*18:68,B*18:68,B*18:17N,B*18:17N,True,B
HLA07304_HLA00297,B*40:177,B*40:177,B*40:06:01:01,B*40:06,True,B
HLA07304_HLA01430,B*40:177,B*40:177,B*40:06:01:02,B*40:06,True,B
HLA07305_HLA00132,B*07:143,B*07:143,B*07:02:01,B*07:02,True,B
HLA07306_HLA00331,B*46:30,B*46:30,B*46:01:01,B*46:01,True,B
HLA07307_HLA00271,B*39:68,B*39:68,B*39:01:01:01,B*39:01,True,B
HLA07308_HLA00344,B*51:126,B*51:126,B*51:01:01,B*51:01,True,B
HLA07309_HLA00386,B*58:36,B*58:36,B*58:01:01,B*58:01,True,B
HLA07310_HLA00267,B*38:37,B*38:37,B*38:01:01,B*38:01,True,B
HLA07314_HLA00368,B*55:54,B*55:54,B*55:01:01,B*55:01,True,B
HLA07319_HLA00344,B*51:01:29,B*51:01,B*51:01:01,B*51:01,True,B
HLA07325_HLA00331,B*35:186,B*35:186,B*46:01:01,B*46:01,True,B
HLA07332_HLA00291,B*40:178,B*40:178,B*40:01:01,B*40:01,True,B
HLA07335_HLA00244,B*35:08:05,B*35:08,B*35:08:01,B*35:08,True,B
HLA07336_HLA00362,B*52:27,B*52:27,B*52:01:01:01,B*52:01,True,B
HLA07339_HLA00223,B*27:86,B*27:86,B*27:04:01,B*27:04,True,B
HLA07354_HLA00132,B*07:144,B*07:144,B*07:02:01,B*07:02,True,B
HLA07384_HLA00293,B*40:180,B*40:180,B*40:02:01,B*40:02,True,B
HLA07385_HLA00162,B*15:237,B*15:237,B*15:01:01:01,B*15:01,True,B
HLA07388_HLA00318,B*44:139,B*44:139,B*44:02:01:01,B*44:02,True,B
HLA07388_HLA08401,B*44:139,B*44:139,B*44:02:01:03,B*44:02,True,B
HLA07412_HLA00181,B*15:238,B*15:238,B*15:18:01,B*15:18,True,B
HLA07418_HLA00146,B*08:80,B*08:80,B*08:01:01,B*08:01,True,B
HLA07418_HLA01717,B*08:80,B*08:80,B*08:19N,B*08:19N,True,B
HLA07439_HLA00291,B*40:01:24,B*40:01,B*40:01:01,B*40:01,True,B
HLA07440_HLA00293,B*40:181,B*40:181,B*40:02:01,B*40:02,True,B
HLA07441_HLA00225,B*27:87,B*27:87,B*27:05:02,B*27:05,True,B
HLA07442_HLA00146,B*08:81,B*08:81,B*08:01:01,B*08:01,True,B
HLA07442_HLA01717,B*08:81,B*08:81,B*08:19N,B*08:19N,True,B
HLA07443_HLA00146,B*08:82N,B*08:82N,B*08:01:01,B*08:01,True,B
HLA07443_HLA01717,B*08:82N,B*08:82N,B*08:19N,B*08:19N,True,B
HLA07444_HLA00146,B*08:83,B*08:83,B*08:01:01,B*08:01,True,B
HLA07444_HLA01717,B*08:83,B*08:83,B*08:19N,B*08:19N,True,B
HLA07445_HLA00146,B*08:84,B*08:84,B*08:01:01,B*08:01,True,B
HLA07445_HLA01717,B*08:84,B*08:84,B*08:19N,B*08:19N,True,B
HLA07446_HLA00146,B*08:85,B*08:85,B*08:01:01,B*08:01,True,B
HLA07446_HLA01717,B*08:85,B*08:85,B*08:19N,B*08:19N,True,B
HLA07447_HLA00318,B*44:140,B*44:140,B*44:02:01:01,B*44:02,True,B
HLA07447_HLA08401,B*44:140,B*44:140,B*44:02:01:03,B*44:02,True,B
HLA07448_HLA00319,B*44:141,B*44:141,B*44:03:01,B*44:03,True,B
HLA07449_HLA00318,B*44:142,B*44:142,B*44:02:01:01,B*44:02,True,B
HLA07449_HLA08401,B*44:142,B*44:142,B*44:02:01:03,B*44:02,True,B
HLA07450_HLA00318,B*44:02:22,B*44:02,B*44:02:01:01,B*44:02,True,B
HLA07450_HLA08401,B*44:02:22,B*44:02,B*44:02:01:03,B*44:02,True,B
HLA07451_HLA00320,B*44:143,B*44:143,B*44:03:02,B*44:03,True,B
HLA07452_HLA00244,B*35:187,B*35:187,B*35:08:01,B*35:08,True,B
HLA07453_HLA00162,B*15:239,B*15:239,B*15:01:01:01,B*15:01,True,B
HLA07454_HLA00237,B*35:29:02,B*35:29,B*35:01:01:01,B*35:01,True,B
HLA07455_HLA00381,B*57:53,B*57:53,B*57:01:01,B*57:01,True,B
HLA07456_HLA00381,B*57:54,B*57:54,B*57:01:01,B*57:01,True,B
HLA07457_HLA00162,B*15:01:25,B*15:01,B*15:01:01:01,B*15:01,True,B
HLA07458_HLA00162,B*15:01:26,B*15:01,B*15:01:01:01,B*15:01,True,B
HLA07459_HLA00368,B*55:55N,B*55:55N,B*55:01:01,B*55:01,True,B
HLA07460_HLA00376,B*56:33,B*56:33,B*56:01:01,B*56:01,True,B
HLA07461_HLA00344,B*51:127,B*51:127,B*51:01:01,B*51:01,True,B
HLA07462_HLA00344,B*51:128,B*51:128,B*51:01:01,B*51:01,True,B
HLA07463_HLA00158,B*14:29,B*14:29,B*14:02:01,B*14:02,True,B
HLA07464_HLA00132,B*07:56:02,B*07:56,B*07:02:01,B*07:02,True,B
HLA07465_HLA00132,B*07:145,B*07:145,B*07:02:01,B*07:02,True,B
HLA07466_HLA00132,B*07:146,B*07:146,B*07:02:01,B*07:02,True,B
HLA07467_HLA00132,B*07:02:30,B*07:02,B*07:02:01,B*07:02,True,B
HLA07468_HLA00132,B*07:147,B*07:147,B*07:02:01,B*07:02,True,B
HLA07469_HLA00132,B*07:148,B*07:148,B*07:02:01,B*07:02,True,B
HLA07470_HLA00267,B*38:38,B*38:38,B*38:01:01,B*38:01,True,B
HLA07471_HLA00267,B*38:01:06,B*38:01,B*38:01:01,B*38:01,True,B
HLA07472_HLA00271,B*39:69,B*39:69,B*39:01:01:01,B*39:01,True,B
HLA07525_HLA00162,B*15:01:27,B*15:01,B*15:01:01:01,B*15:01,True,B
HLA07535_HLA00367,B*54:25,B*54:25,B*54:01:01,B*54:01,True,B
HLA07549_HLA00237,B*35:188,B*35:188,B*35:01:01:01,B*35:01,True,B
HLA07552_HLA00265,B*37:32,B*37:32,B*37:01:01,B*37:01,True,B
HLA07553_HLA00345,B*51:78:02,B*51:78,B*51:01:02,B*51:01,True,B
HLA07560_HLA00237,B*35:189,B*35:189,B*35:01:01:01,B*35:01,True,B
HLA07623_HLA00344,B*51:129,B*51:129,B*51:01:01,B*51:01,True,B
HLA07624_HLA00312,B*41:20,B*41:20,B*41:01,B*41:01,True,B
HLA07625_HLA00291,B*40:182,B*40:182,B*40:01:01,B*40:01,True,B
HLA07626_HLA00291,B*40:183,B*40:183,B*40:01:01,B*40:01,True,B
HLA07627_HLA00341,B*50:16,B*50:16,B*50:01:01,B*50:01,True,B
HLA07628_HLA00293,B*40:02:13,B*40:02,B*40:02:01,B*40:02,True,B
HLA07629_HLA00293,B*40:184,B*40:184,B*40:02:01,B*40:02,True,B
HLA07630_HLA00297,B*40:06:05,B*40:06,B*40:06:01:01,B*40:06,True,B
HLA07630_HLA01430,B*40:06:05,B*40:06,B*40:06:01:02,B*40:06,True,B
HLA07631_HLA00225,B*27:88,B*27:88,B*27:05:02,B*27:05,True,B
HLA07632_HLA00213,B*18:69,B*18:69,B*18:01:01:01,B*18:01,True,B
HLA07632_HLA07768,B*18:69,B*18:69,B*18:01:01:02,B*18:01,True,B
HLA07632_HLA01532,B*18:69,B*18:69,B*18:17N,B*18:17N,True,B
HLA07633_HLA00213,B*18:01:15,B*18:01,B*18:01:01:01,B*18:01,True,B
HLA07633_HLA07768,B*18:01:15,B*18:01,B*18:01:01:02,B*18:01,True,B
HLA07633_HLA01532,B*18:01:15,B*18:01,B*18:17N,B*18:17N,True,B
HLA07634_HLA00225,B*27:05:18,B*27:05,B*27:05:02,B*27:05,True,B
HLA07635_HLA00146,B*08:86N,B*08:86N,B*08:01:01,B*08:01,True,B
HLA07635_HLA01717,B*08:86N,B*08:86N,B*08:19N,B*08:19N,True,B
HLA07636_HLA00146,B*08:87,B*08:87,B*08:01:01,B*08:01,True,B
HLA07636_HLA01717,B*08:87,B*08:87,B*08:19N,B*08:19N,True,B
HLA07637_HLA00146,B*08:01:17,B*08:01,B*08:01:01,B*08:01,True,B
HLA07637_HLA01717,B*08:01:17,B*08:01,B*08:19N,B*08:19N,True,B
HLA07638_HLA00146,B*08:88,B*08:88,B*08:01:01,B*08:01,True,B
HLA07638_HLA01717,B*08:88,B*08:88,B*08:19N,B*08:19N,True,B
HLA07639_HLA00318,B*44:02:23,B*44:02,B*44:02:01:01,B*44:02,True,B
HLA07639_HLA08401,B*44:02:23,B*44:02,B*44:02:01:03,B*44:02,True,B
HLA07640_HLA00319,B*44:144,B*44:144,B*44:03:01,B*44:03,True,B
HLA07641_HLA00318,B*44:02:24,B*44:02,B*44:02:01:01,B*44:02,True,B
HLA07641_HLA08401,B*44:02:24,B*44:02,B*44:02:01:03,B*44:02,True,B
HLA07642_HLA00318,B*44:145,B*44:145,B*44:02:01:01,B*44:02,True,B
HLA07642_HLA08401,B*44:145,B*44:145,B*44:02:01:03,B*44:02,True,B
HLA07643_HLA00364,B*53:01:06,B*53:01,B*53:01:01,B*53:01,True,B
HLA07644_HLA00237,B*35:01:30,B*35:01,B*35:01:01:01,B*35:01,True,B
HLA07645_HLA00237,B*35:190,B*35:190,B*35:01:01:01,B*35:01,True,B
HLA07646_HLA00237,B*35:191,B*35:191,B*35:01:01:01,B*35:01,True,B
HLA07647_HLA00386,B*58:01:10,B*58:01,B*58:01:01,B*58:01,True,B
HLA07648_HLA00386,B*58:01:11,B*58:01,B*58:01:01,B*58:01,True,B
HLA07649_HLA00188,B*15:240,B*15:240,B*15:25:01,B*15:25,True,B
HLA07650_HLA00162,B*15:241,B*15:241,B*15:01:01:01,B*15:01,True,B
HLA07651_HLA00244,B*35:192,B*35:192,B*35:08:01,B*35:08,True,B
HLA07652_HLA00166,B*15:47:02,B*15:47,B*15:03:01,B*15:03,True,B
HLA07653_HLA00166,B*15:242,B*15:242,B*15:03:01,B*15:03,True,B
HLA07654_HLA00344,B*51:01:31,B*51:01,B*51:01:01,B*51:01,True,B
HLA07655_HLA00344,B*51:01:32,B*51:01,B*51:01:01,B*51:01,True,B
HLA07656_HLA00344,B*51:01:33,B*51:01,B*51:01:01,B*51:01,True,B
HLA07657_HLA00368,B*55:01:09,B*55:01,B*55:01:01,B*55:01,True,B
HLA07658_HLA00158,B*14:30,B*14:30,B*14:02:01,B*14:02,True,B
HLA07659_HLA00132,B*07:149,B*07:149,B*07:02:01,B*07:02,True,B
HLA07660_HLA00132,B*07:150,B*07:150,B*07:02:01,B*07:02,True,B
HLA07661_HLA00132,B*07:02:31,B*07:02,B*07:02:01,B*07:02,True,B
HLA07662_HLA00132,B*07:151,B*07:151,B*07:02:01,B*07:02,True,B
HLA07663_HLA00271,B*39:70,B*39:70,B*39:01:01:01,B*39:01,True,B
HLA07664_HLA00271,B*39:71,B*39:71,B*39:01:01:01,B*39:01,True,B
HLA07665_HLA00271,B*39:72,B*39:72,B*39:01:01:01,B*39:01,True,B
HLA07679_HLA00213,B*18:70,B*18:70,B*18:01:01:01,B*18:01,True,B
HLA07679_HLA07768,B*18:70,B*18:70,B*18:01:01:02,B*18:01,True,B
HLA07679_HLA01532,B*18:70,B*18:70,B*18:17N,B*18:17N,True,B
HLA07680_HLA00291,B*40:185,B*40:185,B*40:01:01,B*40:01,True,B
HLA07681_HLA00292,B*40:186,B*40:186,B*40:01:02,B*40:01,True,B
HLA07682_HLA00291,B*40:187,B*40:187,B*40:01:01,B*40:01,True,B
HLA07683_HLA00329,B*45:14,B*45:14,B*45:01,B*45:01,True,B
HLA07684_HLA00291,B*40:188,B*40:188,B*40:01:01,B*40:01,True,B
HLA07685_HLA00293,B*40:189,B*40:189,B*40:02:01,B*40:02,True,B
HLA07686_HLA00297,B*40:190,B*40:190,B*40:06:01:01,B*40:06,True,B
HLA07686_HLA01430,B*40:190,B*40:190,B*40:06:01:02,B*40:06,True,B
HLA07687_HLA00293,B*40:02:14,B*40:02,B*40:02:01,B*40:02,True,B
HLA07688_HLA00293,B*40:02:15,B*40:02,B*40:02:01,B*40:02,True,B
HLA07689_HLA00225,B*27:89,B*27:89,B*27:05:02,B*27:05,True,B
HLA07690_HLA00265,B*37:33N,B*37:33N,B*37:01:01,B*37:01,True,B
HLA07691_HLA00213,B*18:01:16,B*18:01,B*18:01:01:01,B*18:01,True,B
HLA07691_HLA07768,B*18:01:16,B*18:01,B*18:01:01:02,B*18:01,True,B
HLA07691_HLA01532,B*18:01:16,B*18:01,B*18:17N,B*18:17N,True,B
HLA07692_HLA00239,B*35:193,B*35:193,B*35:03:01,B*35:03,True,B
HLA07693_HLA00153,B*13:53,B*13:53,B*13:02:01,B*13:02,True,B
HLA07694_HLA00153,B*13:54,B*13:54,B*13:02:01,B*13:02,True,B
HLA07695_HLA00319,B*44:03:15,B*44:03,B*44:03:01,B*44:03,True,B
HLA07696_HLA00319,B*44:146,B*44:146,B*44:03:01,B*44:03,True,B
HLA07697_HLA00319,B*44:147,B*44:147,B*44:03:01,B*44:03,True,B
HLA07698_HLA00318,B*44:148,B*44:148,B*44:02:01:01,B*44:02,True,B
HLA07698_HLA08401,B*44:148,B*44:148,B*44:02:01:03,B*44:02,True,B
HLA07699_HLA00320,B*44:37:02,B*44:37,B*44:03:02,B*44:03,True,B
HLA07700_HLA00318,B*44:149N,B*44:149N,B*44:02:01:01,B*44:02,True,B
HLA07700_HLA08401,B*44:149N,B*44:149N,B*44:02:01:03,B*44:02,True,B
HLA07701_HLA00237,B*35:194,B*35:194,B*35:01:01:01,B*35:01,True,B
HLA07702_HLA00364,B*53:01:07,B*53:01,B*53:01:01,B*53:01,True,B
HLA07703_HLA00239,B*35:195,B*35:195,B*35:03:01,B*35:03,True,B
HLA07704_HLA00237,B*35:01:31,B*35:01,B*35:01:01:01,B*35:01,True,B
HLA07705_HLA00239,B*35:03:11,B*35:03,B*35:03:01,B*35:03,True,B
HLA07706_HLA00237,B*35:196,B*35:196,B*35:01:01:01,B*35:01,True,B
HLA07707_HLA00362,B*52:01:11,B*52:01,B*52:01:01:01,B*52:01,True,B
HLA07708_HLA00381,B*57:56,B*57:56,B*57:01:01,B*57:01,True,B
HLA07709_HLA00162,B*15:01:28,B*15:01,B*15:01:01:01,B*15:01,True,B
HLA07710_HLA00368,B*55:56,B*55:56,B*55:01:01,B*55:01,True,B
HLA07711_HLA00376,B*56:34,B*56:34,B*56:01:01,B*56:01,True,B
HLA07712_HLA00166,B*15:243,B*15:243,B*15:03:01,B*15:03,True,B
HLA07713_HLA00162,B*15:244,B*15:244,B*15:01:01:01,B*15:01,True,B
HLA07714_HLA00344,B*51:130,B*51:130,B*51:01:01,B*51:01,True,B
HLA07715_HLA00344,B*51:131,B*51:131,B*51:01:01,B*51:01,True,B
HLA07716_HLA00344,B*51:01:34,B*51:01,B*51:01:01,B*51:01,True,B
HLA07717_HLA00158,B*14:31,B*14:31,B*14:02:01,B*14:02,True,B
HLA07718_HLA00267,B*38:39,B*38:39,B*38:01:01,B*38:01,True,B
HLA07719_HLA00237,B*35:197,B*35:197,B*35:01:01:01,B*35:01,True,B
HLA07720_HLA00267,B*38:40,B*38:40,B*38:01:01,B*38:01,True,B
HLA07721_HLA00132,B*07:152,B*07:152,B*07:02:01,B*07:02,True,B
HLA07722_HLA00132,B*07:02:32,B*07:02,B*07:02:01,B*07:02,True,B
HLA07723_HLA00132,B*07:153,B*07:153,B*07:02:01,B*07:02,True,B
HLA07724_HLA00132,B*07:154,B*07:154,B*07:02:01,B*07:02,True,B
HLA07725_HLA00158,B*14:32,B*14:32,B*14:02:01,B*14:02,True,B
HLA07725_HLA02166,B*14:32,B*14:32,B*14:07N,B*14:07N,True,B
HLA07726_HLA00271,B*39:73,B*39:73,B*39:01:01:01,B*39:01,True,B
HLA07727_HLA00267,B*38:01:07,B*38:01,B*38:01:01,B*38:01,True,B
HLA07728_HLA00291,B*40:191,B*40:191,B*40:01:01,B*40:01,True,B
HLA07748_HLA00383,B*57:57,B*57:57,B*57:03:01,B*57:03,True,B
HLA07754_HLA00291,B*40:192,B*40:192,B*40:01:01,B*40:01,True,B
HLA07758_HLA00367,B*54:26,B*54:26,B*54:01:01,B*54:01,True,B
HLA07762_HLA00291,B*40:193,B*40:193,B*40:01:01,B*40:01,True,B
HLA07764_HLA00376,B*56:35,B*56:35,B*56:01:01,B*56:01,True,B
HLA07769_HLA00239,B*35:198,B*35:198,B*35:03:01,B*35:03,True,B
HLA07780_HLA00241,B*35:199,B*35:199,B*35:05:01,B*35:05,True,B
HLA07781_HLA00284,B*39:39:02,B*39:39,B*39:10:01,B*39:10,True,B
HLA07792_HLA00241,B*35:05:03,B*35:05,B*35:05:01,B*35:05,True,B
HLA07796_HLA00237,B*35:200,B*35:200,B*35:01:01:01,B*35:01,True,B
HLA07800_HLA00362,B*52:29,B*52:29,B*52:01:01:01,B*52:01,True,B
HLA07801_HLA00381,B*57:01:13,B*57:01,B*57:01:01,B*57:01,True,B
HLA07808_HLA00318,B*44:151,B*44:151,B*44:02:01:01,B*44:02,True,B
HLA07808_HLA08401,B*44:151,B*44:151,B*44:02:01:03,B*44:02,True,B
HLA07809_HLA00213,B*18:71,B*18:71,B*18:01:01:01,B*18:01,True,B
HLA07809_HLA07768,B*18:71,B*18:71,B*18:01:01:02,B*18:01,True,B
HLA07809_HLA01532,B*18:71,B*18:71,B*18:17N,B*18:17N,True,B
HLA07812_HLA00318,B*44:152,B*44:152,B*44:02:01:01,B*44:02,True,B
HLA07812_HLA08401,B*44:152,B*44:152,B*44:02:01:03,B*44:02,True,B
HLA07823_HLA00362,B*52:28,B*52:28,B*52:01:01:01,B*52:01,True,B
HLA07890_HLA00291,B*40:194,B*40:194,B*40:01:01,B*40:01,True,B
HLA07891_HLA00291,B*40:195,B*40:195,B*40:01:01,B*40:01,True,B
HLA07892_HLA00153,B*13:55,B*13:55,B*13:02:01,B*13:02,True,B
HLA07893_HLA00291,B*40:196,B*40:196,B*40:01:01,B*40:01,True,B
HLA07894_HLA00291,B*40:197,B*40:197,B*40:01:01,B*40:01,True,B
HLA07895_HLA00291,B*40:198,B*40:198,B*40:01:01,B*40:01,True,B
HLA07896_HLA00291,B*40:199,B*40:199,B*40:01:01,B*40:01,True,B
HLA07897_HLA00293,B*40:200,B*40:200,B*40:02:01,B*40:02,True,B
HLA07898_HLA00293,B*40:201,B*40:201,B*40:02:01,B*40:02,True,B
HLA07899_HLA00293,B*40:202,B*40:202,B*40:02:01,B*40:02,True,B
HLA07900_HLA00293,B*40:203,B*40:203,B*40:02:01,B*40:02,True,B
HLA07901_HLA00225,B*27:05:19,B*27:05,B*27:05:02,B*27:05,True,B
HLA07902_HLA00225,B*27:90:01,B*27:90,B*27:05:02,B*27:05,True,B
HLA07903_HLA00227,B*27:91,B*27:91,B*27:06,B*27:06,True,B
HLA07904_HLA00213,B*18:72,B*18:72,B*18:01:01:01,B*18:01,True,B
HLA07904_HLA07768,B*18:72,B*18:72,B*18:01:01:02,B*18:01,True,B
HLA07904_HLA01532,B*18:72,B*18:72,B*18:17N,B*18:17N,True,B
HLA07905_HLA00213,B*18:73,B*18:73,B*18:01:01:01,B*18:01,True,B
HLA07905_HLA07768,B*18:73,B*18:73,B*18:01:01:02,B*18:01,True,B
HLA07905_HLA01532,B*18:73,B*18:73,B*18:17N,B*18:17N,True,B
HLA07906_HLA00213,B*18:74N,B*18:74N,B*18:01:01:01,B*18:01,True,B
HLA07906_HLA07768,B*18:74N,B*18:74N,B*18:01:01:02,B*18:01,True,B
HLA07906_HLA01532,B*18:74N,B*18:74N,B*18:17N,B*18:17N,True,B
HLA07907_HLA00213,B*18:75,B*18:75,B*18:01:01:01,B*18:01,True,B
HLA07907_HLA07768,B*18:75,B*18:75,B*18:01:01:02,B*18:01,True,B
HLA07907_HLA01532,B*18:75,B*18:75,B*18:17N,B*18:17N,True,B
HLA07908_HLA00213,B*18:76,B*18:76,B*18:01:01:01,B*18:01,True,B
HLA07908_HLA07768,B*18:76,B*18:76,B*18:01:01:02,B*18:01,True,B
HLA07908_HLA01532,B*18:76,B*18:76,B*18:17N,B*18:17N,True,B
HLA07909_HLA00213,B*18:01:17,B*18:01,B*18:01:01:01,B*18:01,True,B
HLA07909_HLA07768,B*18:01:17,B*18:01,B*18:01:01:02,B*18:01,True,B
HLA07909_HLA01532,B*18:01:17,B*18:01,B*18:17N,B*18:17N,True,B
HLA07910_HLA00213,B*18:44:02,B*18:44,B*18:01:01:01,B*18:01,True,B
HLA07910_HLA07768,B*18:44:02,B*18:44,B*18:01:01:02,B*18:01,True,B
HLA07910_HLA01532,B*18:44:02,B*18:44,B*18:17N,B*18:17N,True,B
HLA07911_HLA00146,B*08:90,B*08:90,B*08:01:01,B*08:01,True,B
HLA07911_HLA01717,B*08:90,B*08:90,B*08:19N,B*08:19N,True,B
HLA07912_HLA00146,B*08:91,B*08:91,B*08:01:01,B*08:01,True,B
HLA07912_HLA01717,B*08:91,B*08:91,B*08:19N,B*08:19N,True,B
HLA07913_HLA00146,B*08:92,B*08:92,B*08:01:01,B*08:01,True,B
HLA07913_HLA01717,B*08:92,B*08:92,B*08:19N,B*08:19N,True,B
HLA07914_HLA00238,B*35:201,B*35:201,B*35:02:01,B*35:02,True,B
HLA07915_HLA00153,B*13:56N,B*13:56N,B*13:02:01,B*13:02,True,B
HLA07916_HLA00152,B*13:57,B*13:57,B*13:01:01,B*13:01,True,B
HLA07917_HLA00153,B*13:02:13,B*13:02,B*13:02:01,B*13:02,True,B
HLA07918_HLA00162,B*15:245Q,B*15:245Q,B*15:01:01:01,B*15:01,True,B
HLA07919_HLA00291,B*40:204,B*40:204,B*40:01:01,B*40:01,True,B
HLA07920_HLA00293,B*40:205,B*40:205,B*40:02:01,B*40:02,True,B
HLA07921_HLA00293,B*40:206,B*40:206,B*40:02:01,B*40:02,True,B
HLA07927_HLA00237,B*35:202,B*35:202,B*35:01:01:01,B*35:01,True,B
HLA07928_HLA00162,B*15:246N,B*15:246N,B*15:01:01:01,B*15:01,True,B
HLA07931_HLA00265,B*37:34,B*37:34,B*37:01:01,B*37:01,True,B
HLA07932_HLA00225,B*27:92,B*27:92,B*27:05:02,B*27:05,True,B
HLA07939_HLA00237,B*35:203,B*35:203,B*35:01:01:01,B*35:01,True,B
HLA07958_HLA00340,B*49:21,B*49:21,B*49:01:01,B*49:01,True,B
HLA07959_HLA00316,B*42:17,B*42:17,B*42:02,B*42:02,True,B
HLA07960_HLA00345,B*51:132,B*51:132,B*51:01:02,B*51:01,True,B
HLA07961_HLA00331,B*46:31,B*46:31,B*46:01:01,B*46:01,True,B
HLA07962_HLA00291,B*40:207,B*40:207,B*40:01:01,B*40:01,True,B
HLA07963_HLA00367,B*54:27,B*54:27,B*54:01:01,B*54:01,True,B
HLA07964_HLA00344,B*51:133,B*51:133,B*51:01:01,B*51:01,True,B
HLA07966_HLA00367,B*54:01:03,B*54:01,B*54:01:01,B*54:01,True,B
HLA07968_HLA00341,B*50:17,B*50:17,B*50:01:01,B*50:01,True,B
HLA08041_HLA00146,B*08:89,B*08:89,B*08:01:01,B*08:01,True,B
HLA08041_HLA01717,B*08:89,B*08:89,B*08:19N,B*08:19N,True,B
HLA08050_HLA00132,B*07:155,B*07:155,B*07:02:01,B*07:02,True,B
HLA08058_HLA00153,B*13:58,B*13:58,B*13:02:01,B*13:02,True,B
HLA08059_HLA00376,B*56:36,B*56:36,B*56:01:01,B*56:01,True,B
HLA08060_HLA00320,B*44:153,B*44:153,B*44:03:02,B*44:03,True,B
HLA08061_HLA00319,B*44:154,B*44:154,B*44:03:01,B*44:03,True,B
HLA08062_HLA00239,B*35:204,B*35:204,B*35:03:01,B*35:03,True,B
HLA08063_HLA00239,B*35:205,B*35:205,B*35:03:01,B*35:03,True,B
HLA08064_HLA00362,B*52:30,B*52:30,B*52:01:01:01,B*52:01,True,B
HLA08065_HLA00362,B*52:01:12,B*52:01,B*52:01:01:01,B*52:01,True,B
HLA08066_HLA00364,B*53:28,B*53:28,B*53:01:01,B*53:01,True,B
HLA08067_HLA00386,B*58:37,B*58:37,B*58:01:01,B*58:01,True,B
HLA08068_HLA00162,B*15:248,B*15:248,B*15:01:01:01,B*15:01,True,B
HLA08069_HLA00162,B*15:249,B*15:249,B*15:01:01:01,B*15:01,True,B
HLA08070_HLA00188,B*15:250,B*15:250,B*15:25:01,B*15:25,True,B
HLA08071_HLA00162,B*15:01:29,B*15:01,B*15:01:01:01,B*15:01,True,B
HLA08072_HLA00162,B*15:251,B*15:251,B*15:01:01:01,B*15:01,True,B
HLA08073_HLA00381,B*57:58,B*57:58,B*57:01:01,B*57:01,True,B
HLA08074_HLA00173,B*15:252,B*15:252,B*15:10:01,B*15:10,True,B
HLA08075_HLA00166,B*15:253,B*15:253,B*15:03:01,B*15:03,True,B
HLA08076_HLA00344,B*51:134,B*51:134,B*51:01:01,B*51:01,True,B
HLA08077_HLA00344,B*51:135,B*51:135,B*51:01:01,B*51:01,True,B
HLA08078_HLA00344,B*51:136,B*51:136,B*51:01:01,B*51:01,True,B
HLA08089_HLA00319,B*44:03:16,B*44:03,B*44:03:01,B*44:03,True,B
HLA08097_HLA00146,B*08:93,B*08:93,B*08:01:01,B*08:01,True,B
HLA08101_HLA00291,B*40:208,B*40:208,B*40:01:01,B*40:01,True,B
HLA08102_HLA00293,B*40:209,B*40:209,B*40:02:01,B*40:02,True,B
HLA08105_HLA00291,B*40:210,B*40:210,B*40:01:01,B*40:01,True,B
HLA08106_HLA00293,B*40:211,B*40:211,B*40:02:01,B*40:02,True,B
HLA08107_HLA00344,B*51:61:02,B*51:61,B*51:01:01,B*51:01,True,B
HLA08108_HLA00244,B*35:206,B*35:206,B*35:08:01,B*35:08,True,B
HLA08112_HLA00291,B*40:212,B*40:212,B*40:01:01,B*40:01,True,B
HLA08122_HLA00340,B*49:22,B*49:22,B*49:01:01,B*49:01,True,B
HLA08125_HLA00318,B*44:126:02,B*44:126,B*44:02:01:01,B*44:02,True,B
HLA08125_HLA08401,B*44:126:02,B*44:126,B*44:02:01:03,B*44:02,True,B
HLA08130_HLA00344,B*51:137,B*51:137,B*51:01:01,B*51:01,True,B
HLA08131_HLA00319,B*44:155,B*44:155,B*44:03:01,B*44:03,True,B
HLA08132_HLA00318,B*44:05:04,B*44:05,B*44:02:01:01,B*44:02,True,B
HLA08132_HLA08401,B*44:05:04,B*44:05,B*44:02:01:03,B*44:02,True,B
HLA08134_HLA00132,B*07:157,B*07:157,B*07:02:01,B*07:02,True,B
HLA08135_HLA00132,B*07:158,B*07:158,B*07:02:01,B*07:02,True,B
HLA08136_HLA00132,B*07:02:33,B*07:02,B*07:02:01,B*07:02,True,B
HLA08137_HLA00132,B*07:159,B*07:159,B*07:02:01,B*07:02,True,B
HLA08138_HLA00132,B*07:160,B*07:160,B*07:02:01,B*07:02,True,B
HLA08139_HLA00271,B*39:01:13,B*39:01,B*39:01:01:01,B*39:01,True,B
HLA08140_HLA00271,B*39:74,B*39:74,B*39:01:01:01,B*39:01,True,B
HLA08141_HLA00146,B*08:94,B*08:94,B*08:01:01,B*08:01,True,B
HLA08141_HLA01717,B*08:94,B*08:94,B*08:19N,B*08:19N,True,B
HLA08142_HLA00271,B*39:75,B*39:75,B*39:01:01:01,B*39:01,True,B
HLA08143_HLA00335,B*48:28,B*48:28,B*48:01:01,B*48:01,True,B
HLA08144_HLA00179,B*15:254,B*15:254,B*15:16:01,B*15:16,True,B
HLA08247_HLA00331,B*46:33,B*46:33,B*46:01:01,B*46:01,True,B
HLA08283_HLA00271,B*39:01:14,B*39:01,B*39:01:01:01,B*39:01,True,B
HLA08287_HLA00293,B*40:214,B*40:214,B*40:02:01,B*40:02,True,B
HLA08290_HLA00312,B*41:21,B*41:21,B*41:01,B*41:01,True,B
HLA08294_HLA00381,B*57:59,B*57:59,B*57:01:01,B*57:01,True,B
HLA08296_HLA00291,B*40:215,B*40:215,B*40:01:01,B*40:01,True,B
HLA08297_HLA00369,B*55:57,B*55:57,B*55:02:01,B*55:02,True,B
HLA08301_HLA00291,B*40:01:26,B*40:01,B*40:01:01,B*40:01,True,B
HLA08302_HLA00291,B*40:216N,B*40:216N,B*40:01:01,B*40:01,True,B
HLA08305_HLA00132,B*07:162,B*07:162,B*07:02:01,B*07:02,True,B
HLA08311_HLA00158,B*14:02:07,B*14:02,B*14:02:01,B*14:02,True,B
HLA08314_HLA00331,B*46:32,B*46:32,B*46:01:01,B*46:01,True,B
HLA08315_HLA00291,B*40:213,B*40:213,B*40:01:01,B*40:01,True,B
HLA08316_HLA00237,B*35:207,B*35:207,B*35:01:01:01,B*35:01,True,B
HLA08317_HLA00237,B*35:64:02,B*35:64,B*35:01:01:01,B*35:01,True,B
HLA08319_HLA00237,B*35:208,B*35:208,B*35:01:01:01,B*35:01,True,B
HLA08321_HLA00166,B*15:255,B*15:255,B*15:03:01,B*15:03,True,B
HLA08321_HLA00378,B*15:255,B*15:255,B*56:03,B*56:03,True,B
HLA08322_HLA00271,B*39:76,B*39:76,B*39:01:01:01,B*39:01,True,B
HLA08323_HLA00291,B*40:217,B*40:217,B*40:01:01,B*40:01,True,B
HLA08324_HLA00340,B*49:23,B*49:23,B*49:01:01,B*49:01,True,B
HLA08325_HLA00291,B*40:160:02,B*40:160,B*40:01:01,B*40:01,True,B
HLA08326_HLA00291,B*40:218,B*40:218,B*40:01:01,B*40:01,True,B
HLA08327_HLA00225,B*27:93,B*27:93,B*27:05:02,B*27:05,True,B
HLA08328_HLA00293,B*40:02:16,B*40:02,B*40:02:01,B*40:02,True,B
HLA08329_HLA00228,B*27:07:03,B*27:07,B*27:07:01,B*27:07,True,B
HLA08330_HLA00225,B*27:94N,B*27:94N,B*27:05:02,B*27:05,True,B
HLA08331_HLA00225,B*27:95,B*27:95,B*27:05:02,B*27:05,True,B
HLA08332_HLA00225,B*27:96,B*27:96,B*27:05:02,B*27:05,True,B
HLA08333_HLA00265,B*37:01:09,B*37:01,B*37:01:01,B*37:01,True,B
HLA08334_HLA00265,B*37:35,B*37:35,B*37:01:01,B*37:01,True,B
HLA08335_HLA00213,B*18:77,B*18:77,B*18:01:01:01,B*18:01,True,B
HLA08335_HLA07768,B*18:77,B*18:77,B*18:01:01:02,B*18:01,True,B
HLA08335_HLA01532,B*18:77,B*18:77,B*18:17N,B*18:17N,True,B
HLA08336_HLA00213,B*18:78,B*18:78,B*18:01:01:01,B*18:01,True,B
HLA08336_HLA07768,B*18:78,B*18:78,B*18:01:01:02,B*18:01,True,B
HLA08336_HLA01532,B*18:78,B*18:78,B*18:17N,B*18:17N,True,B
HLA08337_HLA00265,B*37:36,B*37:36,B*37:01:01,B*37:01,True,B
HLA08338_HLA00146,B*08:56:02,B*08:56,B*08:01:01,B*08:01,True,B
HLA08338_HLA01717,B*08:56:02,B*08:56,B*08:19N,B*08:19N,True,B
HLA08339_HLA00146,B*08:95,B*08:95,B*08:01:01,B*08:01,True,B
HLA08339_HLA01717,B*08:95,B*08:95,B*08:19N,B*08:19N,True,B
HLA08340_HLA00146,B*08:96,B*08:96,B*08:01:01,B*08:01,True,B
HLA08340_HLA01717,B*08:96,B*08:96,B*08:19N,B*08:19N,True,B
HLA08341_HLA00146,B*08:01:18,B*08:01,B*08:01:01,B*08:01,True,B
HLA08341_HLA01717,B*08:01:18,B*08:01,B*08:19N,B*08:19N,True,B
HLA08342_HLA00319,B*44:156,B*44:156,B*44:03:01,B*44:03,True,B
HLA08343_HLA00146,B*08:97,B*08:97,B*08:01:01,B*08:01,True,B
HLA08343_HLA01717,B*08:97,B*08:97,B*08:19N,B*08:19N,True,B
HLA08344_HLA00237,B*35:209,B*35:209,B*35:01:01:01,B*35:01,True,B
HLA08345_HLA00153,B*13:59,B*13:59,B*13:02:01,B*13:02,True,B
HLA08346_HLA00153,B*13:02:14,B*13:02,B*13:02:01,B*13:02,True,B
HLA08347_HLA00153,B*13:02:15,B*13:02,B*13:02:01,B*13:02,True,B
HLA08348_HLA00319,B*44:157,B*44:157,B*44:03:01,B*44:03,True,B
HLA08349_HLA00318,B*44:158,B*44:158,B*44:02:01:01,B*44:02,True,B
HLA08349_HLA08401,B*44:158,B*44:158,B*44:02:01:03,B*44:02,True,B
HLA08350_HLA00319,B*44:03:17,B*44:03,B*44:03:01,B*44:03,True,B
HLA08351_HLA00319,B*44:159,B*44:159,B*44:03:01,B*44:03,True,B
HLA08352_HLA00319,B*44:03:18,B*44:03,B*44:03:01,B*44:03,True,B
HLA08353_HLA01510,B*40:219,B*40:219,B*40:40,B*40:40,True,B
HLA08354_HLA00237,B*35:210,B*35:210,B*35:01:01:01,B*35:01,True,B
HLA08355_HLA00364,B*53:29,B*53:29,B*53:01:01,B*53:01,True,B
HLA08356_HLA00238,B*35:211,B*35:211,B*35:02:01,B*35:02,True,B
HLA08357_HLA00237,B*35:01:34,B*35:01,B*35:01:01:01,B*35:01,True,B
HLA08358_HLA00237,B*35:01:32,B*35:01,B*35:01:01:01,B*35:01,True,B
HLA08359_HLA01741,B*35:213,B*35:213,B*35:14:02,B*35:14,True,B
HLA08360_HLA00237,B*35:214,B*35:214,B*35:01:01:01,B*35:01,True,B
HLA08361_HLA00237,B*35:215,B*35:215,B*35:01:01:01,B*35:01,True,B
HLA08362_HLA00237,B*35:216N,B*35:216N,B*35:01:01:01,B*35:01,True,B
HLA08363_HLA00362,B*52:31,B*52:31,B*52:01:01:01,B*52:01,True,B
HLA08364_HLA00362,B*52:01:13,B*52:01,B*52:01:01:01,B*52:01,True,B
HLA08365_HLA00386,B*58:38,B*58:38,B*58:01:01,B*58:01,True,B
HLA08366_HLA00362,B*52:01:14,B*52:01,B*52:01:01:01,B*52:01,True,B
HLA08367_HLA00386,B*58:39N,B*58:39N,B*58:01:01,B*58:01,True,B
HLA08368_HLA00162,B*15:256,B*15:256,B*15:01:01:01,B*15:01,True,B
HLA08369_HLA00162,B*15:01:30,B*15:01,B*15:01:01:01,B*15:01,True,B
HLA08370_HLA00381,B*57:01:14,B*57:01,B*57:01:01,B*57:01,True,B
HLA08371_HLA00381,B*57:60,B*57:60,B*57:01:01,B*57:01,True,B
HLA08372_HLA00181,B*15:18:05,B*15:18,B*15:18:01,B*15:18,True,B
HLA08373_HLA00181,B*15:64:02,B*15:64,B*15:18:01,B*15:18,True,B
HLA08374_HLA00344,B*51:138,B*51:138,B*51:01:01,B*51:01,True,B
HLA08375_HLA00344,B*51:139,B*51:139,B*51:01:01,B*51:01,True,B
HLA08375_HLA02558,B*51:139,B*51:139,B*51:42,B*51:42,True,B
HLA08375_HLA00364,B*51:139,B*51:139,B*53:01:01,B*53:01,True,B
HLA08376_HLA00158,B*14:33,B*14:33,B*14:02:01,B*14:02,True,B
HLA08377_HLA00344,B*51:140,B*51:140,B*51:01:01,B*51:01,True,B
HLA08378_HLA00237,B*48:02:03,B*48:02,B*35:01:01:01,B*35:01,True,B
HLA08379_HLA00132,B*07:02:34,B*07:02,B*07:02:01,B*07:02,True,B
HLA08380_HLA00132,B*07:163,B*07:163,B*07:02:01,B*07:02,True,B
HLA08381_HLA00132,B*07:164,B*07:164,B*07:02:01,B*07:02,True,B
HLA08382_HLA00132,B*07:165,B*07:165,B*07:02:01,B*07:02,True,B
HLA08383_HLA00132,B*07:166,B*07:166,B*07:02:01,B*07:02,True,B
HLA08384_HLA00132,B*07:167N,B*07:167N,B*07:02:01,B*07:02,True,B
HLA08385_HLA00132,B*07:02:35,B*07:02,B*07:02:01,B*07:02,True,B
HLA08386_HLA00132,B*07:168,B*07:168,B*07:02:01,B*07:02,True,B
HLA08387_HLA00398,B*81:06,B*81:06,B*81:01,B*81:01,True,B
HLA08388_HLA00271,B*39:40:02N,B*39:40,B*39:01:01:01,B*39:01,True,B
HLA08389_HLA02584,B*38:41,B*38:41,B*38:14,B*38:14,True,B
HLA08390_HLA00267,B*38:42,B*38:42,B*38:01:01,B*38:01,True,B
HLA08391_HLA00344,B*51:141,B*51:141,B*51:01:01,B*51:01,True,B
HLA08392_HLA00213,B*18:79,B*18:79,B*18:01:01:01,B*18:01,True,B
HLA08392_HLA07768,B*18:79,B*18:79,B*18:01:01:02,B*18:01,True,B
HLA08392_HLA01532,B*18:79,B*18:79,B*18:17N,B*18:17N,True,B
HLA08393_HLA00237,B*35:11:03,B*35:11,B*35:01:01:01,B*35:01,True,B
HLA08394_HLA00315,B*42:01:03,B*42:01,B*42:01:01,B*42:01,True,B
HLA08396_HLA00293,B*40:220,B*40:220,B*40:02:01,B*40:02,True,B
HLA08397_HLA00237,B*35:212,B*35:212,B*35:01:01:01,B*35:01,True,B
HLA08398_HLA00331,B*46:35,B*46:35,B*46:01:01,B*46:01,True,B
HLA08403_HLA00213,B*18:80,B*18:80,B*18:01:01:01,B*18:01,True,B
HLA08403_HLA07768,B*18:80,B*18:80,B*18:01:01:02,B*18:01,True,B
HLA08403_HLA01532,B*18:80,B*18:80,B*18:17N,B*18:17N,True,B
HLA08405_HLA00162,B*15:257,B*15:257,B*15:01:01:01,B*15:01,True,B
HLA08406_HLA00386,B*58:01:12,B*58:01,B*58:01:01,B*58:01,True,B
HLA08409_HLA00162,B*15:258N,B*15:258N,B*15:01:01:01,B*15:01,True,B
HLA08417_HLA00166,B*15:259,B*15:259,B*15:03:01,B*15:03,True,B
HLA08432_HLA00319,B*44:160Q,B*44:160Q,B*44:03:01,B*44:03,True,B
HLA08434_HLA00362,B*52:01:15,B*52:01,B*52:01:01:01,B*52:01,True,B
HLA08435_HLA00237,B*35:01:33,B*35:01,B*35:01:01:01,B*35:01,True,B
HLA08436_HLA00346,B*51:143,B*51:143,B*51:02:01,B*51:02,True,B
HLA08439_HLA00291,B*40:01:27,B*40:01,B*40:01:01,B*40:01,True,B
HLA08469_HLA00271,B*39:78,B*39:78,B*39:01:01:01,B*39:01,True,B
HLA08470_HLA00132,B*07:170,B*07:170,B*07:02:01,B*07:02,True,B
HLA08471_HLA00320,B*44:03:19,B*44:03,B*44:03:02,B*44:03,True,B
HLA08472_HLA00225,B*27:97,B*27:97,B*27:05:02,B*27:05,True,B
HLA08499_HLA00237,B*35:217,B*35:217,B*35:01:01:01,B*35:01,True,B
HLA08500_HLA00291,B*40:01:28,B*40:01,B*40:01:01,B*40:01,True,B
HLA08501_HLA00291,B*40:01:29,B*40:01,B*40:01:01,B*40:01,True,B
HLA08502_HLA00312,B*41:22,B*41:22,B*41:01,B*41:01,True,B
HLA08503_HLA00293,B*40:02:17,B*40:02,B*40:02:01,B*40:02,True,B
HLA08504_HLA00225,B*27:98,B*27:98,B*27:05:02,B*27:05,True,B
HLA08505_HLA00225,B*27:90:02,B*27:90,B*27:05:02,B*27:05,True,B
HLA08506_HLA00213,B*18:82,B*18:82,B*18:01:01:01,B*18:01,True,B
HLA08506_HLA07768,B*18:82,B*18:82,B*18:01:01:02,B*18:01,True,B
HLA08506_HLA01532,B*18:82,B*18:82,B*18:17N,B*18:17N,True,B
HLA08507_HLA00237,B*35:218,B*35:218,B*35:01:01:01,B*35:01,True,B
HLA08508_HLA00146,B*08:98,B*08:98,B*08:01:01,B*08:01,True,B
HLA08508_HLA01717,B*08:98,B*08:98,B*08:19N,B*08:19N,True,B
HLA08509_HLA00146,B*08:99,B*08:99,B*08:01:01,B*08:01,True,B
HLA08509_HLA01717,B*08:99,B*08:99,B*08:19N,B*08:19N,True,B
HLA08510_HLA00146,B*08:100,B*08:100,B*08:01:01,B*08:01,True,B
HLA08510_HLA01717,B*08:100,B*08:100,B*08:19N,B*08:19N,True,B
HLA08511_HLA00319,B*44:161,B*44:161,B*44:03:01,B*44:03,True,B
HLA08512_HLA00244,B*35:08:06,B*35:08,B*35:08:01,B*35:08,True,B
HLA08513_HLA00237,B*35:01:35,B*35:01,B*35:01:01:01,B*35:01,True,B
HLA08514_HLA00162,B*15:260,B*15:260,B*15:01:01:01,B*15:01,True,B
HLA08515_HLA00162,B*15:261,B*15:261,B*15:01:01:01,B*15:01,True,B
HLA08516_HLA00376,B*56:37,B*56:37,B*56:01:01,B*56:01,True,B
HLA08517_HLA00318,B*44:34:02,B*44:34,B*44:02:01:01,B*44:02,True,B
HLA08517_HLA08401,B*44:34:02,B*44:34,B*44:02:01:03,B*44:02,True,B
HLA08518_HLA00376,B*56:38N,B*56:38N,B*56:01:01,B*56:01,True,B
HLA08519_HLA00318,B*44:02:26,B*44:02,B*44:02:01:01,B*44:02,True,B
HLA08519_HLA08401,B*44:02:26,B*44:02,B*44:02:01:03,B*44:02,True,B
HLA08520_HLA00132,B*07:171,B*07:171,B*07:02:01,B*07:02,True,B
HLA08521_HLA00132,B*07:172,B*07:172,B*07:02:01,B*07:02,True,B
HLA08522_HLA00132,B*07:173,B*07:173,B*07:02:01,B*07:02,True,B
HLA08523_HLA00132,B*07:174,B*07:174,B*07:02:01,B*07:02,True,B
HLA08524_HLA00271,B*39:79,B*39:79,B*39:01:01:01,B*39:01,True,B
HLA08525_HLA00344,B*51:01:36,B*51:01,B*51:01:01,B*51:01,True,B
HLA08559_HLA00341,B*50:18,B*50:18,B*50:01:01,B*50:01,True,B
HLA08563_HLA00331,B*46:37,B*46:37,B*46:01:01,B*46:01,True,B
HLA08567_HLA00132,B*07:175,B*07:175,B*07:02:01,B*07:02,True,B
HLA08568_HLA00345,B*51:144,B*51:144,B*51:01:02,B*51:01,True,B
HLA08572_HLA00268,B*38:02:04,B*38:02,B*38:02:01,B*38:02,True,B
HLA08573_HLA00152,B*13:60,B*13:60,B*13:01:01,B*13:01,True,B
HLA08575_HLA00344,B*51:01:37,B*51:01,B*51:01:01,B*51:01,True,B
HLA08576_HLA00367,B*54:28,B*54:28,B*54:01:01,B*54:01,True,B
HLA08577_HLA00291,B*40:222,B*40:222,B*40:01:01,B*40:01,True,B
HLA08578_HLA00162,B*15:262N,B*15:262N,B*15:01:01:01,B*15:01,True,B
HLA08579_HLA00291,B*40:223,B*40:223,B*40:01:01,B*40:01,True,B
HLA08581_HLA00146,B*08:101,B*08:101,B*08:01:01,B*08:01,True,B
HLA08587_HLA00331,B*46:36,B*46:36,B*46:01:01,B*46:01,True,B
HLA08594_HLA00297,B*40:06:06,B*40:06,B*40:06:01:01,B*40:06,True,B
HLA08594_HLA01430,B*40:06:06,B*40:06,B*40:06:01:02,B*40:06,True,B
HLA08597_HLA00271,B*39:01:15,B*39:01,B*39:01:01:01,B*39:01,True,B
HLA08606_HLA00340,B*49:24,B*49:24,B*49:01:01,B*49:01,True,B
HLA08653_HLA00344,B*51:145,B*51:145,B*51:01:01,B*51:01,True,B
HLA08654_HLA00312,B*41:23,B*41:23,B*41:01,B*41:01,True,B
HLA08655_HLA00312,B*41:24,B*41:24,B*41:01,B*41:01,True,B
HLA08656_HLA00341,B*50:19,B*50:19,B*50:01:01,B*50:01,True,B
HLA08657_HLA00312,B*41:25,B*41:25,B*41:01,B*41:01,True,B
HLA08658_HLA00293,B*40:224,B*40:224,B*40:02:01,B*40:02,True,B
HLA08659_HLA00293,B*40:225,B*40:225,B*40:02:01,B*40:02,True,B
HLA08660_HLA00293,B*40:226,B*40:226,B*40:02:01,B*40:02,True,B
HLA08661_HLA00225,B*27:05:20,B*27:05,B*27:05:02,B*27:05,True,B
HLA08662_HLA00225,B*27:99,B*27:99,B*27:05:02,B*27:05,True,B
HLA08663_HLA00213,B*18:83,B*18:83,B*18:01:01:01,B*18:01,True,B
HLA08663_HLA07768,B*18:83,B*18:83,B*18:01:01:02,B*18:01,True,B
HLA08663_HLA01532,B*18:83,B*18:83,B*18:17N,B*18:17N,True,B
HLA08664_HLA00213,B*18:01:18,B*18:01,B*18:01:01:01,B*18:01,True,B
HLA08664_HLA07768,B*18:01:18,B*18:01,B*18:01:01:02,B*18:01,True,B
HLA08664_HLA01532,B*18:01:18,B*18:01,B*18:17N,B*18:17N,True,B
HLA08665_HLA00146,B*08:01:19,B*08:01,B*08:01:01,B*08:01,True,B
HLA08665_HLA01717,B*08:01:19,B*08:01,B*08:19N,B*08:19N,True,B
HLA08666_HLA00146,B*08:102,B*08:102,B*08:01:01,B*08:01,True,B
HLA08666_HLA01717,B*08:102,B*08:102,B*08:19N,B*08:19N,True,B
HLA08667_HLA00146,B*08:53:02,B*08:53,B*08:01:01,B*08:01,True,B
HLA08667_HLA01717,B*08:53:02,B*08:53,B*08:19N,B*08:19N,True,B
HLA08668_HLA00146,B*08:103,B*08:103,B*08:01:01,B*08:01,True,B
HLA08668_HLA01717,B*08:103,B*08:103,B*08:19N,B*08:19N,True,B
HLA08669_HLA00146,B*08:104,B*08:104,B*08:01:01,B*08:01,True,B
HLA08669_HLA01717,B*08:104,B*08:104,B*08:19N,B*08:19N,True,B
HLA08670_HLA00340,B*49:25,B*49:25,B*49:01:01,B*49:01,True,B
HLA08671_HLA02389,B*13:62,B*13:62,B*13:15,B*13:15,True,B
HLA08672_HLA00318,B*44:162,B*44:162,B*44:02:01:01,B*44:02,True,B
HLA08672_HLA08401,B*44:162,B*44:162,B*44:02:01:03,B*44:02,True,B
HLA08673_HLA00318,B*44:59:02,B*44:59,B*44:02:01:01,B*44:02,True,B
HLA08673_HLA08401,B*44:59:02,B*44:59,B*44:02:01:03,B*44:02,True,B
HLA08674_HLA00321,B*44:163,B*44:163,B*44:04,B*44:04,True,B
HLA08675_HLA00362,B*52:01:16,B*52:01,B*52:01:01:01,B*52:01,True,B
HLA08676_HLA00237,B*35:01:36,B*35:01,B*35:01:01:01,B*35:01,True,B
HLA08677_HLA00239,B*35:03:12,B*35:03,B*35:03:01,B*35:03,True,B
HLA08678_HLA00162,B*15:01:31,B*15:01,B*15:01:01:01,B*15:01,True,B
HLA08679_HLA00368,B*55:01:10,B*55:01,B*55:01:01,B*55:01,True,B
HLA08680_HLA00344,B*51:01:38,B*51:01,B*51:01:01,B*51:01,True,B
HLA08681_HLA00346,B*51:146,B*51:146,B*51:02:01,B*51:02,True,B
HLA08682_HLA00344,B*51:147,B*51:147,B*51:01:01,B*51:01,True,B
HLA08683_HLA00319,B*44:164,B*44:164,B*44:03:01,B*44:03,True,B
HLA08684_HLA00137,B*07:176,B*07:176,B*07:05:01,B*07:05,True,B
HLA08685_HLA00132,B*07:02:36,B*07:02,B*07:02:01,B*07:02,True,B
HLA08686_HLA00132,B*07:02:37,B*07:02,B*07:02:01,B*07:02,True,B
HLA08687_HLA00319,B*44:165,B*44:165,B*44:03:01,B*44:03,True,B
HLA08779_HLA00265,B*37:37,B*37:37,B*37:01:01,B*37:01,True,B
HLA08780_HLA02558,B*51:148,B*51:148,B*51:42,B*51:42,True,B
HLA08780_HLA00364,B*51:148,B*51:148,B*53:01:01,B*53:01,True,B
HLA08782_HLA00244,B*35:61:02,B*35:61,B*35:08:01,B*35:08,True,B
HLA08783_HLA00162,B*15:264,B*15:264,B*15:01:01:01,B*15:01,True,B
HLA08784_HLA00146,B*08:105,B*08:105,B*08:01:01,B*08:01,True,B
HLA08784_HLA01717,B*08:105,B*08:105,B*08:19N,B*08:19N,True,B
HLA08785_HLA00237,B*35:219,B*35:219,B*35:01:01:01,B*35:01,True,B
HLA08790_HLA00152,B*13:63N,B*13:63N,B*13:01:01,B*13:01,True,B
HLA08809_HLA00318,B*44:166,B*44:166,B*44:02:01:01,B*44:02,True,B
HLA08809_HLA08401,B*44:166,B*44:166,B*44:02:01:03,B*44:02,True,B
HLA08879_HLA00291,B*40:227,B*40:227,B*40:01:01,B*40:01,True,B
HLA08880_HLA00344,B*51:01:39,B*51:01,B*51:01:01,B*51:01,True,B
HLA08884_HLA00291,B*40:228,B*40:228,B*40:01:01,B*40:01,True,B
HLA08894_HLA00341,B*50:20,B*50:20,B*50:01:01,B*50:01,True,B
HLA08901_HLA00335,B*48:01:04,B*48:01,B*48:01:01,B*48:01,True,B
HLA08902_HLA00152,B*13:12:02,B*13:12,B*13:01:01,B*13:01,True,B
HLA08903_HLA00335,B*48:29,B*48:29,B*48:01:01,B*48:01,True,B
HLA08907_HLA00166,B*15:03:04,B*15:03,B*15:03:01,B*15:03,True,B
HLA08910_HLA00344,B*51:149N,B*51:149N,B*51:01:01,B*51:01,True,B
HLA08911_HLA00223,B*27:100,B*27:100,B*27:04:01,B*27:04,True,B
HLA08926_HLA00165,B*15:265,B*15:265,B*15:02:01,B*15:02,True,B
HLA08927_HLA00381,B*57:61,B*57:61,B*57:01:01,B*57:01,True,B
HLA08931_HLA00297,B*40:230,B*40:230,B*40:06:01:01,B*40:06,True,B
HLA08931_HLA01430,B*40:230,B*40:230,B*40:06:01:02,B*40:06,True,B
HLA08934_HLA00132,B*07:177,B*07:177,B*07:02:01,B*07:02,True,B
HLA08936_HLA00213,B*18:84,B*18:84,B*18:01:01:01,B*18:01,True,B
HLA08936_HLA07768,B*18:84,B*18:84,B*18:01:01:02,B*18:01,True,B
HLA08936_HLA01532,B*18:84,B*18:84,B*18:17N,B*18:17N,True,B
HLA08937_HLA00319,B*44:167,B*44:167,B*44:03:01,B*44:03,True,B
HLA08962_HLA00368,B*55:58,B*55:58,B*55:01:01,B*55:01,True,B
HLA08975_HLA00312,B*41:26,B*41:26,B*41:01,B*41:01,True,B
HLA08976_HLA00291,B*40:231,B*40:231,B*40:01:01,B*40:01,True,B
HLA08977_HLA00341,B*50:31,B*50:31,B*50:01:01,B*50:01,True,B
HLA08978_HLA00293,B*40:232,B*40:232,B*40:02:01,B*40:02,True,B
HLA08979_HLA00225,B*27:05:21,B*27:05,B*27:05:02,B*27:05,True,B
HLA08980_HLA00225,B*27:05:22,B*27:05,B*27:05:02,B*27:05,True,B
HLA08981_HLA00316,B*42:18,B*42:18,B*42:02,B*42:02,True,B
HLA08982_HLA00213,B*18:85,B*18:85,B*18:01:01:01,B*18:01,True,B
HLA08982_HLA07768,B*18:85,B*18:85,B*18:01:01:02,B*18:01,True,B
HLA08982_HLA01532,B*18:85,B*18:85,B*18:17N,B*18:17N,True,B
HLA08983_HLA00146,B*08:59:02,B*08:59,B*08:01:01,B*08:01,True,B
HLA08983_HLA01717,B*08:59:02,B*08:59,B*08:19N,B*08:19N,True,B
HLA08984_HLA00318,B*44:168,B*44:168,B*44:02:01:01,B*44:02,True,B
HLA08984_HLA08401,B*44:168,B*44:168,B*44:02:01:03,B*44:02,True,B
HLA08985_HLA00318,B*44:169,B*44:169,B*44:02:01:01,B*44:02,True,B
HLA08985_HLA08401,B*44:169,B*44:169,B*44:02:01:03,B*44:02,True,B
HLA08986_HLA00318,B*44:170,B*44:170,B*44:02:01:01,B*44:02,True,B
HLA08986_HLA08401,B*44:170,B*44:170,B*44:02:01:03,B*44:02,True,B
HLA08987_HLA00318,B*44:171N,B*44:171N,B*44:02:01:01,B*44:02,True,B
HLA08987_HLA08401,B*44:171N,B*44:171N,B*44:02:01:03,B*44:02,True,B
HLA08988_HLA00318,B*44:172,B*44:172,B*44:02:01:01,B*44:02,True,B
HLA08988_HLA08401,B*44:172,B*44:172,B*44:02:01:03,B*44:02,True,B
HLA08989_HLA00362,B*52:01:17,B*52:01,B*52:01:01:01,B*52:01,True,B
HLA08990_HLA00239,B*35:221,B*35:221,B*35:03:01,B*35:03,True,B
HLA08991_HLA00237,B*35:222,B*35:222,B*35:01:01:01,B*35:01,True,B
HLA08992_HLA00237,B*35:01:37,B*35:01,B*35:01:01:01,B*35:01,True,B
HLA08993_HLA00239,B*35:223,B*35:223,B*35:03:01,B*35:03,True,B
HLA08994_HLA00237,B*35:224,B*35:224,B*35:01:01:01,B*35:01,True,B
HLA08995_HLA00386,B*58:40,B*58:40,B*58:01:01,B*58:01,True,B
HLA08996_HLA02676,B*15:268,B*15:268,B*57:11,B*57:11,True,B
HLA08997_HLA00381,B*57:62,B*57:62,B*57:01:01,B*57:01,True,B
HLA08998_HLA00376,B*56:01:05,B*56:01,B*56:01:01,B*56:01,True,B
HLA08999_HLA00376,B*56:39,B*56:39,B*56:01:01,B*56:01,True,B
HLA09000_HLA00166,B*15:266,B*15:266,B*15:03:01,B*15:03,True,B
HLA09001_HLA00344,B*51:150,B*51:150,B*51:01:01,B*51:01,True,B
HLA09002_HLA00344,B*51:01:40,B*51:01,B*51:01:01,B*51:01,True,B
HLA09003_HLA00244,B*35:225,B*35:225,B*35:08:01,B*35:08,True,B
HLA09004_HLA00158,B*14:02:08,B*14:02,B*14:02:01,B*14:02,True,B
HLA09005_HLA00132,B*07:178,B*07:178,B*07:02:01,B*07:02,True,B
HLA09006_HLA00132,B*07:02:38,B*07:02,B*07:02:01,B*07:02,True,B
HLA09007_HLA00132,B*07:179,B*07:179,B*07:02:01,B*07:02,True,B
HLA09008_HLA02560,B*07:180,B*07:180,B*07:50,B*07:50,True,B
HLA09009_HLA00132,B*07:181N,B*07:181N,B*07:02:01,B*07:02,True,B
HLA09010_HLA00271,B*39:80,B*39:80,B*39:01:01:01,B*39:01,True,B
HLA09011_HLA00271,B*39:81,B*39:81,B*39:01:01:01,B*39:01,True,B
HLA09074_HLA00162,B*15:267,B*15:267,B*15:01:01:01,B*15:01,True,B
HLA09077_HLA00213,B*18:86,B*18:86,B*18:01:01:01,B*18:01,True,B
HLA09077_HLA07768,B*18:86,B*18:86,B*18:01:01:02,B*18:01,True,B
HLA09077_HLA01532,B*18:86,B*18:86,B*18:17N,B*18:17N,True,B
HLA09084_HLA00364,B*53:01:08,B*53:01,B*53:01:01,B*53:01,True,B
HLA09087_HLA00335,B*48:30,B*48:30,B*48:01:01,B*48:01,True,B
HLA09098_HLA00237,B*35:226,B*35:226,B*35:01:01:01,B*35:01,True,B
HLA09101_HLA00291,B*40:233,B*40:233,B*40:01:01,B*40:01,True,B
HLA09112_HLA00146,B*08:106,B*08:106,B*08:01:01,B*08:01,True,B
HLA09112_HLA01717,B*08:106,B*08:106,B*08:19N,B*08:19N,True,B
HLA09116_HLA00137,B*07:182N,B*07:182N,B*07:05:01,B*07:05,True,B
HLA09120_HLA00162,B*15:269,B*15:269,B*15:01:01:01,B*15:01,True,B
HLA09131_HLA00268,B*38:43,B*38:43,B*38:02:01,B*38:02,True,B
HLA09138_HLA00367,B*54:01:04,B*54:01,B*54:01:01,B*54:01,True,B
HLA09153_HLA00297,B*40:06:07,B*40:06,B*40:06:01:01,B*40:06,True,B
HLA09153_HLA01430,B*40:06:07,B*40:06,B*40:06:01:02,B*40:06,True,B
HLA09154_HLA00344,B*51:01:41,B*51:01,B*51:01:01,B*51:01,True,B
HLA09155_HLA00153,B*13:64,B*13:64,B*13:02:01,B*13:02,True,B
HLA09167_HLA00340,B*49:26,B*49:26,B*49:01:01,B*49:01,True,B
HLA09169_HLA00318,B*44:173,B*44:173,B*44:02:01:01,B*44:02,True,B
HLA09169_HLA08401,B*44:173,B*44:173,B*44:02:01:03,B*44:02,True,B
HLA09172_HLA00132,B*07:183,B*07:183,B*07:02:01,B*07:02,True,B
HLA09173_HLA00271,B*39:82,B*39:82,B*39:01:01:01,B*39:01,True,B
HLA09174_HLA00158,B*14:01:03,B*14:01,B*14:02:01,B*14:02,True,B
HLA09174_HLA02166,B*14:01:03,B*14:01,B*14:07N,B*14:07N,True,B
HLA09175_HLA00162,B*15:01:32,B*15:01,B*15:01:01:01,B*15:01,True,B
HLA09302_HLA00386,B*58:41,B*58:41,B*58:01:01,B*58:01,True,B
HLA09303_HLA00383,B*57:63,B*57:63,B*57:03:01,B*57:03,True,B
HLA09305_HLA00319,B*44:174,B*44:174,B*44:03:01,B*44:03,True,B
HLA09307_HLA00162,B*15:24:02,B*15:24,B*15:01:01:01,B*15:01,True,B
HLA09308_HLA00225,B*27:101,B*27:101,B*27:05:02,B*27:05,True,B
HLA09309_HLA00227,B*27:102,B*27:102,B*27:06,B*27:06,True,B
HLA09310_HLA00312,B*41:27,B*41:27,B*41:01,B*41:01,True,B
HLA09312_HLA00381,B*57:64,B*57:64,B*57:01:01,B*57:01,True,B
HLA09313_HLA00315,B*42:20,B*42:20,B*42:01:01,B*42:01,True,B
HLA09314_HLA00315,B*42:19,B*42:19,B*42:01:01,B*42:01,True,B
HLA09315_HLA00386,B*58:42,B*58:42,B*58:01:01,B*58:01,True,B
HLA09316_HLA00341,B*50:32,B*50:32,B*50:01:01,B*50:01,True,B
HLA09317_HLA00344,B*51:151,B*51:151,B*51:01:01,B*51:01,True,B
HLA09318_HLA00132,B*07:184,B*07:184,B*07:02:01,B*07:02,True,B
HLA09326_HLA00223,B*27:103,B*27:103,B*27:04:01,B*27:04,True,B
HLA09328_HLA00386,B*58:43,B*58:43,B*58:01:01,B*58:01,True,B
HLA09338_HLA00132,B*07:185,B*07:185,B*07:02:01,B*07:02,True,B
HLA09341_HLA00158,B*14:02:09,B*14:02,B*14:02:01,B*14:02,True,B
HLA09345_HLA00213,B*18:87,B*18:87,B*18:01:01:01,B*18:01,True,B
HLA09345_HLA07768,B*18:87,B*18:87,B*18:01:01:02,B*18:01,True,B
HLA09345_HLA01532,B*18:87,B*18:87,B*18:17N,B*18:17N,True,B
HLA09423_HLA00291,B*40:234,B*40:234,B*40:01:01,B*40:01,True,B
HLA09424_HLA00312,B*41:02:05,B*41:02,B*41:01,B*41:01,True,B
HLA09425_HLA00291,B*40:235,B*40:235,B*40:01:01,B*40:01,True,B
HLA09426_HLA00225,B*27:104,B*27:104,B*27:05:02,B*27:05,True,B
HLA09427_HLA00213,B*18:88,B*18:88,B*18:01:01:01,B*18:01,True,B
HLA09427_HLA07768,B*18:88,B*18:88,B*18:01:01:02,B*18:01,True,B
HLA09427_HLA01532,B*18:88,B*18:88,B*18:17N,B*18:17N,True,B
HLA09428_HLA00213,B*18:89,B*18:89,B*18:01:01:01,B*18:01,True,B
HLA09428_HLA07768,B*18:89,B*18:89,B*18:01:01:02,B*18:01,True,B
HLA09428_HLA01532,B*18:89,B*18:89,B*18:17N,B*18:17N,True,B
HLA09429_HLA00146,B*08:107,B*08:107,B*08:01:01,B*08:01,True,B
HLA09429_HLA01717,B*08:107,B*08:107,B*08:19N,B*08:19N,True,B
HLA09430_HLA00132,B*07:186,B*07:186,B*07:02:01,B*07:02,True,B
HLA09431_HLA00153,B*13:65,B*13:65,B*13:02:01,B*13:02,True,B
HLA09432_HLA00319,B*44:175,B*44:175,B*44:03:01,B*44:03,True,B
HLA09433_HLA00318,B*44:02:28,B*44:02,B*44:02:01:01,B*44:02,True,B
HLA09433_HLA08401,B*44:02:28,B*44:02,B*44:02:01:03,B*44:02,True,B
HLA09434_HLA00318,B*44:02:29,B*44:02,B*44:02:01:01,B*44:02,True,B
HLA09434_HLA08401,B*44:02:29,B*44:02,B*44:02:01:03,B*44:02,True,B
HLA09435_HLA00237,B*35:228,B*35:228,B*35:01:01:01,B*35:01,True,B
HLA09436_HLA00244,B*35:229,B*35:229,B*35:08:01,B*35:08,True,B
HLA09437_HLA00162,B*15:272N,B*15:272N,B*15:01:01:01,B*15:01,True,B
HLA09438_HLA00180,B*15:273,B*15:273,B*15:17:01:01,B*15:17,True,B
HLA09438_HLA01439,B*15:273,B*15:273,B*15:17:01:02,B*15:17,True,B
HLA09439_HLA00364,B*53:30,B*53:30,B*53:01:01,B*53:01,True,B
HLA09440_HLA00166,B*15:274,B*15:274,B*15:03:01,B*15:03,True,B
HLA09441_HLA00344,B*51:152,B*51:152,B*51:01:01,B*51:01,True,B
HLA09442_HLA00153,B*13:66,B*13:66,B*13:02:01,B*13:02,True,B
HLA09443_HLA00132,B*07:187,B*07:187,B*07:02:01,B*07:02,True,B
HLA09444_HLA00132,B*07:188,B*07:188,B*07:02:01,B*07:02,True,B
HLA09445_HLA00132,B*07:189,B*07:189,B*07:02:01,B*07:02,True,B
HLA09446_HLA00132,B*07:190,B*07:190,B*07:02:01,B*07:02,True,B
HLA09450_HLA00146,B*08:108,B*08:108,B*08:01:01,B*08:01,True,B
HLA09452_HLA00223,B*27:105,B*27:105,B*27:04:01,B*27:04,True,B
HLA09454_HLA00181,B*15:275,B*15:275,B*15:18:01,B*15:18,True,B
HLA09456_HLA00153,B*13:67,B*13:67,B*13:02:01,B*13:02,True,B
HLA09456_HLA00205,B*13:67,B*13:67,B*15:42,B*15:42,True,B
HLA09461_HLA02850,B*40:237,B*40:237,B*40:72:01,B*40:72,True,B
HLA09475_HLA00291,B*40:238,B*40:238,B*40:01:01,B*40:01,True,B
HLA09482_HLA00389,B*59:06,B*59:06,B*59:01:01:01,B*59:01,True,B
HLA09483_HLA00291,B*40:239,B*40:239,B*40:01:01,B*40:01,True,B
HLA09487_HLA00132,B*07:191,B*07:191,B*07:02:01,B*07:02,True,B
HLA09489_HLA00344,B*51:153,B*51:153,B*51:01:01,B*51:01,True,B
HLA09491_HLA00132,B*07:192,B*07:192,B*07:02:01,B*07:02,True,B
HLA09493_HLA00132,B*07:193,B*07:193,B*07:02:01,B*07:02,True,B
HLA09500_HLA00367,B*54:29,B*54:29,B*54:01:01,B*54:01,True,B
HLA09501_HLA00153,B*13:68,B*13:68,B*13:02:01,B*13:02,True,B
HLA09504_HLA00239,B*35:231,B*35:231,B*35:03:01,B*35:03,True,B
HLA09505_HLA00335,B*48:31,B*48:31,B*48:01:01,B*48:01,True,B
HLA09513_HLA00213,B*18:90,B*18:90,B*18:01:01:01,B*18:01,True,B
HLA09513_HLA07768,B*18:90,B*18:90,B*18:01:01:02,B*18:01,True,B
HLA09513_HLA01532,B*18:90,B*18:90,B*18:17N,B*18:17N,True,B
HLA09517_HLA00162,B*15:276,B*15:276,B*15:01:01:01,B*15:01,True,B
HLA09554_HLA00312,B*41:28,B*41:28,B*41:01,B*41:01,True,B
HLA09555_HLA00291,B*40:240,B*40:240,B*40:01:01,B*40:01,True,B
HLA09556_HLA00213,B*18:91,B*18:91,B*18:01:01:01,B*18:01,True,B
HLA09556_HLA07768,B*18:91,B*18:91,B*18:01:01:02,B*18:01,True,B
HLA09556_HLA01532,B*18:91,B*18:91,B*18:17N,B*18:17N,True,B
HLA09557_HLA00146,B*08:110,B*08:110,B*08:01:01,B*08:01,True,B
HLA09557_HLA01717,B*08:110,B*08:110,B*08:19N,B*08:19N,True,B
HLA09558_HLA00146,B*08:01:21,B*08:01,B*08:01:01,B*08:01,True,B
HLA09558_HLA01717,B*08:01:21,B*08:01,B*08:19N,B*08:19N,True,B
HLA09559_HLA00318,B*44:176,B*44:176,B*44:02:01:01,B*44:02,True,B
HLA09559_HLA08401,B*44:176,B*44:176,B*44:02:01:03,B*44:02,True,B
HLA09570_HLA00280,B*39:83,B*39:83,B*39:06:02,B*39:06,True,B
HLA09571_HLA00237,B*35:01:38,B*35:01,B*35:01:01:01,B*35:01,True,B
HLA09572_HLA00386,B*58:16:02,B*58:16,B*58:01:01,B*58:01,True,B
HLA09573_HLA00162,B*15:277,B*15:277,B*15:01:01:01,B*15:01,True,B
HLA09574_HLA00162,B*15:278,B*15:278,B*15:01:01:01,B*15:01,True,B
HLA09575_HLA00162,B*15:01:33,B*15:01,B*15:01:01:01,B*15:01,True,B
HLA09576_HLA00162,B*15:279,B*15:279,B*15:01:01:01,B*15:01,True,B
HLA09577_HLA00381,B*57:65,B*57:65,B*57:01:01,B*57:01,True,B
HLA09578_HLA00162,B*15:280,B*15:280,B*15:01:01:01,B*15:01,True,B
HLA09579_HLA00376,B*56:41,B*56:41,B*56:01:01,B*56:01,True,B
HLA09580_HLA00368,B*55:59,B*55:59,B*55:01:01,B*55:01,True,B
HLA09581_HLA00368,B*55:01:11,B*55:01,B*55:01:01,B*55:01,True,B
HLA09582_HLA00344,B*51:154,B*51:154,B*51:01:01,B*51:01,True,B
HLA09583_HLA00331,B*46:40,B*46:40,B*46:01:01,B*46:01,True,B
HLA09584_HLA00344,B*51:01:42,B*51:01,B*51:01:01,B*51:01,True,B
HLA09585_HLA00158,B*14:34,B*14:34,B*14:02:01,B*14:02,True,B
HLA09586_HLA00158,B*14:35,B*14:35,B*14:02:01,B*14:02,True,B
HLA09587_HLA00158,B*14:36,B*14:36,B*14:02:01,B*14:02,True,B
HLA09588_HLA00132,B*07:194,B*07:194,B*07:02:01,B*07:02,True,B
HLA09589_HLA00132,B*07:195,B*07:195,B*07:02:01,B*07:02,True,B
HLA09590_HLA00132,B*07:196,B*07:196,B*07:02:01,B*07:02,True,B
HLA09591_HLA00132,B*07:197,B*07:197,B*07:02:01,B*07:02,True,B
HLA09592_HLA00132,B*07:198,B*07:198,B*07:02:01,B*07:02,True,B
HLA09593_HLA00280,B*39:06:03,B*39:06,B*39:06:02,B*39:06,True,B
HLA09594_HLA00318,B*44:177,B*44:177,B*44:02:01:01,B*44:02,True,B
HLA09594_HLA08401,B*44:177,B*44:177,B*44:02:01:03,B*44:02,True,B
HLA09595_HLA00319,B*44:178,B*44:178,B*44:03:01,B*44:03,True,B
HLA09645_HLA00153,B*13:70,B*13:70,B*13:02:01,B*13:02,True,B
HLA09664_HLA00386,B*58:44,B*58:44,B*58:01:01,B*58:01,True,B
HLA09681_HLA02352,B*53:31,B*53:31,B*53:11,B*53:11,True,B
HLA09684_HLA00386,B*58:45,B*58:45,B*58:01:01,B*58:01,True,B
HLA09695_HLA00166,B*15:281,B*15:281,B*15:03:01,B*15:03,True,B
HLA09696_HLA00318,B*44:179,B*44:179,B*44:02:01:01,B*44:02,True,B
HLA09696_HLA08401,B*44:179,B*44:179,B*44:02:01:03,B*44:02,True,B
HLA09697_HLA00238,B*35:233,B*35:233,B*35:02:01,B*35:02,True,B
HLA09698_HLA00386,B*58:46,B*58:46,B*58:01:01,B*58:01,True,B
HLA09699_HLA00158,B*14:37,B*14:37,B*14:02:01,B*14:02,True,B
HLA09699_HLA02163,B*14:37,B*14:37,B*39:34,B*39:34,True,B
HLA09700_HLA00297,B*40:244,B*40:244,B*40:06:01:01,B*40:06,True,B
HLA09700_HLA01430,B*40:244,B*40:244,B*40:06:01:02,B*40:06,True,B
HLA09701_HLA01742,B*07:33:02,B*07:33,B*07:33:01,B*07:33,True,B
HLA09702_HLA00291,B*40:245,B*40:245,B*40:01:01,B*40:01,True,B
HLA09703_HLA00227,B*27:106,B*27:106,B*27:06,B*27:06,True,B
HLA09704_HLA00293,B*40:246,B*40:246,B*40:02:01,B*40:02,True,B
HLA09706_HLA00319,B*44:180,B*44:180,B*44:03:01,B*44:03,True,B
HLA09708_HLA00166,B*15:282,B*15:282,B*15:03:01,B*15:03,True,B
HLA09709_HLA00241,B*35:232,B*35:232,B*35:05:01,B*35:05,True,B
HLA09710_HLA00376,B*56:42,B*56:42,B*56:01:01,B*56:01,True,B
HLA09711_HLA00320,B*44:181,B*44:181,B*44:03:02,B*44:03,True,B
HLA09722_HLA00376,B*56:01:06,B*56:01,B*56:01:01,B*56:01,True,B
HLA09723_HLA00381,B*57:01:15,B*57:01,B*57:01:01,B*57:01,True,B
HLA09724_HLA00132,B*07:02:39,B*07:02,B*07:02:01,B*07:02,True,B
HLA09818_HLA00341,B*50:33,B*50:33,B*50:01:01,B*50:01,True,B
HLA09821_HLA00331,B*46:42,B*46:42,B*46:01:01,B*46:01,True,B
HLA09874_HLA00146,B*08:111,B*08:111,B*08:01:01,B*08:01,True,B
HLA09874_HLA01717,B*08:111,B*08:111,B*08:19N,B*08:19N,True,B
HLA09879_HLA00367,B*54:30,B*54:30,B*54:01:01,B*54:01,True,B
HLA00401,C*01:02:01,C*01:02,,,False,C
HLA00402,C*01:03,C*01:03,,,False,C
HLA01555,C*01:06,C*01:06,,,False,C
HLA01636,C*01:08,C*01:08,,,False,C
HLA02790,C*01:14,C*01:14,,,False,C
HLA03303,C*01:21,C*01:21,,,False,C
HLA04020,C*01:30,C*01:30,,,False,C
HLA05418,C*01:40,C*01:40,,,False,C
HLA00405,C*02:02:02,C*02:02,,,False,C
HLA02120,C*02:10,C*02:10,,,False,C
HLA02170,C*02:11,C*02:11,,,False,C
HLA03589,C*02:16:02,C*02:16,,,False,C
HLA00410,C*03:02:01,C*03:02,,,False,C
HLA05731,C*03:02:02:02,C*03:02,,,False,C
HLA00411,C*03:03:01,C*03:03,,,False,C
HLA00413,C*03:04:01:01,C*03:04,,,False,C
HLA00414,C*03:04:02,C*03:04,,,False,C
HLA02356,C*03:04:04,C*03:04,,,False,C
HLA00415,C*03:05,C*03:05,,,False,C
HLA00416,C*03:06,C*03:06,,,False,C
HLA01412,C*03:13,C*03:13,,,False,C
HLA02881,C*03:40:01,C*03:40,,,False,C
HLA02987,C*03:46,C*03:46,,,False,C
HLA03835,C*03:61,C*03:61,,,False,C
HLA00420,C*04:01:01:01,C*04:01,,,False,C
HLA01328,C*04:01:01:02,C*04:01,,,False,C
HLA03572,C*04:01:01:03,C*04:01,,,False,C
HLA08080,C*04:01:01:05,C*04:01,,,False,C
HLA00423,C*04:03:01,C*04:03,,,False,C
HLA00426,C*04:06,C*04:06,,,False,C
HLA08413,C*04:128,C*04:128,,,False,C
HLA05414,C*04:70,C*04:70,,,False,C
HLA05543,C*04:71,C*04:71,,,False,C
HLA00427,C*05:01:01:01,C*05:01,,,False,C
HLA03586,C*05:01:01:02,C*05:01,,,False,C
HLA01843,C*05:08,C*05:08,,,False,C
HLA01856,C*05:09:01,C*05:09,,,False,C
HLA00430,C*06:02:01:01,C*06:02,,,False,C
HLA02561,C*06:02:01:02,C*06:02,,,False,C
HLA03754,C*06:24,C*06:24,,,False,C
HLA05526,C*06:46N,C*06:46N,,,False,C
HLA00433,C*07:01:01:01,C*07:01,,,False,C
HLA07937,C*07:01:01:02,C*07:01,,,False,C
HLA08054,C*07:01:27,C*07:01,,,False,C
HLA00434,C*07:02:01:01,C*07:02,,,False,C
HLA01326,C*07:02:01:02,C*07:02,,,False,C
HLA01902,C*07:02:01:03,C*07:02,,,False,C
HLA07777,C*07:02:01:04,C*07:02,,,False,C
HLA07778,C*07:02:01:05,C*07:02,,,False,C
HLA03759,C*07:02:05,C*07:02,,,False,C
HLA03976,C*07:02:06,C*07:02,,,False,C
HLA00436,C*07:04:01,C*07:04,,,False,C
HLA01554,C*07:04:02,C*07:04,,,False,C
HLA00438,C*07:06,C*07:06,,,False,C
HLA05419,C*07:149,C*07:149,,,False,C
HLA01720,C*07:19,C*07:19,,,False,C
HLA01889,C*07:26,C*07:26,,,False,C
HLA02139,C*07:30,C*07:30,,,False,C
HLA02354,C*07:32N,C*07:32N,,,False,C
HLA02943,C*07:49,C*07:49,,,False,C
HLA03753,C*07:56:02,C*07:56,,,False,C
HLA03623,C*07:67,C*07:67,,,False,C
HLA00445,C*08:01:01,C*08:01,,,False,C
HLA00446,C*08:02:01,C*08:02,,,False,C
HLA00447,C*08:03:01,C*08:03,,,False,C
HLA00448,C*08:04:01,C*08:04,,,False,C
HLA03626,C*08:21,C*08:21,,,False,C
HLA03975,C*08:27,C*08:27,,,False,C
HLA05416,C*08:36N,C*08:36N,,,False,C
HLA05790,C*08:41,C*08:41,,,False,C
HLA07938,C*08:62,C*08:62,,,False,C
HLA00454,C*12:02:02,C*12:02,,,False,C
HLA00455,C*12:03:01:01,C*12:03,,,False,C
HLA02766,C*12:03:01:02,C*12:03,,,False,C
HLA01413,C*12:08,C*12:08,,,False,C
HLA01954,C*12:13,C*12:13,,,False,C
HLA02605,C*12:19,C*12:19,,,False,C
HLA03760,C*12:22,C*12:22,,,False,C
HLA00462,C*14:02:01,C*14:02,,,False,C
HLA00464,C*14:03,C*14:03,,,False,C
HLA05415,C*14:21N,C*14:21N,,,False,C
HLA00467,C*15:02:01,C*15:02,,,False,C
HLA00471,C*15:05:02,C*15:05,,,False,C
HLA02404,C*15:16,C*15:16,,,False,C
HLA02438,C*15:17,C*15:17,,,False,C
HLA00475,C*16:01:01,C*16:01,,,False,C
HLA00476,C*16:02:01,C*16:02,,,False,C
HLA00478,C*16:04:01,C*16:04,,,False,C
HLA00481,C*17:01:01:01,C*17:01,,,False,C
HLA00483,C*18:01,C*18:01,,,False,C
HLA00404_HLA00405,C*02:02:01,C*02:02,C*02:02:02,C*02:02,True,C
HLA00406_HLA00405,C*02:02:03,C*02:02,C*02:02:02,C*02:02,True,C
HLA00408_HLA03589,C*02:03,C*02:03,C*02:16:02,C*02:16,True,C
HLA00412_HLA00411,C*03:03:02,C*03:03,C*03:03:01,C*03:03,True,C
HLA00417_HLA00413,C*03:07,C*03:07,C*03:04:01:01,C*03:04,True,C
HLA00418_HLA00413,C*03:08,C*03:08,C*03:04:01:01,C*03:04,True,C
HLA00419_HLA00413,C*03:09,C*03:09,C*03:04:01:01,C*03:04,True,C
HLA00421_HLA00420,C*04:01:02,C*04:01,C*04:01:01:01,C*04:01,True,C
HLA00421_HLA01328,C*04:01:02,C*04:01,C*04:01:01:02,C*04:01,True,C
HLA00421_HLA03572,C*04:01:02,C*04:01,C*04:01:01:03,C*04:01,True,C
HLA00421_HLA08080,C*04:01:02,C*04:01,C*04:01:01:05,C*04:01,True,C
HLA00424_HLA00420,C*04:04:01,C*04:04,C*04:01:01:01,C*04:01,True,C
HLA00424_HLA01328,C*04:04:01,C*04:04,C*04:01:01:02,C*04:01,True,C
HLA00424_HLA03572,C*04:04:01,C*04:04,C*04:01:01:03,C*04:01,True,C
HLA00424_HLA08080,C*04:04:01,C*04:04,C*04:01:01:05,C*04:01,True,C
HLA00425_HLA00420,C*04:05,C*04:05,C*04:01:01:01,C*04:01,True,C
HLA00425_HLA01328,C*04:05,C*04:05,C*04:01:01:02,C*04:01,True,C
HLA00425_HLA03572,C*04:05,C*04:05,C*04:01:01:03,C*04:01,True,C
HLA00425_HLA08080,C*04:05,C*04:05,C*04:01:01:05,C*04:01,True,C
HLA00431_HLA00430,C*06:03:01,C*06:03,C*06:02:01:01,C*06:02,True,C
HLA00431_HLA02561,C*06:03:01,C*06:03,C*06:02:01:02,C*06:02,True,C
HLA00431_HLA05526,C*06:03:01,C*06:03,C*06:46N,C*06:46N,True,C
HLA00432_HLA00430,C*06:04,C*06:04,C*06:02:01:01,C*06:02,True,C
HLA00432_HLA02561,C*06:04,C*06:04,C*06:02:01:02,C*06:02,True,C
HLA00432_HLA05526,C*06:04,C*06:04,C*06:46N,C*06:46N,True,C
HLA00435_HLA00434,C*07:03,C*07:03,C*07:02:01:01,C*07:02,True,C
HLA00435_HLA01326,C*07:03,C*07:03,C*07:02:01:02,C*07:02,True,C
HLA00435_HLA01902,C*07:03,C*07:03,C*07:02:01:03,C*07:02,True,C
HLA00435_HLA07777,C*07:03,C*07:03,C*07:02:01:04,C*07:02,True,C
HLA00435_HLA07778,C*07:03,C*07:03,C*07:02:01:05,C*07:02,True,C
HLA00437_HLA00433,C*07:05,C*07:05,C*07:01:01:01,C*07:01,True,C
HLA00437_HLA07937,C*07:05,C*07:05,C*07:01:01:02,C*07:01,True,C
HLA00437_HLA00434,C*07:05,C*07:05,C*07:02:01:01,C*07:02,True,C
HLA00437_HLA01326,C*07:05,C*07:05,C*07:02:01:02,C*07:02,True,C
HLA00437_HLA01902,C*07:05,C*07:05,C*07:02:01:03,C*07:02,True,C
HLA00437_HLA07777,C*07:05,C*07:05,C*07:02:01:04,C*07:02,True,C
HLA00437_HLA07778,C*07:05,C*07:05,C*07:02:01:05,C*07:02,True,C
HLA00437_HLA00438,C*07:05,C*07:05,C*07:06,C*07:06,True,C
HLA00439_HLA00433,C*07:07,C*07:07,C*07:01:01:01,C*07:01,True,C
HLA00439_HLA07937,C*07:07,C*07:07,C*07:01:01:02,C*07:01,True,C
HLA00439_HLA00438,C*07:07,C*07:07,C*07:06,C*07:06,True,C
HLA00440_HLA00434,C*07:08,C*07:08,C*07:02:01:01,C*07:02,True,C
HLA00440_HLA01326,C*07:08,C*07:08,C*07:02:01:02,C*07:02,True,C
HLA00440_HLA01902,C*07:08,C*07:08,C*07:02:01:03,C*07:02,True,C
HLA00440_HLA07777,C*07:08,C*07:08,C*07:02:01:04,C*07:02,True,C
HLA00440_HLA07778,C*07:08,C*07:08,C*07:02:01:05,C*07:02,True,C
HLA00441_HLA00433,C*07:09,C*07:09,C*07:01:01:01,C*07:01,True,C
HLA00441_HLA07937,C*07:09,C*07:09,C*07:01:01:02,C*07:01,True,C
HLA00441_HLA00438,C*07:09,C*07:09,C*07:06,C*07:06,True,C
HLA00442_HLA00434,C*07:10,C*07:10,C*07:02:01:01,C*07:02,True,C
HLA00442_HLA01326,C*07:10,C*07:10,C*07:02:01:02,C*07:02,True,C
HLA00442_HLA01902,C*07:10,C*07:10,C*07:02:01:03,C*07:02,True,C
HLA00442_HLA07777,C*07:10,C*07:10,C*07:02:01:04,C*07:02,True,C
HLA00442_HLA07778,C*07:10,C*07:10,C*07:02:01:05,C*07:02,True,C
HLA00444_HLA00436,C*07:12,C*07:12,C*07:04:01,C*07:04,True,C
HLA00449_HLA00446,C*08:05,C*08:05,C*08:02:01,C*08:02,True,C
HLA00450_HLA00447,C*08:06,C*08:06,C*08:03:01,C*08:03,True,C
HLA00456_HLA00430,C*12:04:01,C*12:04,C*06:02:01:01,C*06:02,True,C
HLA00456_HLA02561,C*12:04:01,C*12:04,C*06:02:01:02,C*06:02,True,C
HLA00456_HLA05526,C*12:04:01,C*12:04,C*06:46N,C*06:46N,True,C
HLA00456_HLA02766,C*12:04:01,C*12:04,C*12:03:01:02,C*12:03,True,C
HLA00457_HLA00455,C*12:04:02,C*12:04,C*12:03:01:01,C*12:03,True,C
HLA00457_HLA02766,C*12:04:02,C*12:04,C*12:03:01:02,C*12:03,True,C
HLA00458_HLA00455,C*12:05,C*12:05,C*12:03:01:01,C*12:03,True,C
HLA00458_HLA02766,C*12:05,C*12:05,C*12:03:01:02,C*12:03,True,C
HLA00459_HLA00455,C*12:06,C*12:06,C*12:03:01:01,C*12:03,True,C
HLA00459_HLA02766,C*12:06,C*12:06,C*12:03:01:02,C*12:03,True,C
HLA00463_HLA00462,C*14:02:02,C*14:02,C*14:02:01,C*14:02,True,C
HLA00465_HLA00462,C*14:04,C*14:04,C*14:02:01,C*14:02,True,C
HLA00468_HLA00467,C*15:03,C*15:03,C*15:02:01,C*15:02,True,C
HLA00469_HLA00471,C*15:04,C*15:04,C*15:05:02,C*15:05,True,C
HLA00472_HLA00471,C*15:06:01,C*15:06,C*15:05:02,C*15:05,True,C
HLA00473_HLA00467,C*15:07,C*15:07,C*15:02:01,C*15:02,True,C
HLA00474_HLA00467,C*15:08,C*15:08,C*15:02:01,C*15:02,True,C
HLA00991_HLA00430,C*06:05,C*06:05,C*06:02:01:01,C*06:02,True,C
HLA00991_HLA02561,C*06:05,C*06:05,C*06:02:01:02,C*06:02,True,C
HLA00991_HLA05526,C*06:05,C*06:05,C*06:46N,C*06:46N,True,C
HLA01075_HLA03303,C*01:04,C*01:04,C*01:21,C*01:21,True,C
HLA01076_HLA00413,C*03:10,C*03:10,C*03:04:01:01,C*03:04,True,C
HLA01077_HLA00411,C*03:11:01,C*03:11,C*03:03:01,C*03:03,True,C
HLA01078_HLA00420,C*04:07,C*04:07,C*04:01:01:01,C*04:01,True,C
HLA01078_HLA01328,C*04:07,C*04:07,C*04:01:01:02,C*04:01,True,C
HLA01078_HLA03572,C*04:07,C*04:07,C*04:01:01:03,C*04:01,True,C
HLA01078_HLA08080,C*04:07,C*04:07,C*04:01:01:05,C*04:01,True,C
HLA01079_HLA00434,C*07:13,C*07:13,C*07:02:01:01,C*07:02,True,C
HLA01079_HLA01326,C*07:13,C*07:13,C*07:02:01:02,C*07:02,True,C
HLA01079_HLA01902,C*07:13,C*07:13,C*07:02:01:03,C*07:02,True,C
HLA01079_HLA07777,C*07:13,C*07:13,C*07:02:01:04,C*07:02,True,C
HLA01079_HLA07778,C*07:13,C*07:13,C*07:02:01:05,C*07:02,True,C
HLA01080_HLA00433,C*07:14,C*07:14,C*07:01:01:01,C*07:01,True,C
HLA01080_HLA07937,C*07:14,C*07:14,C*07:01:01:02,C*07:01,True,C
HLA01080_HLA00434,C*07:14,C*07:14,C*07:02:01:01,C*07:02,True,C
HLA01080_HLA01326,C*07:14,C*07:14,C*07:02:01:02,C*07:02,True,C
HLA01080_HLA01902,C*07:14,C*07:14,C*07:02:01:03,C*07:02,True,C
HLA01080_HLA07777,C*07:14,C*07:14,C*07:02:01:04,C*07:02,True,C
HLA01080_HLA07778,C*07:14,C*07:14,C*07:02:01:05,C*07:02,True,C
HLA01080_HLA00438,C*07:14,C*07:14,C*07:06,C*07:06,True,C
HLA01081_HLA00467,C*15:02:02,C*15:02,C*15:02:01,C*15:02,True,C
HLA01124_HLA00471,C*15:09,C*15:09,C*15:05:02,C*15:05,True,C
HLA01136_HLA00446,C*08:07,C*08:07,C*08:02:01,C*08:02,True,C
HLA01138_HLA00455,C*12:07,C*12:07,C*12:03:01:01,C*12:03,True,C
HLA01138_HLA02766,C*12:07,C*12:07,C*12:03:01:02,C*12:03,True,C
HLA01145_HLA00454,C*12:02:03,C*12:02,C*12:02:02,C*12:02,True,C
HLA01174_HLA00427,C*05:04:01,C*05:04,C*05:01:01:01,C*05:01,True,C
HLA01174_HLA03586,C*05:04:01,C*05:04,C*05:01:01:02,C*05:01,True,C
HLA01238_HLA00445,C*08:08,C*08:08,C*08:01:01,C*08:01,True,C
HLA01258_HLA00430,C*06:06,C*06:06,C*06:02:01:01,C*06:02,True,C
HLA01258_HLA02561,C*06:06,C*06:06,C*06:02:01:02,C*06:02,True,C
HLA01301_HLA00430,C*06:07,C*06:07,C*06:02:01:01,C*06:02,True,C
HLA01301_HLA02561,C*06:07,C*06:07,C*06:02:01:02,C*06:02,True,C
HLA01301_HLA05526,C*06:07,C*06:07,C*06:46N,C*06:46N,True,C
HLA01311_HLA00420,C*04:08,C*04:08,C*04:01:01:01,C*04:01,True,C
HLA01311_HLA01328,C*04:08,C*04:08,C*04:01:01:02,C*04:01,True,C
HLA01311_HLA03572,C*04:08,C*04:08,C*04:01:01:03,C*04:01,True,C
HLA01311_HLA08080,C*04:08,C*04:08,C*04:01:01:05,C*04:01,True,C
HLA01315_HLA00455,C*12:03:02,C*12:03,C*12:03:01:01,C*12:03,True,C
HLA01315_HLA02766,C*12:03:02,C*12:03,C*12:03:01:02,C*12:03,True,C
HLA01322_HLA00445,C*08:09,C*08:09,C*08:01:01,C*08:01,True,C
HLA01342_HLA00467,C*15:10:01,C*15:10,C*15:02:01,C*15:02,True,C
HLA01344_HLA00405,C*02:04,C*02:04,C*02:02:02,C*02:02,True,C
HLA01355_HLA00411,C*03:03:03,C*03:03,C*03:03:01,C*03:03,True,C
HLA01408_HLA00434,C*07:15,C*07:15,C*07:02:01:01,C*07:02,True,C
HLA01408_HLA01326,C*07:15,C*07:15,C*07:02:01:02,C*07:02,True,C
HLA01408_HLA01902,C*07:15,C*07:15,C*07:02:01:03,C*07:02,True,C
HLA01408_HLA07777,C*07:15,C*07:15,C*07:02:01:04,C*07:02,True,C
HLA01408_HLA07778,C*07:15,C*07:15,C*07:02:01:05,C*07:02,True,C
HLA01424_HLA02438,C*15:11,C*15:11,C*15:17,C*15:17,True,C
HLA01425_HLA02881,C*03:14,C*03:14,C*03:40:01,C*03:40,True,C
HLA01434_HLA00401,C*01:05,C*01:05,C*01:02:01,C*01:02,True,C
HLA01469_HLA00462,C*14:05,C*14:05,C*14:02:01,C*14:02,True,C
HLA01471_HLA02120,C*02:02:05,C*02:02,C*02:10,C*02:10,True,C
HLA01472_HLA02120,C*02:05,C*02:05,C*02:10,C*02:10,True,C
HLA01581_HLA00410,C*03:15,C*03:15,C*03:02:01,C*03:02,True,C
HLA01581_HLA05731,C*03:15,C*03:15,C*03:02:02:02,C*03:02,True,C
HLA01586_HLA00445,C*08:01:02,C*08:01,C*08:01:01,C*08:01,True,C
HLA01588_HLA00433,C*07:16,C*07:16,C*07:01:01:01,C*07:01,True,C
HLA01588_HLA07937,C*07:16,C*07:16,C*07:01:01:02,C*07:01,True,C
HLA01588_HLA00438,C*07:16,C*07:16,C*07:06,C*07:06,True,C
HLA01602_HLA00427,C*05:05,C*05:05,C*05:01:01:01,C*05:01,True,C
HLA01602_HLA03586,C*05:05,C*05:05,C*05:01:01:02,C*05:01,True,C
HLA01628_HLA00430,C*06:08,C*06:08,C*06:02:01:01,C*06:02,True,C
HLA01628_HLA02561,C*06:08,C*06:08,C*06:02:01:02,C*06:02,True,C
HLA01628_HLA05526,C*06:08,C*06:08,C*06:46N,C*06:46N,True,C
HLA01644_HLA00401,C*01:07,C*01:07,C*01:02:01,C*01:02,True,C
HLA01645_HLA00420,C*04:10,C*04:10,C*04:01:01:01,C*04:01,True,C
HLA01645_HLA01328,C*04:10,C*04:10,C*04:01:01:02,C*04:01,True,C
HLA01645_HLA03572,C*04:10,C*04:10,C*04:01:01:03,C*04:01,True,C
HLA01645_HLA08080,C*04:10,C*04:10,C*04:01:01:05,C*04:01,True,C
HLA01659_HLA00401,C*01:09,C*01:09,C*01:02:01,C*01:02,True,C
HLA01660_HLA00410,C*03:16,C*03:16,C*03:02:01,C*03:02,True,C
HLA01660_HLA05731,C*03:16,C*03:16,C*03:02:02:02,C*03:02,True,C
HLA01661_HLA00427,C*05:06,C*05:06,C*05:01:01:01,C*05:01,True,C
HLA01661_HLA03586,C*05:06,C*05:06,C*05:01:01:02,C*05:01,True,C
HLA01662_HLA00434,C*07:17:01,C*07:17,C*07:02:01:01,C*07:02,True,C
HLA01662_HLA01326,C*07:17:01,C*07:17,C*07:02:01:02,C*07:02,True,C
HLA01662_HLA01902,C*07:17:01,C*07:17,C*07:02:01:03,C*07:02,True,C
HLA01662_HLA07777,C*07:17:01,C*07:17,C*07:02:01:04,C*07:02,True,C
HLA01662_HLA07778,C*07:17:01,C*07:17,C*07:02:01:05,C*07:02,True,C
HLA01672_HLA01720,C*07:18,C*07:18,C*07:19,C*07:19,True,C
HLA01673_HLA02120,C*02:06,C*02:06,C*02:10,C*02:10,True,C
HLA01681_HLA00430,C*06:09,C*06:09,C*06:02:01:01,C*06:02,True,C
HLA01681_HLA02561,C*06:09,C*06:09,C*06:02:01:02,C*06:02,True,C
HLA01705_HLA00476,C*12:09,C*12:09,C*16:02:01,C*16:02,True,C
HLA01708_HLA00475,C*16:06,C*16:06,C*16:01:01,C*16:01,True,C
HLA01711_HLA00420,C*04:11,C*04:11,C*04:01:01:01,C*04:01,True,C
HLA01711_HLA01328,C*04:11,C*04:11,C*04:01:01:02,C*04:01,True,C
HLA01711_HLA03572,C*04:11,C*04:11,C*04:01:01:03,C*04:01,True,C
HLA01711_HLA08080,C*04:11,C*04:11,C*04:01:01:05,C*04:01,True,C
HLA01715_HLA00405,C*02:07,C*02:07,C*02:02:02,C*02:02,True,C
HLA01721_HLA00462,C*14:02:03,C*14:02,C*14:02:01,C*14:02,True,C
HLA01729_HLA00433,C*07:20,C*07:20,C*07:01:01:01,C*07:01,True,C
HLA01729_HLA07937,C*07:20,C*07:20,C*07:01:01:02,C*07:01,True,C
HLA01729_HLA00438,C*07:20,C*07:20,C*07:06,C*07:06,True,C
HLA01739_HLA00405,C*02:08,C*02:08,C*02:02:02,C*02:02,True,C
HLA01787_HLA00454,C*12:10:01,C*12:10,C*12:02:02,C*12:02,True,C
HLA01799_HLA00455,C*12:11,C*12:11,C*12:03:01:01,C*12:03,True,C
HLA01799_HLA02766,C*12:11,C*12:11,C*12:03:01:02,C*12:03,True,C
HLA01824_HLA00430,C*06:10,C*06:10,C*06:02:01:01,C*06:02,True,C
HLA01824_HLA02561,C*06:10,C*06:10,C*06:02:01:02,C*06:02,True,C
HLA01824_HLA05526,C*06:10,C*06:10,C*06:46N,C*06:46N,True,C
HLA01825_HLA00420,C*04:12,C*04:12,C*04:01:01:01,C*04:01,True,C
HLA01825_HLA01328,C*04:12,C*04:12,C*04:01:01:02,C*04:01,True,C
HLA01825_HLA03572,C*04:12,C*04:12,C*04:01:01:03,C*04:01,True,C
HLA01825_HLA08080,C*04:12,C*04:12,C*04:01:01:05,C*04:01,True,C
HLA01831_HLA00420,C*04:04:02,C*04:04,C*04:01:01:01,C*04:01,True,C
HLA01831_HLA01328,C*04:04:02,C*04:04,C*04:01:01:02,C*04:01,True,C
HLA01831_HLA03572,C*04:04:02,C*04:04,C*04:01:01:03,C*04:01,True,C
HLA01831_HLA08080,C*04:04:02,C*04:04,C*04:01:01:05,C*04:01,True,C
HLA01832_HLA00427,C*05:07N,C*05:07N,C*05:01:01:01,C*05:01,True,C
HLA01832_HLA03586,C*05:07N,C*05:07N,C*05:01:01:02,C*05:01,True,C
HLA01833_HLA00433,C*07:21,C*07:21,C*07:01:01:01,C*07:01,True,C
HLA01833_HLA07937,C*07:21,C*07:21,C*07:01:01:02,C*07:01,True,C
HLA01833_HLA00438,C*07:21,C*07:21,C*07:06,C*07:06,True,C
HLA01835_HLA00445,C*08:10,C*08:10,C*08:01:01,C*08:01,True,C
HLA01844_HLA00433,C*07:22,C*07:22,C*07:01:01:01,C*07:01,True,C
HLA01844_HLA07937,C*07:22,C*07:22,C*07:01:01:02,C*07:01,True,C
HLA01844_HLA00438,C*07:22,C*07:22,C*07:06,C*07:06,True,C
HLA01851_HLA00420,C*04:13,C*04:13,C*04:01:01:01,C*04:01,True,C
HLA01851_HLA01328,C*04:13,C*04:13,C*04:01:01:02,C*04:01,True,C
HLA01851_HLA03572,C*04:13,C*04:13,C*04:01:01:03,C*04:01,True,C
HLA01851_HLA08080,C*04:13,C*04:13,C*04:01:01:05,C*04:01,True,C
HLA01853_HLA00420,C*04:14,C*04:14,C*04:01:01:01,C*04:01,True,C
HLA01853_HLA01328,C*04:14,C*04:14,C*04:01:01:02,C*04:01,True,C
HLA01853_HLA03572,C*04:14,C*04:14,C*04:01:01:03,C*04:01,True,C
HLA01853_HLA08080,C*04:14,C*04:14,C*04:01:01:05,C*04:01,True,C
HLA01855_HLA00411,C*03:03:04,C*03:03,C*03:03:01,C*03:03,True,C
HLA01857_HLA00445,C*08:11,C*08:11,C*08:01:01,C*08:01,True,C
HLA01859_HLA00420,C*04:15:01,C*04:15,C*04:01:01:01,C*04:01,True,C
HLA01859_HLA01328,C*04:15:01,C*04:15,C*04:01:01:02,C*04:01,True,C
HLA01859_HLA03572,C*04:15:01,C*04:15,C*04:01:01:03,C*04:01,True,C
HLA01859_HLA08080,C*04:15:01,C*04:15,C*04:01:01:05,C*04:01,True,C
HLA01862_HLA00405,C*02:09,C*02:09,C*02:02:02,C*02:02,True,C
HLA01863_HLA00434,C*07:23,C*07:23,C*07:02:01:01,C*07:02,True,C
HLA01863_HLA01326,C*07:23,C*07:23,C*07:02:01:02,C*07:02,True,C
HLA01863_HLA01902,C*07:23,C*07:23,C*07:02:01:03,C*07:02,True,C
HLA01863_HLA07777,C*07:23,C*07:23,C*07:02:01:04,C*07:02,True,C
HLA01863_HLA07778,C*07:23,C*07:23,C*07:02:01:05,C*07:02,True,C
HLA01864_HLA00433,C*07:24,C*07:24,C*07:01:01:01,C*07:01,True,C
HLA01864_HLA07937,C*07:24,C*07:24,C*07:01:01:02,C*07:01,True,C
HLA01864_HLA00438,C*07:24,C*07:24,C*07:06,C*07:06,True,C
HLA01865_HLA00433,C*07:01:03,C*07:01,C*07:01:01:01,C*07:01,True,C
HLA01865_HLA07937,C*07:01:03,C*07:01,C*07:01:01:02,C*07:01,True,C
HLA01865_HLA00438,C*07:01:03,C*07:01,C*07:06,C*07:06,True,C
HLA01866_HLA00401,C*01:10,C*01:10,C*01:02:01,C*01:02,True,C
HLA01877_HLA00434,C*07:25,C*07:25,C*07:02:01:01,C*07:02,True,C
HLA01877_HLA01326,C*07:25,C*07:25,C*07:02:01:02,C*07:02,True,C
HLA01877_HLA01902,C*07:25,C*07:25,C*07:02:01:03,C*07:02,True,C
HLA01877_HLA07777,C*07:25,C*07:25,C*07:02:01:04,C*07:02,True,C
HLA01877_HLA07778,C*07:25,C*07:25,C*07:02:01:05,C*07:02,True,C
HLA01878_HLA00455,C*12:12,C*12:12,C*12:03:01:01,C*12:03,True,C
HLA01878_HLA02766,C*12:12,C*12:12,C*12:03:01:02,C*12:03,True,C
HLA01879_HLA00446,C*08:12,C*08:12,C*08:02:01,C*08:02,True,C
HLA01880_HLA00430,C*06:11,C*06:11,C*06:02:01:01,C*06:02,True,C
HLA01880_HLA02561,C*06:11,C*06:11,C*06:02:01:02,C*06:02,True,C
HLA01880_HLA05526,C*06:11,C*06:11,C*06:46N,C*06:46N,True,C
HLA01884_HLA00467,C*15:12,C*15:12,C*15:02:01,C*15:02,True,C
HLA01885_HLA00455,C*12:03:03,C*12:03,C*12:03:01:01,C*12:03,True,C
HLA01885_HLA02766,C*12:03:03,C*12:03,C*12:03:01:02,C*12:03,True,C
HLA01906_HLA01412,C*03:17,C*03:17,C*03:13,C*03:13,True,C
HLA01907_HLA00427,C*05:10,C*05:10,C*05:01:01:01,C*05:01,True,C
HLA01907_HLA03586,C*05:10,C*05:10,C*05:01:01:02,C*05:01,True,C
HLA01908_HLA00433,C*07:27:01,C*07:27,C*07:01:01:01,C*07:01,True,C
HLA01908_HLA07937,C*07:27:01,C*07:27,C*07:01:01:02,C*07:01,True,C
HLA01908_HLA00434,C*07:27:01,C*07:27,C*07:02:01:01,C*07:02,True,C
HLA01908_HLA01326,C*07:27:01,C*07:27,C*07:02:01:02,C*07:02,True,C
HLA01908_HLA01902,C*07:27:01,C*07:27,C*07:02:01:03,C*07:02,True,C
HLA01908_HLA07777,C*07:27:01,C*07:27,C*07:02:01:04,C*07:02,True,C
HLA01908_HLA07778,C*07:27:01,C*07:27,C*07:02:01:05,C*07:02,True,C
HLA01908_HLA00438,C*07:27:01,C*07:27,C*07:06,C*07:06,True,C
HLA01909_HLA00471,C*15:05:04,C*15:05,C*15:05:02,C*15:05,True,C
HLA01925_HLA00411,C*03:18,C*03:18,C*03:03:01,C*03:03,True,C
HLA01935_HLA00454,C*12:14:01,C*12:14,C*12:02:02,C*12:02,True,C
HLA01961_HLA00433,C*07:28,C*07:28,C*07:01:01:01,C*07:01,True,C
HLA01961_HLA07937,C*07:28,C*07:28,C*07:01:01:02,C*07:01,True,C
HLA01961_HLA00438,C*07:28,C*07:28,C*07:06,C*07:06,True,C
HLA01969_HLA00455,C*12:15,C*12:15,C*12:03:01:01,C*12:03,True,C
HLA01969_HLA02766,C*12:15,C*12:15,C*12:03:01:02,C*12:03,True,C
HLA01998_HLA00427,C*05:01:02,C*05:01,C*05:01:01:01,C*05:01,True,C
HLA01998_HLA03586,C*05:01:02,C*05:01,C*05:01:01:02,C*05:01,True,C
HLA02010_HLA00434,C*07:29,C*07:29,C*07:02:01:01,C*07:02,True,C
HLA02010_HLA01326,C*07:29,C*07:29,C*07:02:01:02,C*07:02,True,C
HLA02010_HLA01902,C*07:29,C*07:29,C*07:02:01:03,C*07:02,True,C
HLA02010_HLA07777,C*07:29,C*07:29,C*07:02:01:04,C*07:02,True,C
HLA02010_HLA07778,C*07:29,C*07:29,C*07:02:01:05,C*07:02,True,C
HLA02041_HLA00475,C*16:01:02,C*16:01,C*16:01:01,C*16:01,True,C
HLA02044_HLA00401,C*01:02:03,C*01:02,C*01:02:01,C*01:02,True,C
HLA02086_HLA00420,C*04:01:03,C*04:01,C*04:01:01:01,C*04:01,True,C
HLA02086_HLA01328,C*04:01:03,C*04:01,C*04:01:01:02,C*04:01,True,C
HLA02086_HLA03572,C*04:01:03,C*04:01,C*04:01:01:03,C*04:01,True,C
HLA02086_HLA08080,C*04:01:03,C*04:01,C*04:01:01:05,C*04:01,True,C
HLA02087_HLA00462,C*14:06,C*14:06,C*14:02:01,C*14:02,True,C
HLA02123_HLA00401,C*01:11,C*01:11,C*01:02:01,C*01:02,True,C
HLA02133_HLA00413,C*03:19,C*03:19,C*03:04:01:01,C*03:04,True,C
HLA02148_HLA00427,C*05:11,C*05:11,C*05:01:01:01,C*05:01,True,C
HLA02148_HLA03586,C*05:11,C*05:11,C*05:01:01:02,C*05:01,True,C
HLA02178_HLA00430,C*06:12,C*06:12,C*06:02:01:01,C*06:02,True,C
HLA02178_HLA02561,C*06:12,C*06:12,C*06:02:01:02,C*06:02,True,C
HLA02193_HLA00423,C*04:16,C*04:16,C*04:03:01,C*04:03,True,C
HLA02205_HLA00433,C*07:31:01,C*07:31,C*07:01:01:01,C*07:01,True,C
HLA02205_HLA07937,C*07:31:01,C*07:31,C*07:01:01:02,C*07:01,True,C
HLA02205_HLA00434,C*07:31:01,C*07:31,C*07:02:01:01,C*07:02,True,C
HLA02205_HLA01326,C*07:31:01,C*07:31,C*07:02:01:02,C*07:02,True,C
HLA02205_HLA01902,C*07:31:01,C*07:31,C*07:02:01:03,C*07:02,True,C
HLA02205_HLA07777,C*07:31:01,C*07:31,C*07:02:01:04,C*07:02,True,C
HLA02205_HLA07778,C*07:31:01,C*07:31,C*07:02:01:05,C*07:02,True,C
HLA02205_HLA00438,C*07:31:01,C*07:31,C*07:06,C*07:06,True,C
HLA02207_HLA00462,C*14:02:04,C*14:02,C*14:02:01,C*14:02,True,C
HLA02239_HLA00430,C*06:13,C*06:13,C*06:02:01:01,C*06:02,True,C
HLA02239_HLA02561,C*06:13,C*06:13,C*06:02:01:02,C*06:02,True,C
HLA02239_HLA05526,C*06:13,C*06:13,C*06:46N,C*06:46N,True,C
HLA02240_HLA02120,C*02:12,C*02:12,C*02:10,C*02:10,True,C
HLA02241_HLA00420,C*04:17,C*04:17,C*04:01:01:01,C*04:01,True,C
HLA02241_HLA01328,C*04:17,C*04:17,C*04:01:01:02,C*04:01,True,C
HLA02241_HLA03572,C*04:17,C*04:17,C*04:01:01:03,C*04:01,True,C
HLA02241_HLA08080,C*04:17,C*04:17,C*04:01:01:05,C*04:01,True,C
HLA02242_HLA00475,C*16:07:01,C*16:07,C*16:01:01,C*16:01,True,C
HLA02253_HLA00462,C*14:07N,C*14:07N,C*14:02:01,C*14:02,True,C
HLA02292_HLA00427,C*05:01:03,C*05:01,C*05:01:01:01,C*05:01,True,C
HLA02292_HLA03586,C*05:01:03,C*05:01,C*05:01:01:02,C*05:01,True,C
HLA02293_HLA00433,C*07:01:04,C*07:01,C*07:01:01:01,C*07:01,True,C
HLA02293_HLA07937,C*07:01:04,C*07:01,C*07:01:01:02,C*07:01,True,C
HLA02293_HLA00438,C*07:01:04,C*07:01,C*07:06,C*07:06,True,C
HLA02302_HLA00448,C*08:13,C*08:13,C*08:04:01,C*08:04,True,C
HLA02303_HLA00475,C*16:08,C*16:08,C*16:01:01,C*16:01,True,C
HLA02304_HLA00454,C*12:16,C*12:16,C*12:02:02,C*12:02,True,C
HLA02319_HLA00481,C*17:04,C*17:04,C*17:01:01:01,C*17:01,True,C
HLA02357_HLA00454,C*12:17,C*12:17,C*12:02:02,C*12:02,True,C
HLA02375_HLA00411,C*03:11:02,C*03:11,C*03:03:01,C*03:03,True,C
HLA02380_HLA00434,C*07:33N,C*07:33N,C*07:02:01:01,C*07:02,True,C
HLA02380_HLA01326,C*07:33N,C*07:33N,C*07:02:01:02,C*07:02,True,C
HLA02380_HLA01902,C*07:33N,C*07:33N,C*07:02:01:03,C*07:02,True,C
HLA02380_HLA07777,C*07:33N,C*07:33N,C*07:02:01:04,C*07:02,True,C
HLA02380_HLA07778,C*07:33N,C*07:33N,C*07:02:01:05,C*07:02,True,C
HLA02391_HLA00411,C*03:21,C*03:21,C*03:03:01,C*03:03,True,C
HLA02396_HLA00467,C*15:15,C*15:15,C*15:02:01,C*15:02,True,C
HLA02397_HLA00427,C*05:12,C*05:12,C*05:01:01:01,C*05:01,True,C
HLA02397_HLA03586,C*05:12,C*05:12,C*05:01:01:02,C*05:01,True,C
HLA02408_HLA00427,C*05:13,C*05:13,C*05:01:01:01,C*05:01,True,C
HLA02408_HLA03586,C*05:13,C*05:13,C*05:01:01:02,C*05:01,True,C
HLA02414_HLA00411,C*03:22Q,C*03:22Q,C*03:03:01,C*03:03,True,C
HLA02422_HLA00433,C*07:01:05,C*07:01,C*07:01:01:01,C*07:01,True,C
HLA02422_HLA07937,C*07:01:05,C*07:01,C*07:01:01:02,C*07:01,True,C
HLA02422_HLA00438,C*07:01:05,C*07:01,C*07:06,C*07:06,True,C
HLA02423_HLA00405,C*02:13,C*02:13,C*02:02:02,C*02:02,True,C
HLA02424_HLA00467,C*15:02:03,C*15:02,C*15:02:01,C*15:02,True,C
HLA02425_HLA00433,C*07:35,C*07:35,C*07:01:01:01,C*07:01,True,C
HLA02425_HLA07937,C*07:35,C*07:35,C*07:01:01:02,C*07:01,True,C
HLA02425_HLA00438,C*07:35,C*07:35,C*07:06,C*07:06,True,C
HLA02427_HLA00462,C*14:08,C*14:08,C*14:02:01,C*14:02,True,C
HLA02428_HLA00455,C*12:03:04,C*12:03,C*12:03:01:01,C*12:03,True,C
HLA02428_HLA02766,C*12:03:04,C*12:03,C*12:03:01:02,C*12:03,True,C
HLA02429_HLA00420,C*04:18,C*04:18,C*04:01:01:01,C*04:01,True,C
HLA02429_HLA01328,C*04:18,C*04:18,C*04:01:01:02,C*04:01,True,C
HLA02429_HLA03572,C*04:18,C*04:18,C*04:01:01:03,C*04:01,True,C
HLA02429_HLA08080,C*04:18,C*04:18,C*04:01:01:05,C*04:01,True,C
HLA02430_HLA02120,C*02:14,C*02:14,C*02:10,C*02:10,True,C
HLA02434_HLA00420,C*04:01:04,C*04:01,C*04:01:01:01,C*04:01,True,C
HLA02434_HLA01328,C*04:01:04,C*04:01,C*04:01:01:02,C*04:01,True,C
HLA02434_HLA03572,C*04:01:04,C*04:01,C*04:01:01:03,C*04:01,True,C
HLA02434_HLA08080,C*04:01:04,C*04:01,C*04:01:01:05,C*04:01,True,C
HLA02444_HLA00413,C*03:23,C*03:23,C*03:04:01:01,C*03:04,True,C
HLA02445_HLA00447,C*08:14,C*08:14,C*08:03:01,C*08:03,True,C
HLA02448_HLA00433,C*07:36,C*07:36,C*07:01:01:01,C*07:01,True,C
HLA02448_HLA07937,C*07:36,C*07:36,C*07:01:01:02,C*07:01,True,C
HLA02459_HLA00434,C*07:37,C*07:37,C*07:02:01:01,C*07:02,True,C
HLA02459_HLA01326,C*07:37,C*07:37,C*07:02:01:02,C*07:02,True,C
HLA02459_HLA01902,C*07:37,C*07:37,C*07:02:01:03,C*07:02,True,C
HLA02459_HLA07777,C*07:37,C*07:37,C*07:02:01:04,C*07:02,True,C
HLA02459_HLA07778,C*07:37,C*07:37,C*07:02:01:05,C*07:02,True,C
HLA02467_HLA00413,C*03:24,C*03:24,C*03:04:01:01,C*03:04,True,C
HLA02469_HLA00401,C*01:12,C*01:12,C*01:02:01,C*01:02,True,C
HLA02475_HLA00434,C*07:38:01,C*07:38,C*07:02:01:01,C*07:02,True,C
HLA02475_HLA01326,C*07:38:01,C*07:38,C*07:02:01:02,C*07:02,True,C
HLA02475_HLA01902,C*07:38:01,C*07:38,C*07:02:01:03,C*07:02,True,C
HLA02475_HLA07777,C*07:38:01,C*07:38,C*07:02:01:04,C*07:02,True,C
HLA02475_HLA07778,C*07:38:01,C*07:38,C*07:02:01:05,C*07:02,True,C
HLA02478_HLA00401,C*01:13,C*01:13,C*01:02:01,C*01:02,True,C
HLA02485_HLA00415,C*03:25,C*03:25,C*03:05,C*03:05,True,C
HLA02511_HLA00420,C*04:19,C*04:19,C*04:01:01:01,C*04:01,True,C
HLA02511_HLA01328,C*04:19,C*04:19,C*04:01:01:02,C*04:01,True,C
HLA02511_HLA03572,C*04:19,C*04:19,C*04:01:01:03,C*04:01,True,C
HLA02511_HLA08080,C*04:19,C*04:19,C*04:01:01:05,C*04:01,True,C
HLA02522_HLA00413,C*03:04:05,C*03:04,C*03:04:01:01,C*03:04,True,C
HLA02523_HLA00433,C*07:01:06,C*07:01,C*07:01:01:01,C*07:01,True,C
HLA02523_HLA07937,C*07:01:06,C*07:01,C*07:01:01:02,C*07:01,True,C
HLA02523_HLA00438,C*07:01:06,C*07:01,C*07:06,C*07:06,True,C
HLA02525_HLA00420,C*04:20,C*04:20,C*04:01:01:01,C*04:01,True,C
HLA02525_HLA01328,C*04:20,C*04:20,C*04:01:01:02,C*04:01,True,C
HLA02525_HLA03572,C*04:20,C*04:20,C*04:01:01:03,C*04:01,True,C
HLA02525_HLA08080,C*04:20,C*04:20,C*04:01:01:05,C*04:01,True,C
HLA02526_HLA00413,C*03:26,C*03:26,C*03:04:01:01,C*03:04,True,C
HLA02527_HLA00454,C*12:18:01,C*12:18,C*12:02:02,C*12:02,True,C
HLA02559_HLA00405,C*02:15,C*02:15,C*02:02:02,C*02:02,True,C
HLA02564_HLA00434,C*07:39,C*07:39,C*07:02:01:01,C*07:02,True,C
HLA02564_HLA01326,C*07:39,C*07:39,C*07:02:01:02,C*07:02,True,C
HLA02564_HLA01902,C*07:39,C*07:39,C*07:02:01:03,C*07:02,True,C
HLA02564_HLA07777,C*07:39,C*07:39,C*07:02:01:04,C*07:02,True,C
HLA02564_HLA07778,C*07:39,C*07:39,C*07:02:01:05,C*07:02,True,C
HLA02567_HLA00411,C*03:03:05,C*03:03,C*03:03:01,C*03:03,True,C
HLA02586_HLA00427,C*05:14,C*05:14,C*05:01:01:01,C*05:01,True,C
HLA02586_HLA03586,C*05:14,C*05:14,C*05:01:01:02,C*05:01,True,C
HLA02593_HLA03589,C*02:16:01,C*02:16,C*02:16:02,C*02:16,True,C
HLA02594_HLA00415,C*03:27,C*03:27,C*03:05,C*03:05,True,C
HLA02598_HLA00433,C*07:40,C*07:40,C*07:01:01:01,C*07:01,True,C
HLA02598_HLA07937,C*07:40,C*07:40,C*07:01:01:02,C*07:01,True,C
HLA02598_HLA00438,C*07:40,C*07:40,C*07:06,C*07:06,True,C
HLA02599_HLA00413,C*03:28,C*03:28,C*03:04:01:01,C*03:04,True,C
HLA02600_HLA00413,C*03:29,C*03:29,C*03:04:01:01,C*03:04,True,C
HLA02611_HLA00433,C*07:01:07,C*07:01,C*07:01:01:01,C*07:01,True,C
HLA02611_HLA07937,C*07:01:07,C*07:01,C*07:01:01:02,C*07:01,True,C
HLA02611_HLA00438,C*07:01:07,C*07:01,C*07:06,C*07:06,True,C
HLA02614_HLA00446,C*07:41,C*07:41,C*08:02:01,C*08:02,True,C
HLA02617_HLA00411,C*03:30,C*03:30,C*03:03:01,C*03:03,True,C
HLA02621_HLA00420,C*04:23,C*04:23,C*04:01:01:01,C*04:01,True,C
HLA02621_HLA01328,C*04:23,C*04:23,C*04:01:01:02,C*04:01,True,C
HLA02621_HLA03572,C*04:23,C*04:23,C*04:01:01:03,C*04:01,True,C
HLA02621_HLA08080,C*04:23,C*04:23,C*04:01:01:05,C*04:01,True,C
HLA02622_HLA00420,C*04:24,C*04:24,C*04:01:01:01,C*04:01,True,C
HLA02622_HLA01328,C*04:24,C*04:24,C*04:01:01:02,C*04:01,True,C
HLA02622_HLA03572,C*04:24,C*04:24,C*04:01:01:03,C*04:01,True,C
HLA02622_HLA08080,C*04:24,C*04:24,C*04:01:01:05,C*04:01,True,C
HLA02641_HLA00430,C*06:17,C*06:17,C*06:02:01:01,C*06:02,True,C
HLA02641_HLA02561,C*06:17,C*06:17,C*06:02:01:02,C*06:02,True,C
HLA02641_HLA05526,C*06:17,C*06:17,C*06:46N,C*06:46N,True,C
HLA02648_HLA00411,C*03:31,C*03:31,C*03:03:01,C*03:03,True,C
HLA02670_HLA00401,C*01:02:04,C*01:02,C*01:02:01,C*01:02,True,C
HLA02680_HLA00434,C*07:42,C*07:42,C*07:02:01:01,C*07:02,True,C
HLA02680_HLA01326,C*07:42,C*07:42,C*07:02:01:02,C*07:02,True,C
HLA02680_HLA01902,C*07:42,C*07:42,C*07:02:01:03,C*07:02,True,C
HLA02680_HLA07777,C*07:42,C*07:42,C*07:02:01:04,C*07:02,True,C
HLA02680_HLA07778,C*07:42,C*07:42,C*07:02:01:05,C*07:02,True,C
HLA02681_HLA00413,C*03:32,C*03:32,C*03:04:01:01,C*03:04,True,C
HLA02686_HLA00476,C*16:09,C*16:09,C*16:02:01,C*16:02,True,C
HLA02697_HLA00433,C*07:43,C*07:43,C*07:01:01:01,C*07:01,True,C
HLA02697_HLA07937,C*07:43,C*07:43,C*07:01:01:02,C*07:01,True,C
HLA02697_HLA00434,C*07:43,C*07:43,C*07:02:01:01,C*07:02,True,C
HLA02697_HLA01326,C*07:43,C*07:43,C*07:02:01:02,C*07:02,True,C
HLA02697_HLA01902,C*07:43,C*07:43,C*07:02:01:03,C*07:02,True,C
HLA02697_HLA07777,C*07:43,C*07:43,C*07:02:01:04,C*07:02,True,C
HLA02697_HLA07778,C*07:43,C*07:43,C*07:02:01:05,C*07:02,True,C
HLA02697_HLA00438,C*07:43,C*07:43,C*07:06,C*07:06,True,C
HLA02708_HLA00430,C*06:14,C*06:14,C*06:02:01:01,C*06:02,True,C
HLA02708_HLA02561,C*06:14,C*06:14,C*06:02:01:02,C*06:02,True,C
HLA02708_HLA05526,C*06:14,C*06:14,C*06:46N,C*06:46N,True,C
HLA02709_HLA00433,C*07:44,C*07:44,C*07:01:01:01,C*07:01,True,C
HLA02709_HLA07937,C*07:44,C*07:44,C*07:01:01:02,C*07:01,True,C
HLA02709_HLA00438,C*07:44,C*07:44,C*07:06,C*07:06,True,C
HLA02715_HLA00410,C*03:33,C*03:33,C*03:02:01,C*03:02,True,C
HLA02715_HLA05731,C*03:33,C*03:33,C*03:02:02:02,C*03:02,True,C
HLA02729_HLA00413,C*03:34,C*03:34,C*03:04:01:01,C*03:04,True,C
HLA02730_HLA00436,C*07:45,C*07:45,C*07:04:01,C*07:04,True,C
HLA02753_HLA00427,C*05:15,C*05:15,C*05:01:01:01,C*05:01,True,C
HLA02753_HLA03586,C*05:15,C*05:15,C*05:01:01:02,C*05:01,True,C
HLA02758_HLA01412,C*03:35,C*03:35,C*03:13,C*03:13,True,C
HLA02764_HLA02120,C*02:17,C*02:17,C*02:10,C*02:10,True,C
HLA02785_HLA00427,C*05:16,C*05:16,C*05:01:01:01,C*05:01,True,C
HLA02785_HLA03586,C*05:16,C*05:16,C*05:01:01:02,C*05:01,True,C
HLA02789_HLA00434,C*07:46,C*07:46,C*07:02:01:01,C*07:02,True,C
HLA02789_HLA01326,C*07:46,C*07:46,C*07:02:01:02,C*07:02,True,C
HLA02789_HLA01902,C*07:46,C*07:46,C*07:02:01:03,C*07:02,True,C
HLA02789_HLA07777,C*07:46,C*07:46,C*07:02:01:04,C*07:02,True,C
HLA02789_HLA07778,C*07:46,C*07:46,C*07:02:01:05,C*07:02,True,C
HLA02791_HLA00455,C*12:20,C*12:20,C*12:03:01:01,C*12:03,True,C
HLA02791_HLA02766,C*12:20,C*12:20,C*12:03:01:02,C*12:03,True,C
HLA02811_HLA00401,C*01:15,C*01:15,C*01:02:01,C*01:02,True,C
HLA02812_HLA00401,C*01:16,C*01:16,C*01:02:01,C*01:02,True,C
HLA02813_HLA00401,C*01:17,C*01:17,C*01:02:01,C*01:02,True,C
HLA02814_HLA00401,C*01:18,C*01:18,C*01:02:01,C*01:02,True,C
HLA02815_HLA00401,C*01:02:05,C*01:02,C*01:02:01,C*01:02,True,C
HLA02816_HLA03589,C*02:18,C*02:18,C*02:16:02,C*02:16,True,C
HLA02817_HLA00410,C*03:36,C*03:36,C*03:02:01,C*03:02,True,C
HLA02817_HLA05731,C*03:36,C*03:36,C*03:02:02:02,C*03:02,True,C
HLA02818_HLA00413,C*03:37:01,C*03:37,C*03:04:01:01,C*03:04,True,C
HLA02819_HLA00414,C*03:04:06,C*03:04,C*03:04:02,C*03:04,True,C
HLA02820_HLA00413,C*03:04:07,C*03:04,C*03:04:01:01,C*03:04,True,C
HLA02821_HLA00414,C*03:38:01,C*03:38,C*03:04:02,C*03:04,True,C
HLA02822_HLA00420,C*04:25,C*04:25,C*04:01:01:01,C*04:01,True,C
HLA02822_HLA01328,C*04:25,C*04:25,C*04:01:01:02,C*04:01,True,C
HLA02822_HLA03572,C*04:25,C*04:25,C*04:01:01:03,C*04:01,True,C
HLA02822_HLA08080,C*04:25,C*04:25,C*04:01:01:05,C*04:01,True,C
HLA02824_HLA00420,C*04:26,C*04:26,C*04:01:01:01,C*04:01,True,C
HLA02824_HLA01328,C*04:26,C*04:26,C*04:01:01:02,C*04:01,True,C
HLA02824_HLA03572,C*04:26,C*04:26,C*04:01:01:03,C*04:01,True,C
HLA02824_HLA08080,C*04:26,C*04:26,C*04:01:01:05,C*04:01,True,C
HLA02831_HLA00420,C*04:27,C*04:27,C*04:01:01:01,C*04:01,True,C
HLA02831_HLA01328,C*04:27,C*04:27,C*04:01:01:02,C*04:01,True,C
HLA02831_HLA03572,C*04:27,C*04:27,C*04:01:01:03,C*04:01,True,C
HLA02831_HLA08080,C*04:27,C*04:27,C*04:01:01:05,C*04:01,True,C
HLA02832_HLA00430,C*06:15,C*06:15,C*06:02:01:01,C*06:02,True,C
HLA02832_HLA02561,C*06:15,C*06:15,C*06:02:01:02,C*06:02,True,C
HLA02832_HLA05526,C*06:15,C*06:15,C*06:46N,C*06:46N,True,C
HLA02833_HLA00430,C*06:16N,C*06:16N,C*06:02:01:01,C*06:02,True,C
HLA02833_HLA02561,C*06:16N,C*06:16N,C*06:02:01:02,C*06:02,True,C
HLA02833_HLA05526,C*06:16N,C*06:16N,C*06:46N,C*06:46N,True,C
HLA02834_HLA00434,C*07:47,C*07:47,C*07:02:01:01,C*07:02,True,C
HLA02834_HLA01326,C*07:47,C*07:47,C*07:02:01:02,C*07:02,True,C
HLA02834_HLA01902,C*07:47,C*07:47,C*07:02:01:03,C*07:02,True,C
HLA02834_HLA07777,C*07:47,C*07:47,C*07:02:01:04,C*07:02,True,C
HLA02834_HLA07778,C*07:47,C*07:47,C*07:02:01:05,C*07:02,True,C
HLA02835_HLA00434,C*07:48,C*07:48,C*07:02:01:01,C*07:02,True,C
HLA02835_HLA01326,C*07:48,C*07:48,C*07:02:01:02,C*07:02,True,C
HLA02835_HLA01902,C*07:48,C*07:48,C*07:02:01:03,C*07:02,True,C
HLA02835_HLA07777,C*07:48,C*07:48,C*07:02:01:04,C*07:02,True,C
HLA02835_HLA07778,C*07:48,C*07:48,C*07:02:01:05,C*07:02,True,C
HLA02836_HLA00467,C*15:18,C*15:18,C*15:02:01,C*15:02,True,C
HLA02837_HLA00471,C*15:19,C*15:19,C*15:05:02,C*15:05,True,C
HLA02839_HLA00483,C*18:03,C*18:03,C*18:01,C*18:01,True,C
HLA02842_HLA00455,C*12:21,C*12:21,C*12:03:01:01,C*12:03,True,C
HLA02842_HLA02766,C*12:21,C*12:21,C*12:03:01:02,C*12:03,True,C
HLA02843_HLA00411,C*03:39,C*03:39,C*03:03:01,C*03:03,True,C
HLA02868_HLA00475,C*16:01:03,C*16:01,C*16:01:01,C*16:01,True,C
HLA02927_HLA00413,C*03:41,C*03:41,C*03:04:01:01,C*03:04,True,C
HLA02928_HLA00467,C*15:21,C*15:21,C*15:02:01,C*15:02,True,C
HLA02947_HLA00401,C*01:19,C*01:19,C*01:02:01,C*01:02,True,C
HLA02979_HLA01856,C*05:17,C*05:17,C*05:09:01,C*05:09,True,C
HLA02993_HLA02881,C*03:42,C*03:42,C*03:40:01,C*03:40,True,C
HLA02994_HLA00411,C*03:43:01,C*03:43,C*03:03:01,C*03:03,True,C
HLA02998_HLA00413,C*03:44,C*03:44,C*03:04:01:01,C*03:04,True,C
HLA03012_HLA00433,C*07:01:08,C*07:01,C*07:01:01:01,C*07:01,True,C
HLA03012_HLA07937,C*07:01:08,C*07:01,C*07:01:01:02,C*07:01,True,C
HLA03012_HLA00438,C*07:01:08,C*07:01,C*07:06,C*07:06,True,C
HLA03013_HLA00434,C*07:51,C*07:51,C*07:02:01:01,C*07:02,True,C
HLA03013_HLA01326,C*07:51,C*07:51,C*07:02:01:02,C*07:02,True,C
HLA03013_HLA01902,C*07:51,C*07:51,C*07:02:01:03,C*07:02,True,C
HLA03013_HLA07777,C*07:51,C*07:51,C*07:02:01:04,C*07:02,True,C
HLA03013_HLA07778,C*07:51,C*07:51,C*07:02:01:05,C*07:02,True,C
HLA03017_HLA00446,C*08:15:01,C*08:15,C*08:02:01,C*08:02,True,C
HLA03024_HLA00405,C*02:19,C*02:19,C*02:02:02,C*02:02,True,C
HLA03027_HLA00413,C*03:45,C*03:45,C*03:04:01:01,C*03:04,True,C
HLA03048_HLA00413,C*03:38:02,C*03:38,C*03:04:01:01,C*03:04,True,C
HLA03077_HLA00420,C*04:29,C*04:29,C*04:01:01:01,C*04:01,True,C
HLA03077_HLA01328,C*04:29,C*04:29,C*04:01:01:02,C*04:01,True,C
HLA03077_HLA03572,C*04:29,C*04:29,C*04:01:01:03,C*04:01,True,C
HLA03077_HLA08080,C*04:29,C*04:29,C*04:01:01:05,C*04:01,True,C
HLA03079_HLA00405,C*02:20,C*02:20,C*02:02:02,C*02:02,True,C
HLA03081_HLA00405,C*02:02:06,C*02:02,C*02:02:02,C*02:02,True,C
HLA03106_HLA00420,C*04:15:02,C*04:15,C*04:01:01:01,C*04:01,True,C
HLA03106_HLA01328,C*04:15:02,C*04:15,C*04:01:01:02,C*04:01,True,C
HLA03106_HLA03572,C*04:15:02,C*04:15,C*04:01:01:03,C*04:01,True,C
HLA03106_HLA08080,C*04:15:02,C*04:15,C*04:01:01:05,C*04:01,True,C
HLA03107_HLA00433,C*07:27:02,C*07:27,C*07:01:01:01,C*07:01,True,C
HLA03107_HLA07937,C*07:27:02,C*07:27,C*07:01:01:02,C*07:01,True,C
HLA03107_HLA00434,C*07:27:02,C*07:27,C*07:02:01:01,C*07:02,True,C
HLA03107_HLA01326,C*07:27:02,C*07:27,C*07:02:01:02,C*07:02,True,C
HLA03107_HLA01902,C*07:27:02,C*07:27,C*07:02:01:03,C*07:02,True,C
HLA03107_HLA07777,C*07:27:02,C*07:27,C*07:02:01:04,C*07:02,True,C
HLA03107_HLA07778,C*07:27:02,C*07:27,C*07:02:01:05,C*07:02,True,C
HLA03107_HLA00438,C*07:27:02,C*07:27,C*07:06,C*07:06,True,C
HLA03108_HLA00467,C*15:10:02,C*15:10,C*15:02:01,C*15:02,True,C
HLA03115_HLA00475,C*16:10,C*16:10,C*16:01:01,C*16:01,True,C
HLA03121_HLA00462,C*14:09,C*14:09,C*14:02:01,C*14:02,True,C
HLA03127_HLA00455,C*12:03:05,C*12:03,C*12:03:01:01,C*12:03,True,C
HLA03127_HLA02766,C*12:03:05,C*12:03,C*12:03:01:02,C*12:03,True,C
HLA03128_HLA00420,C*04:31,C*04:31,C*04:01:01:01,C*04:01,True,C
HLA03128_HLA01328,C*04:31,C*04:31,C*04:01:01:02,C*04:01,True,C
HLA03128_HLA03572,C*04:31,C*04:31,C*04:01:01:03,C*04:01,True,C
HLA03128_HLA08080,C*04:31,C*04:31,C*04:01:01:05,C*04:01,True,C
HLA03139_HLA00433,C*07:53,C*07:53,C*07:01:01:01,C*07:01,True,C
HLA03139_HLA07937,C*07:53,C*07:53,C*07:01:01:02,C*07:01,True,C
HLA03139_HLA00438,C*07:53,C*07:53,C*07:06,C*07:06,True,C
HLA03146_HLA00467,C*15:02:04,C*15:02,C*15:02:01,C*15:02,True,C
HLA03163_HLA00413,C*03:47,C*03:47,C*03:04:01:01,C*03:04,True,C
HLA03212_HLA00427,C*05:18:01,C*05:18,C*05:01:01:01,C*05:01,True,C
HLA03212_HLA03586,C*05:18:01,C*05:18,C*05:01:01:02,C*05:01,True,C
HLA03214_HLA00420,C*04:32,C*04:32,C*04:01:01:01,C*04:01,True,C
HLA03214_HLA01328,C*04:32,C*04:32,C*04:01:01:02,C*04:01,True,C
HLA03214_HLA03572,C*04:32,C*04:32,C*04:01:01:03,C*04:01,True,C
HLA03214_HLA08080,C*04:32,C*04:32,C*04:01:01:05,C*04:01,True,C
HLA03219_HLA00427,C*05:19,C*05:19,C*05:01:01:01,C*05:01,True,C
HLA03219_HLA03586,C*05:19,C*05:19,C*05:01:01:02,C*05:01,True,C
HLA03226_HLA00420,C*04:01:05,C*04:01,C*04:01:01:01,C*04:01,True,C
HLA03226_HLA01328,C*04:01:05,C*04:01,C*04:01:01:02,C*04:01,True,C
HLA03226_HLA03572,C*04:01:05,C*04:01,C*04:01:01:03,C*04:01,True,C
HLA03226_HLA08080,C*04:01:05,C*04:01,C*04:01:01:05,C*04:01,True,C
HLA03232_HLA00434,C*07:02:02,C*07:02,C*07:02:01:01,C*07:02,True,C
HLA03232_HLA01326,C*07:02:02,C*07:02,C*07:02:01:02,C*07:02,True,C
HLA03232_HLA01902,C*07:02:02,C*07:02,C*07:02:01:03,C*07:02,True,C
HLA03232_HLA07777,C*07:02:02,C*07:02,C*07:02:01:04,C*07:02,True,C
HLA03232_HLA07778,C*07:02:02,C*07:02,C*07:02:01:05,C*07:02,True,C
HLA03233_HLA00401,C*01:20,C*01:20,C*01:02:01,C*01:02,True,C
HLA03238_HLA00475,C*16:11,C*16:11,C*16:01:01,C*16:01,True,C
HLA03239_HLA00434,C*07:54,C*07:54,C*07:02:01:01,C*07:02,True,C
HLA03239_HLA01326,C*07:54,C*07:54,C*07:02:01:02,C*07:02,True,C
HLA03239_HLA01902,C*07:54,C*07:54,C*07:02:01:03,C*07:02,True,C
HLA03239_HLA07777,C*07:54,C*07:54,C*07:02:01:04,C*07:02,True,C
HLA03239_HLA07778,C*07:54,C*07:54,C*07:02:01:05,C*07:02,True,C
HLA03242_HLA00413,C*03:48,C*03:48,C*03:04:01:01,C*03:04,True,C
HLA03252_HLA00405,C*02:21,C*02:21,C*02:02:02,C*02:02,True,C
HLA03280_HLA00445,C*08:16:01,C*08:16,C*08:01:01,C*08:01,True,C
HLA03298_HLA00433,C*07:55N,C*07:55N,C*07:01:01:01,C*07:01,True,C
HLA03298_HLA07937,C*07:55N,C*07:55N,C*07:01:01:02,C*07:01,True,C
HLA03298_HLA00438,C*07:55N,C*07:55N,C*07:06,C*07:06,True,C
HLA03310_HLA00434,C*07:56:01,C*07:56,C*07:02:01:01,C*07:02,True,C
HLA03310_HLA01326,C*07:56:01,C*07:56,C*07:02:01:02,C*07:02,True,C
HLA03310_HLA01902,C*07:56:01,C*07:56,C*07:02:01:03,C*07:02,True,C
HLA03310_HLA07777,C*07:56:01,C*07:56,C*07:02:01:04,C*07:02,True,C
HLA03310_HLA07778,C*07:56:01,C*07:56,C*07:02:01:05,C*07:02,True,C
HLA03362_HLA00411,C*03:49,C*03:49,C*03:03:01,C*03:03,True,C
HLA03363_HLA00401,C*01:22,C*01:22,C*01:02:01,C*01:02,True,C
HLA03364_HLA00420,C*04:33,C*04:33,C*04:01:01:01,C*04:01,True,C
HLA03364_HLA01328,C*04:33,C*04:33,C*04:01:01:02,C*04:01,True,C
HLA03364_HLA03572,C*04:33,C*04:33,C*04:01:01:03,C*04:01,True,C
HLA03364_HLA08080,C*04:33,C*04:33,C*04:01:01:05,C*04:01,True,C
HLA03365_HLA00433,C*07:57,C*07:57,C*07:01:01:01,C*07:01,True,C
HLA03365_HLA07937,C*07:57,C*07:57,C*07:01:01:02,C*07:01,True,C
HLA03402_HLA00411,C*03:50,C*03:50,C*03:03:01,C*03:03,True,C
HLA03404_HLA00420,C*04:34,C*04:34,C*04:01:01:01,C*04:01,True,C
HLA03404_HLA01328,C*04:34,C*04:34,C*04:01:01:02,C*04:01,True,C
HLA03404_HLA03572,C*04:34,C*04:34,C*04:01:01:03,C*04:01,True,C
HLA03404_HLA08080,C*04:34,C*04:34,C*04:01:01:05,C*04:01,True,C
HLA03405_HLA00405,C*02:22,C*02:22,C*02:02:02,C*02:02,True,C
HLA03414_HLA00433,C*07:58,C*07:58,C*07:01:01:01,C*07:01,True,C
HLA03414_HLA07937,C*07:58,C*07:58,C*07:01:01:02,C*07:01,True,C
HLA03414_HLA00438,C*07:58,C*07:58,C*07:06,C*07:06,True,C
HLA03415_HLA00464,C*14:10,C*14:10,C*14:03,C*14:03,True,C
HLA03419_HLA00433,C*07:59,C*07:59,C*07:01:01:01,C*07:01,True,C
HLA03419_HLA07937,C*07:59,C*07:59,C*07:01:01:02,C*07:01,True,C
HLA03420_HLA00446,C*08:17,C*08:17,C*08:02:01,C*08:02,True,C
HLA03425_HLA00476,C*16:12,C*16:12,C*16:02:01,C*16:02,True,C
HLA03429_HLA00430,C*06:18,C*06:18,C*06:02:01:01,C*06:02,True,C
HLA03429_HLA02561,C*06:18,C*06:18,C*06:02:01:02,C*06:02,True,C
HLA03429_HLA05526,C*06:18,C*06:18,C*06:46N,C*06:46N,True,C
HLA03430_HLA00420,C*04:35,C*04:35,C*04:01:01:01,C*04:01,True,C
HLA03430_HLA01328,C*04:35,C*04:35,C*04:01:01:02,C*04:01,True,C
HLA03430_HLA03572,C*04:35,C*04:35,C*04:01:01:03,C*04:01,True,C
HLA03430_HLA08080,C*04:35,C*04:35,C*04:01:01:05,C*04:01,True,C
HLA03436_HLA00433,C*07:60,C*07:60,C*07:01:01:01,C*07:01,True,C
HLA03436_HLA07937,C*07:60,C*07:60,C*07:01:01:02,C*07:01,True,C
HLA03436_HLA00438,C*07:60,C*07:60,C*07:06,C*07:06,True,C
HLA03437_HLA00420,C*04:36,C*04:36,C*04:01:01:01,C*04:01,True,C
HLA03437_HLA01328,C*04:36,C*04:36,C*04:01:01:02,C*04:01,True,C
HLA03437_HLA03572,C*04:36,C*04:36,C*04:01:01:03,C*04:01,True,C
HLA03437_HLA08080,C*04:36,C*04:36,C*04:01:01:05,C*04:01,True,C
HLA03438_HLA00427,C*05:20,C*05:20,C*05:01:01:01,C*05:01,True,C
HLA03438_HLA03586,C*05:20,C*05:20,C*05:01:01:02,C*05:01,True,C
HLA03438_HLA00446,C*05:20,C*05:20,C*08:02:01,C*08:02,True,C
HLA03439_HLA00434,C*07:61N,C*07:61N,C*07:02:01:01,C*07:02,True,C
HLA03439_HLA01326,C*07:61N,C*07:61N,C*07:02:01:02,C*07:02,True,C
HLA03439_HLA01902,C*07:61N,C*07:61N,C*07:02:01:03,C*07:02,True,C
HLA03439_HLA07777,C*07:61N,C*07:61N,C*07:02:01:04,C*07:02,True,C
HLA03439_HLA07778,C*07:61N,C*07:61N,C*07:02:01:05,C*07:02,True,C
HLA03440_HLA00446,C*08:18,C*08:18,C*08:02:01,C*08:02,True,C
HLA03444_HLA00434,C*07:62,C*07:62,C*07:02:01:01,C*07:02,True,C
HLA03444_HLA01326,C*07:62,C*07:62,C*07:02:01:02,C*07:02,True,C
HLA03444_HLA01902,C*07:62,C*07:62,C*07:02:01:03,C*07:02,True,C
HLA03444_HLA07777,C*07:62,C*07:62,C*07:02:01:04,C*07:02,True,C
HLA03444_HLA07778,C*07:62,C*07:62,C*07:02:01:05,C*07:02,True,C
HLA03445_HLA00401,C*01:02:06,C*01:02,C*01:02:01,C*01:02,True,C
HLA03455_HLA00462,C*14:11,C*14:11,C*14:02:01,C*14:02,True,C
HLA03459_HLA00434,C*07:02:03,C*07:02,C*07:02:01:01,C*07:02,True,C
HLA03459_HLA01326,C*07:02:03,C*07:02,C*07:02:01:02,C*07:02,True,C
HLA03459_HLA01902,C*07:02:03,C*07:02,C*07:02:01:03,C*07:02,True,C
HLA03459_HLA07777,C*07:02:03,C*07:02,C*07:02:01:04,C*07:02,True,C
HLA03459_HLA07778,C*07:02:03,C*07:02,C*07:02:01:05,C*07:02,True,C
HLA03477_HLA00436,C*07:63,C*07:63,C*07:04:01,C*07:04,True,C
HLA03482_HLA00446,C*08:19,C*08:19,C*08:02:01,C*08:02,True,C
HLA03504_HLA00420,C*04:01:06,C*04:01,C*04:01:01:01,C*04:01,True,C
HLA03504_HLA01328,C*04:01:06,C*04:01,C*04:01:01:02,C*04:01,True,C
HLA03504_HLA03572,C*04:01:06,C*04:01,C*04:01:01:03,C*04:01,True,C
HLA03504_HLA08080,C*04:01:06,C*04:01,C*04:01:01:05,C*04:01,True,C
HLA03515_HLA00434,C*07:64,C*07:64,C*07:02:01:01,C*07:02,True,C
HLA03515_HLA01326,C*07:64,C*07:64,C*07:02:01:02,C*07:02,True,C
HLA03515_HLA01902,C*07:64,C*07:64,C*07:02:01:03,C*07:02,True,C
HLA03515_HLA07777,C*07:64,C*07:64,C*07:02:01:04,C*07:02,True,C
HLA03515_HLA07778,C*07:64,C*07:64,C*07:02:01:05,C*07:02,True,C
HLA03517_HLA00427,C*05:21,C*05:21,C*05:01:01:01,C*05:01,True,C
HLA03517_HLA03586,C*05:21,C*05:21,C*05:01:01:02,C*05:01,True,C
HLA03526_HLA00430,C*06:19,C*06:19,C*06:02:01:01,C*06:02,True,C
HLA03526_HLA02561,C*06:19,C*06:19,C*06:02:01:02,C*06:02,True,C
HLA03526_HLA05526,C*06:19,C*06:19,C*06:46N,C*06:46N,True,C
HLA03527_HLA00420,C*04:37,C*04:37,C*04:01:01:01,C*04:01,True,C
HLA03527_HLA01328,C*04:37,C*04:37,C*04:01:01:02,C*04:01,True,C
HLA03527_HLA03572,C*04:37,C*04:37,C*04:01:01:03,C*04:01,True,C
HLA03527_HLA08080,C*04:37,C*04:37,C*04:01:01:05,C*04:01,True,C
HLA03531_HLA00427,C*05:22:01,C*05:22,C*05:01:01:01,C*05:01,True,C
HLA03531_HLA03586,C*05:22:01,C*05:22,C*05:01:01:02,C*05:01,True,C
HLA03538_HLA00436,C*07:04:03,C*07:04,C*07:04:01,C*07:04,True,C
HLA03539_HLA00405,C*02:23,C*02:23,C*02:02:02,C*02:02,True,C
HLA03544_HLA00411,C*03:43:02,C*03:43,C*03:03:01,C*03:03,True,C
HLA03545_HLA00481,C*17:05,C*17:05,C*17:01:01:01,C*17:01,True,C
HLA03546_HLA00433,C*07:65,C*07:65,C*07:01:01:01,C*07:01,True,C
HLA03546_HLA07937,C*07:65,C*07:65,C*07:01:01:02,C*07:01,True,C
HLA03546_HLA00438,C*07:65,C*07:65,C*07:06,C*07:06,True,C
HLA03563_HLA00427,C*05:23,C*05:23,C*05:01:01:01,C*05:01,True,C
HLA03563_HLA03586,C*05:23,C*05:23,C*05:01:01:02,C*05:01,True,C
HLA03598_HLA00401,C*01:23,C*01:23,C*01:02:01,C*01:02,True,C
HLA03619_HLA00454,C*12:14:02,C*12:14,C*12:02:02,C*12:02,True,C
HLA03624_HLA00430,C*06:20,C*06:20,C*06:02:01:01,C*06:02,True,C
HLA03624_HLA02561,C*06:20,C*06:20,C*06:02:01:02,C*06:02,True,C
HLA03624_HLA05526,C*06:20,C*06:20,C*06:46N,C*06:46N,True,C
HLA03634_HLA00427,C*05:24,C*05:24,C*05:01:01:01,C*05:01,True,C
HLA03634_HLA03586,C*05:24,C*05:24,C*05:01:01:02,C*05:01,True,C
HLA03638_HLA00434,C*07:02:04,C*07:02,C*07:02:01:01,C*07:02,True,C
HLA03638_HLA01326,C*07:02:04,C*07:02,C*07:02:01:02,C*07:02,True,C
HLA03638_HLA01902,C*07:02:04,C*07:02,C*07:02:01:03,C*07:02,True,C
HLA03638_HLA07777,C*07:02:04,C*07:02,C*07:02:01:04,C*07:02,True,C
HLA03638_HLA07778,C*07:02:04,C*07:02,C*07:02:01:05,C*07:02,True,C
HLA03678_HLA00420,C*04:38,C*04:38,C*04:01:01:01,C*04:01,True,C
HLA03678_HLA01328,C*04:38,C*04:38,C*04:01:01:02,C*04:01,True,C
HLA03678_HLA03572,C*04:38,C*04:38,C*04:01:01:03,C*04:01,True,C
HLA03678_HLA08080,C*04:38,C*04:38,C*04:01:01:05,C*04:01,True,C
HLA03681_HLA00427,C*05:25,C*05:25,C*05:01:01:01,C*05:01,True,C
HLA03681_HLA03586,C*05:25,C*05:25,C*05:01:01:02,C*05:01,True,C
HLA03682_HLA00430,C*06:22,C*06:22,C*06:02:01:01,C*06:02,True,C
HLA03682_HLA02561,C*06:22,C*06:22,C*06:02:01:02,C*06:02,True,C
HLA03682_HLA05526,C*06:22,C*06:22,C*06:46N,C*06:46N,True,C
HLA03687_HLA00413,C*03:57,C*03:57,C*03:04:01:01,C*03:04,True,C
HLA03696_HLA00446,C*08:23,C*08:23,C*08:02:01,C*08:02,True,C
HLA03697_HLA00430,C*06:23,C*06:23,C*06:02:01:01,C*06:02,True,C
HLA03697_HLA02561,C*06:23,C*06:23,C*06:02:01:02,C*06:02,True,C
HLA03697_HLA05526,C*06:23,C*06:23,C*06:46N,C*06:46N,True,C
HLA03698_HLA00436,C*07:68,C*07:68,C*07:04:01,C*07:04,True,C
HLA03699_HLA00420,C*04:40,C*04:40,C*04:01:01:01,C*04:01,True,C
HLA03699_HLA01328,C*04:40,C*04:40,C*04:01:01:02,C*04:01,True,C
HLA03699_HLA03572,C*04:40,C*04:40,C*04:01:01:03,C*04:01,True,C
HLA03699_HLA08080,C*04:40,C*04:40,C*04:01:01:05,C*04:01,True,C
HLA03700_HLA00433,C*07:69,C*07:69,C*07:01:01:01,C*07:01,True,C
HLA03700_HLA07937,C*07:69,C*07:69,C*07:01:01:02,C*07:01,True,C
HLA03700_HLA00438,C*07:69,C*07:69,C*07:06,C*07:06,True,C
HLA03701_HLA00433,C*07:70,C*07:70,C*07:01:01:01,C*07:01,True,C
HLA03701_HLA07937,C*07:70,C*07:70,C*07:01:01:02,C*07:01,True,C
HLA03701_HLA00438,C*07:70,C*07:70,C*07:06,C*07:06,True,C
HLA03702_HLA00433,C*07:71,C*07:71,C*07:01:01:01,C*07:01,True,C
HLA03702_HLA07937,C*07:71,C*07:71,C*07:01:01:02,C*07:01,True,C
HLA03702_HLA00438,C*07:71,C*07:71,C*07:06,C*07:06,True,C
HLA03703_HLA00434,C*07:72,C*07:72,C*07:02:01:01,C*07:02,True,C
HLA03703_HLA01326,C*07:72,C*07:72,C*07:02:01:02,C*07:02,True,C
HLA03703_HLA01902,C*07:72,C*07:72,C*07:02:01:03,C*07:02,True,C
HLA03703_HLA07777,C*07:72,C*07:72,C*07:02:01:04,C*07:02,True,C
HLA03703_HLA07778,C*07:72,C*07:72,C*07:02:01:05,C*07:02,True,C
HLA03704_HLA00405,C*02:26:01,C*02:26,C*02:02:02,C*02:02,True,C
HLA03705_HLA00405,C*02:27:01,C*02:27,C*02:02:02,C*02:02,True,C
HLA03706_HLA00401,C*01:26,C*01:26,C*01:02:01,C*01:02,True,C
HLA03707_HLA00401,C*01:27,C*01:27,C*01:02:01,C*01:02,True,C
HLA03713_HLA00402,C*03:58,C*03:58,C*01:03,C*01:03,True,C
HLA03723_HLA00413,C*03:51,C*03:51,C*03:04:01:01,C*03:04,True,C
HLA03724_HLA00411,C*03:52,C*03:52,C*03:03:01,C*03:03,True,C
HLA03725_HLA00411,C*03:53,C*03:53,C*03:03:01,C*03:03,True,C
HLA03726_HLA00475,C*16:13,C*16:13,C*16:01:01,C*16:01,True,C
HLA03727_HLA00430,C*06:21,C*06:21,C*06:02:01:01,C*06:02,True,C
HLA03727_HLA02561,C*06:21,C*06:21,C*06:02:01:02,C*06:02,True,C
HLA03727_HLA05526,C*06:21,C*06:21,C*06:46N,C*06:46N,True,C
HLA03728_HLA00405,C*02:24,C*02:24,C*02:02:02,C*02:02,True,C
HLA03729_HLA00413,C*03:54,C*03:54,C*03:04:01:01,C*03:04,True,C
HLA03730_HLA00401,C*01:02:07,C*01:02,C*01:02:01,C*01:02,True,C
HLA03731_HLA00405,C*02:02:07,C*02:02,C*02:02:02,C*02:02,True,C
HLA03732_HLA00411,C*03:03:06,C*03:03,C*03:03:01,C*03:03,True,C
HLA03733_HLA00411,C*03:55,C*03:55,C*03:03:01,C*03:03,True,C
HLA03734_HLA00420,C*04:01:07,C*04:01,C*04:01:01:01,C*04:01,True,C
HLA03734_HLA01328,C*04:01:07,C*04:01,C*04:01:01:02,C*04:01,True,C
HLA03734_HLA03572,C*04:01:07,C*04:01,C*04:01:01:03,C*04:01,True,C
HLA03734_HLA08080,C*04:01:07,C*04:01,C*04:01:01:05,C*04:01,True,C
HLA03735_HLA00420,C*04:39,C*04:39,C*04:01:01:01,C*04:01,True,C
HLA03735_HLA01328,C*04:39,C*04:39,C*04:01:01:02,C*04:01,True,C
HLA03735_HLA03572,C*04:39,C*04:39,C*04:01:01:03,C*04:01,True,C
HLA03735_HLA08080,C*04:39,C*04:39,C*04:01:01:05,C*04:01,True,C
HLA03736_HLA00420,C*04:01:08,C*04:01,C*04:01:01:01,C*04:01,True,C
HLA03736_HLA01328,C*04:01:08,C*04:01,C*04:01:01:02,C*04:01,True,C
HLA03736_HLA03572,C*04:01:08,C*04:01,C*04:01:01:03,C*04:01,True,C
HLA03736_HLA08080,C*04:01:08,C*04:01,C*04:01:01:05,C*04:01,True,C
HLA03737_HLA00411,C*03:56,C*03:56,C*03:03:01,C*03:03,True,C
HLA03738_HLA00475,C*16:14,C*16:14,C*16:01:01,C*16:01,True,C
HLA03739_HLA00405,C*02:25Q,C*02:25Q,C*02:02:02,C*02:02,True,C
HLA03758_HLA00447,C*08:03:02,C*08:03,C*08:03:01,C*08:03,True,C
HLA03767_HLA00446,C*08:25,C*08:25,C*08:02:01,C*08:02,True,C
HLA03801_HLA00405,C*02:28,C*02:28,C*02:02:02,C*02:02,True,C
HLA03802_HLA00420,C*04:01:09,C*04:01,C*04:01:01:01,C*04:01,True,C
HLA03802_HLA01328,C*04:01:09,C*04:01,C*04:01:01:02,C*04:01,True,C
HLA03802_HLA03572,C*04:01:09,C*04:01,C*04:01:01:03,C*04:01,True,C
HLA03802_HLA08080,C*04:01:09,C*04:01,C*04:01:01:05,C*04:01,True,C
HLA03805_HLA00420,C*04:01:10,C*04:01,C*04:01:01:01,C*04:01,True,C
HLA03805_HLA01328,C*04:01:10,C*04:01,C*04:01:01:02,C*04:01,True,C
HLA03805_HLA03572,C*04:01:10,C*04:01,C*04:01:01:03,C*04:01,True,C
HLA03805_HLA08080,C*04:01:10,C*04:01,C*04:01:01:05,C*04:01,True,C
HLA03813_HLA00471,C*15:22,C*15:22,C*15:05:02,C*15:05,True,C
HLA03818_HLA00445,C*08:26N,C*08:26N,C*08:01:01,C*08:01,True,C
HLA03819_HLA00433,C*07:73,C*07:73,C*07:01:01:01,C*07:01,True,C
HLA03819_HLA07937,C*07:73,C*07:73,C*07:01:01:02,C*07:01,True,C
HLA03819_HLA00438,C*07:73,C*07:73,C*07:06,C*07:06,True,C
HLA03820_HLA00462,C*14:12,C*14:12,C*14:02:01,C*14:02,True,C
HLA03826_HLA00405,C*02:02:08,C*02:02,C*02:02:02,C*02:02,True,C
HLA03827_HLA00411,C*03:59,C*03:59,C*03:03:01,C*03:03,True,C
HLA03828_HLA00410,C*03:60,C*03:60,C*03:02:01,C*03:02,True,C
HLA03828_HLA05731,C*03:60,C*03:60,C*03:02:02:02,C*03:02,True,C
HLA03830_HLA00401,C*01:28,C*01:28,C*01:02:01,C*01:02,True,C
HLA03992_HLA00420,C*04:42,C*04:42,C*04:01:01:01,C*04:01,True,C
HLA03992_HLA01328,C*04:42,C*04:42,C*04:01:01:02,C*04:01,True,C
HLA03992_HLA03572,C*04:42,C*04:42,C*04:01:01:03,C*04:01,True,C
HLA03992_HLA08080,C*04:42,C*04:42,C*04:01:01:05,C*04:01,True,C
HLA04019_HLA00401,C*01:29,C*01:29,C*01:02:01,C*01:02,True,C
HLA04021_HLA00434,C*07:75,C*07:75,C*07:02:01:01,C*07:02,True,C
HLA04021_HLA01326,C*07:75,C*07:75,C*07:02:01:02,C*07:02,True,C
HLA04021_HLA01902,C*07:75,C*07:75,C*07:02:01:03,C*07:02,True,C
HLA04021_HLA07777,C*07:75,C*07:75,C*07:02:01:04,C*07:02,True,C
HLA04021_HLA07778,C*07:75,C*07:75,C*07:02:01:05,C*07:02,True,C
HLA04129_HLA00455,C*12:24,C*12:24,C*12:03:01:01,C*12:03,True,C
HLA04129_HLA02766,C*12:24,C*12:24,C*12:03:01:02,C*12:03,True,C
HLA04130_HLA02943,C*07:76,C*07:76,C*07:49,C*07:49,True,C
HLA04133_HLA00427,C*05:01:06,C*05:01,C*05:01:01:01,C*05:01,True,C
HLA04133_HLA03586,C*05:01:06,C*05:01,C*05:01:01:02,C*05:01,True,C
HLA04254_HLA00420,C*04:01:11,C*04:01,C*04:01:01:01,C*04:01,True,C
HLA04254_HLA01328,C*04:01:11,C*04:01,C*04:01:01:02,C*04:01,True,C
HLA04254_HLA03572,C*04:01:11,C*04:01,C*04:01:01:03,C*04:01,True,C
HLA04254_HLA08080,C*04:01:11,C*04:01,C*04:01:01:05,C*04:01,True,C
HLA04255_HLA00413,C*03:04:14,C*03:04,C*03:04:01:01,C*03:04,True,C
HLA04256_HLA00413,C*03:63,C*03:63,C*03:04:01:01,C*03:04,True,C
HLA04257_HLA00413,C*03:64:01,C*03:64,C*03:04:01:01,C*03:04,True,C
HLA04258_HLA00401,C*01:31,C*01:31,C*01:02:01,C*01:02,True,C
HLA04259_HLA00413,C*03:65,C*03:65,C*03:04:01:01,C*03:04,True,C
HLA04260_HLA00413,C*03:04:08,C*03:04,C*03:04:01:01,C*03:04,True,C
HLA04261_HLA00413,C*03:04:09,C*03:04,C*03:04:01:01,C*03:04,True,C
HLA04262_HLA00411,C*03:66,C*03:66,C*03:03:01,C*03:03,True,C
HLA04263_HLA00413,C*03:04:10,C*03:04,C*03:04:01:01,C*03:04,True,C
HLA04264_HLA00411,C*03:03:07,C*03:03,C*03:03:01,C*03:03,True,C
HLA04265_HLA00411,C*03:03:08,C*03:03,C*03:03:01,C*03:03,True,C
HLA04266_HLA00411,C*03:67,C*03:67,C*03:03:01,C*03:03,True,C
HLA04267_HLA00413,C*03:04:11,C*03:04,C*03:04:01:01,C*03:04,True,C
HLA04268_HLA00411,C*03:68,C*03:68,C*03:03:01,C*03:03,True,C
HLA04269_HLA00411,C*03:69,C*03:69,C*03:03:01,C*03:03,True,C
HLA04270_HLA00411,C*03:03:09,C*03:03,C*03:03:01,C*03:03,True,C
HLA04271_HLA00413,C*03:70,C*03:70,C*03:04:01:01,C*03:04,True,C
HLA04272_HLA00413,C*03:04:12,C*03:04,C*03:04:01:01,C*03:04,True,C
HLA04273_HLA00410,C*03:71,C*03:71,C*03:02:01,C*03:02,True,C
HLA04273_HLA05731,C*03:71,C*03:71,C*03:02:02:02,C*03:02,True,C
HLA04274_HLA00413,C*03:72,C*03:72,C*03:04:01:01,C*03:04,True,C
HLA04275_HLA00401,C*01:02:08,C*01:02,C*01:02:01,C*01:02,True,C
HLA04276_HLA00420,C*04:43,C*04:43,C*04:01:01:01,C*04:01,True,C
HLA04276_HLA01328,C*04:43,C*04:43,C*04:01:01:02,C*04:01,True,C
HLA04276_HLA03572,C*04:43,C*04:43,C*04:01:01:03,C*04:01,True,C
HLA04276_HLA08080,C*04:43,C*04:43,C*04:01:01:05,C*04:01,True,C
HLA04277_HLA00405,C*02:30,C*02:30,C*02:02:02,C*02:02,True,C
HLA04278_HLA00413,C*03:04:13,C*03:04,C*03:04:01:01,C*03:04,True,C
HLA04279_HLA00413,C*03:73,C*03:73,C*03:04:01:01,C*03:04,True,C
HLA04280_HLA00413,C*03:74,C*03:74,C*03:04:01:01,C*03:04,True,C
HLA04281_HLA00411,C*03:03:10,C*03:03,C*03:03:01,C*03:03,True,C
HLA04282_HLA00411,C*03:75,C*03:75,C*03:03:01,C*03:03,True,C
HLA04283_HLA00411,C*03:76,C*03:76,C*03:03:01,C*03:03,True,C
HLA04284_HLA00405,C*02:31,C*02:31,C*02:02:02,C*02:02,True,C
HLA04285_HLA00410,C*03:02:04,C*03:02,C*03:02:01,C*03:02,True,C
HLA04285_HLA05731,C*03:02:04,C*03:02,C*03:02:02:02,C*03:02,True,C
HLA04286_HLA00420,C*04:01:12,C*04:01,C*04:01:01:01,C*04:01,True,C
HLA04286_HLA01328,C*04:01:12,C*04:01,C*04:01:01:02,C*04:01,True,C
HLA04286_HLA03572,C*04:01:12,C*04:01,C*04:01:01:03,C*04:01,True,C
HLA04286_HLA08080,C*04:01:12,C*04:01,C*04:01:01:05,C*04:01,True,C
HLA04287_HLA00410,C*03:02:05,C*03:02,C*03:02:01,C*03:02,True,C
HLA04287_HLA05731,C*03:02:05,C*03:02,C*03:02:02:02,C*03:02,True,C
HLA04288_HLA00411,C*03:03:11,C*03:03,C*03:03:01,C*03:03,True,C
HLA04289_HLA00401,C*01:32,C*01:32,C*01:02:01,C*01:02,True,C
HLA04290_HLA00401,C*01:33,C*01:33,C*01:02:01,C*01:02,True,C
HLA04291_HLA00430,C*06:02:04,C*06:02,C*06:02:01:01,C*06:02,True,C
HLA04291_HLA02561,C*06:02:04,C*06:02,C*06:02:01:02,C*06:02,True,C
HLA04291_HLA05526,C*06:02:04,C*06:02,C*06:46N,C*06:46N,True,C
HLA04292_HLA00430,C*06:02:05,C*06:02,C*06:02:01:01,C*06:02,True,C
HLA04292_HLA02561,C*06:02:05,C*06:02,C*06:02:01:02,C*06:02,True,C
HLA04292_HLA05526,C*06:02:05,C*06:02,C*06:46N,C*06:46N,True,C
HLA04293_HLA00427,C*05:01:07,C*05:01,C*05:01:01:01,C*05:01,True,C
HLA04293_HLA03586,C*05:01:07,C*05:01,C*05:01:01:02,C*05:01,True,C
HLA04294_HLA00430,C*06:25,C*06:25,C*06:02:01:01,C*06:02,True,C
HLA04294_HLA02561,C*06:25,C*06:25,C*06:02:01:02,C*06:02,True,C
HLA04294_HLA05526,C*06:25,C*06:25,C*06:46N,C*06:46N,True,C
HLA04295_HLA00430,C*06:26,C*06:26,C*06:02:01:01,C*06:02,True,C
HLA04295_HLA02561,C*06:26,C*06:26,C*06:02:01:02,C*06:02,True,C
HLA04295_HLA05526,C*06:26,C*06:26,C*06:46N,C*06:46N,True,C
HLA04296_HLA00427,C*05:01:08,C*05:01,C*05:01:01:01,C*05:01,True,C
HLA04296_HLA03586,C*05:01:08,C*05:01,C*05:01:01:02,C*05:01,True,C
HLA04297_HLA00427,C*05:26,C*05:26,C*05:01:01:01,C*05:01,True,C
HLA04297_HLA03586,C*05:26,C*05:26,C*05:01:01:02,C*05:01,True,C
HLA04298_HLA00420,C*04:44,C*04:44,C*04:01:01:01,C*04:01,True,C
HLA04298_HLA01328,C*04:44,C*04:44,C*04:01:01:02,C*04:01,True,C
HLA04298_HLA03572,C*04:44,C*04:44,C*04:01:01:03,C*04:01,True,C
HLA04298_HLA08080,C*04:44,C*04:44,C*04:01:01:05,C*04:01,True,C
HLA04299_HLA00430,C*06:27,C*06:27,C*06:02:01:01,C*06:02,True,C
HLA04299_HLA02561,C*06:27,C*06:27,C*06:02:01:02,C*06:02,True,C
HLA04299_HLA05526,C*06:27,C*06:27,C*06:46N,C*06:46N,True,C
HLA04300_HLA00420,C*04:45,C*04:45,C*04:01:01:01,C*04:01,True,C
HLA04300_HLA01328,C*04:45,C*04:45,C*04:01:01:02,C*04:01,True,C
HLA04300_HLA03572,C*04:45,C*04:45,C*04:01:01:03,C*04:01,True,C
HLA04300_HLA08080,C*04:45,C*04:45,C*04:01:01:05,C*04:01,True,C
HLA04301_HLA00420,C*04:46,C*04:46,C*04:01:01:01,C*04:01,True,C
HLA04301_HLA01328,C*04:46,C*04:46,C*04:01:01:02,C*04:01,True,C
HLA04301_HLA03572,C*04:46,C*04:46,C*04:01:01:03,C*04:01,True,C
HLA04301_HLA08080,C*04:46,C*04:46,C*04:01:01:05,C*04:01,True,C
HLA04302_HLA00427,C*05:27,C*05:27,C*05:01:01:01,C*05:01,True,C
HLA04302_HLA03586,C*05:27,C*05:27,C*05:01:01:02,C*05:01,True,C
HLA04303_HLA00420,C*04:47,C*04:47,C*04:01:01:01,C*04:01,True,C
HLA04303_HLA01328,C*04:47,C*04:47,C*04:01:01:02,C*04:01,True,C
HLA04303_HLA03572,C*04:47,C*04:47,C*04:01:01:03,C*04:01,True,C
HLA04303_HLA08080,C*04:47,C*04:47,C*04:01:01:05,C*04:01,True,C
HLA04304_HLA00427,C*05:28,C*05:28,C*05:01:01:01,C*05:01,True,C
HLA04304_HLA03586,C*05:28,C*05:28,C*05:01:01:02,C*05:01,True,C
HLA04305_HLA00427,C*05:01:09,C*05:01,C*05:01:01:01,C*05:01,True,C
HLA04305_HLA03586,C*05:01:09,C*05:01,C*05:01:01:02,C*05:01,True,C
HLA04306_HLA00427,C*05:01:10,C*05:01,C*05:01:01:01,C*05:01,True,C
HLA04306_HLA03586,C*05:01:10,C*05:01,C*05:01:01:02,C*05:01,True,C
HLA04307_HLA00430,C*06:28,C*06:28,C*06:02:01:01,C*06:02,True,C
HLA04307_HLA02561,C*06:28,C*06:28,C*06:02:01:02,C*06:02,True,C
HLA04307_HLA05526,C*06:28,C*06:28,C*06:46N,C*06:46N,True,C
HLA04308_HLA00427,C*05:29:01,C*05:29,C*05:01:01:01,C*05:01,True,C
HLA04308_HLA03586,C*05:29:01,C*05:29,C*05:01:01:02,C*05:01,True,C
HLA04309_HLA00420,C*04:48,C*04:48,C*04:01:01:01,C*04:01,True,C
HLA04309_HLA01328,C*04:48,C*04:48,C*04:01:01:02,C*04:01,True,C
HLA04309_HLA03572,C*04:48,C*04:48,C*04:01:01:03,C*04:01,True,C
HLA04309_HLA08080,C*04:48,C*04:48,C*04:01:01:05,C*04:01,True,C
HLA04310_HLA00427,C*05:30,C*05:30,C*05:01:01:01,C*05:01,True,C
HLA04310_HLA03586,C*05:30,C*05:30,C*05:01:01:02,C*05:01,True,C
HLA04312_HLA00471,C*15:23,C*15:23,C*15:05:02,C*15:05,True,C
HLA04313_HLA00455,C*12:25,C*12:25,C*12:03:01:01,C*12:03,True,C
HLA04313_HLA02766,C*12:25,C*12:25,C*12:03:01:02,C*12:03,True,C
HLA04314_HLA00434,C*07:02:07,C*07:02,C*07:02:01:01,C*07:02,True,C
HLA04314_HLA01326,C*07:02:07,C*07:02,C*07:02:01:02,C*07:02,True,C
HLA04314_HLA01902,C*07:02:07,C*07:02,C*07:02:01:03,C*07:02,True,C
HLA04314_HLA07777,C*07:02:07,C*07:02,C*07:02:01:04,C*07:02,True,C
HLA04314_HLA07778,C*07:02:07,C*07:02,C*07:02:01:05,C*07:02,True,C
HLA04315_HLA00434,C*07:02:08,C*07:02,C*07:02:01:01,C*07:02,True,C
HLA04315_HLA01326,C*07:02:08,C*07:02,C*07:02:01:02,C*07:02,True,C
HLA04315_HLA01902,C*07:02:08,C*07:02,C*07:02:01:03,C*07:02,True,C
HLA04315_HLA07777,C*07:02:08,C*07:02,C*07:02:01:04,C*07:02,True,C
HLA04315_HLA07778,C*07:02:08,C*07:02,C*07:02:01:05,C*07:02,True,C
HLA04316_HLA00455,C*12:26,C*12:26,C*12:03:01:01,C*12:03,True,C
HLA04316_HLA02766,C*12:26,C*12:26,C*12:03:01:02,C*12:03,True,C
HLA04317_HLA00434,C*07:02:09,C*07:02,C*07:02:01:01,C*07:02,True,C
HLA04317_HLA01326,C*07:02:09,C*07:02,C*07:02:01:02,C*07:02,True,C
HLA04317_HLA01902,C*07:02:09,C*07:02,C*07:02:01:03,C*07:02,True,C
HLA04317_HLA07777,C*07:02:09,C*07:02,C*07:02:01:04,C*07:02,True,C
HLA04317_HLA07778,C*07:02:09,C*07:02,C*07:02:01:05,C*07:02,True,C
HLA04318_HLA00433,C*07:77,C*07:77,C*07:01:01:01,C*07:01,True,C
HLA04318_HLA07937,C*07:77,C*07:77,C*07:01:01:02,C*07:01,True,C
HLA04318_HLA00438,C*07:77,C*07:77,C*07:06,C*07:06,True,C
HLA04319_HLA00446,C*08:28,C*08:28,C*08:02:01,C*08:02,True,C
HLA04320_HLA00434,C*07:02:10,C*07:02,C*07:02:01:01,C*07:02,True,C
HLA04320_HLA01326,C*07:02:10,C*07:02,C*07:02:01:02,C*07:02,True,C
HLA04320_HLA01902,C*07:02:10,C*07:02,C*07:02:01:03,C*07:02,True,C
HLA04320_HLA07777,C*07:02:10,C*07:02,C*07:02:01:04,C*07:02,True,C
HLA04320_HLA07778,C*07:02:10,C*07:02,C*07:02:01:05,C*07:02,True,C
HLA04321_HLA00475,C*16:15:01,C*16:15,C*16:01:01,C*16:01,True,C
HLA04322_HLA00433,C*07:78,C*07:78,C*07:01:01:01,C*07:01,True,C
HLA04322_HLA07937,C*07:78,C*07:78,C*07:01:01:02,C*07:01,True,C
HLA04322_HLA00438,C*07:78,C*07:78,C*07:06,C*07:06,True,C
HLA04323_HLA00434,C*07:79,C*07:79,C*07:02:01:01,C*07:02,True,C
HLA04323_HLA01326,C*07:79,C*07:79,C*07:02:01:02,C*07:02,True,C
HLA04323_HLA01902,C*07:79,C*07:79,C*07:02:01:03,C*07:02,True,C
HLA04323_HLA07777,C*07:79,C*07:79,C*07:02:01:04,C*07:02,True,C
HLA04323_HLA07778,C*07:79,C*07:79,C*07:02:01:05,C*07:02,True,C
HLA04324_HLA00434,C*07:80,C*07:80,C*07:02:01:01,C*07:02,True,C
HLA04324_HLA01326,C*07:80,C*07:80,C*07:02:01:02,C*07:02,True,C
HLA04324_HLA01902,C*07:80,C*07:80,C*07:02:01:03,C*07:02,True,C
HLA04324_HLA07777,C*07:80,C*07:80,C*07:02:01:04,C*07:02,True,C
HLA04324_HLA07778,C*07:80,C*07:80,C*07:02:01:05,C*07:02,True,C
HLA04325_HLA00433,C*07:01:10,C*07:01,C*07:01:01:01,C*07:01,True,C
HLA04325_HLA07937,C*07:01:10,C*07:01,C*07:01:01:02,C*07:01,True,C
HLA04325_HLA00438,C*07:01:10,C*07:01,C*07:06,C*07:06,True,C
HLA04326_HLA00455,C*12:03:07,C*12:03,C*12:03:01:01,C*12:03,True,C
HLA04326_HLA02766,C*12:03:07,C*12:03,C*12:03:01:02,C*12:03,True,C
HLA04327_HLA00462,C*14:13,C*14:13,C*14:02:01,C*14:02,True,C
HLA04328_HLA00433,C*07:81,C*07:81,C*07:01:01:01,C*07:01,True,C
HLA04328_HLA07937,C*07:81,C*07:81,C*07:01:01:02,C*07:01,True,C
HLA04328_HLA00438,C*07:81,C*07:81,C*07:06,C*07:06,True,C
HLA04329_HLA00433,C*07:82,C*07:82,C*07:01:01:01,C*07:01,True,C
HLA04329_HLA07937,C*07:82,C*07:82,C*07:01:01:02,C*07:01,True,C
HLA04329_HLA00438,C*07:82,C*07:82,C*07:06,C*07:06,True,C
HLA04330_HLA00433,C*07:83,C*07:83,C*07:01:01:01,C*07:01,True,C
HLA04330_HLA07937,C*07:83,C*07:83,C*07:01:01:02,C*07:01,True,C
HLA04330_HLA00438,C*07:83,C*07:83,C*07:06,C*07:06,True,C
HLA04331_HLA00434,C*07:84,C*07:84,C*07:02:01:01,C*07:02,True,C
HLA04331_HLA01326,C*07:84,C*07:84,C*07:02:01:02,C*07:02,True,C
HLA04331_HLA01902,C*07:84,C*07:84,C*07:02:01:03,C*07:02,True,C
HLA04331_HLA07777,C*07:84,C*07:84,C*07:02:01:04,C*07:02,True,C
HLA04331_HLA07778,C*07:84,C*07:84,C*07:02:01:05,C*07:02,True,C
HLA04332_HLA00446,C*08:29,C*08:29,C*08:02:01,C*08:02,True,C
HLA04332_HLA03975,C*08:29,C*08:29,C*08:27,C*08:27,True,C
HLA04333_HLA00475,C*16:16Q,C*16:16Q,C*16:01:01,C*16:01,True,C
HLA04334_HLA00454,C*12:27,C*12:27,C*12:02:02,C*12:02,True,C
HLA04335_HLA00433,C*07:85,C*07:85,C*07:01:01:01,C*07:01,True,C
HLA04335_HLA07937,C*07:85,C*07:85,C*07:01:01:02,C*07:01,True,C
HLA04335_HLA00438,C*07:85,C*07:85,C*07:06,C*07:06,True,C
HLA04336_HLA00455,C*12:28,C*12:28,C*12:03:01:01,C*12:03,True,C
HLA04336_HLA02766,C*12:28,C*12:28,C*12:03:01:02,C*12:03,True,C
HLA04337_HLA00455,C*12:03:08,C*12:03,C*12:03:01:01,C*12:03,True,C
HLA04337_HLA02766,C*12:03:08,C*12:03,C*12:03:01:02,C*12:03,True,C
HLA04338_HLA00433,C*07:86,C*07:86,C*07:01:01:01,C*07:01,True,C
HLA04338_HLA07937,C*07:86,C*07:86,C*07:01:01:02,C*07:01,True,C
HLA04338_HLA00438,C*07:86,C*07:86,C*07:06,C*07:06,True,C
HLA04339_HLA00434,C*07:87,C*07:87,C*07:02:01:01,C*07:02,True,C
HLA04339_HLA01326,C*07:87,C*07:87,C*07:02:01:02,C*07:02,True,C
HLA04339_HLA01902,C*07:87,C*07:87,C*07:02:01:03,C*07:02,True,C
HLA04339_HLA07777,C*07:87,C*07:87,C*07:02:01:04,C*07:02,True,C
HLA04339_HLA07778,C*07:87,C*07:87,C*07:02:01:05,C*07:02,True,C
HLA04340_HLA00433,C*07:01:11,C*07:01,C*07:01:01:01,C*07:01,True,C
HLA04340_HLA07937,C*07:01:11,C*07:01,C*07:01:01:02,C*07:01,True,C
HLA04340_HLA00438,C*07:01:11,C*07:01,C*07:06,C*07:06,True,C
HLA04341_HLA00462,C*14:14,C*14:14,C*14:02:01,C*14:02,True,C
HLA04342_HLA00434,C*07:88,C*07:88,C*07:02:01:01,C*07:02,True,C
HLA04342_HLA01326,C*07:88,C*07:88,C*07:02:01:02,C*07:02,True,C
HLA04342_HLA01902,C*07:88,C*07:88,C*07:02:01:03,C*07:02,True,C
HLA04342_HLA07777,C*07:88,C*07:88,C*07:02:01:04,C*07:02,True,C
HLA04342_HLA07778,C*07:88,C*07:88,C*07:02:01:05,C*07:02,True,C
HLA04343_HLA00433,C*07:89,C*07:89,C*07:01:01:01,C*07:01,True,C
HLA04343_HLA07937,C*07:89,C*07:89,C*07:01:01:02,C*07:01,True,C
HLA04343_HLA00438,C*07:89,C*07:89,C*07:06,C*07:06,True,C
HLA04344_HLA00434,C*07:02:11,C*07:02,C*07:02:01:01,C*07:02,True,C
HLA04344_HLA01326,C*07:02:11,C*07:02,C*07:02:01:02,C*07:02,True,C
HLA04344_HLA01902,C*07:02:11,C*07:02,C*07:02:01:03,C*07:02,True,C
HLA04344_HLA07777,C*07:02:11,C*07:02,C*07:02:01:04,C*07:02,True,C
HLA04344_HLA07778,C*07:02:11,C*07:02,C*07:02:01:05,C*07:02,True,C
HLA04345_HLA00446,C*08:02:02,C*08:02,C*08:02:01,C*08:02,True,C
HLA04346_HLA00475,C*16:17,C*16:17,C*16:01:01,C*16:01,True,C
HLA04347_HLA00434,C*07:90,C*07:90,C*07:02:01:01,C*07:02,True,C
HLA04347_HLA01326,C*07:90,C*07:90,C*07:02:01:02,C*07:02,True,C
HLA04347_HLA01902,C*07:90,C*07:90,C*07:02:01:03,C*07:02,True,C
HLA04347_HLA07777,C*07:90,C*07:90,C*07:02:01:04,C*07:02,True,C
HLA04347_HLA07778,C*07:90,C*07:90,C*07:02:01:05,C*07:02,True,C
HLA04348_HLA00433,C*07:91,C*07:91,C*07:01:01:01,C*07:01,True,C
HLA04348_HLA07937,C*07:91,C*07:91,C*07:01:01:02,C*07:01,True,C
HLA04348_HLA00438,C*07:91,C*07:91,C*07:06,C*07:06,True,C
HLA04391_HLA00427,C*05:01:11,C*05:01,C*05:01:01:01,C*05:01,True,C
HLA04391_HLA03586,C*05:01:11,C*05:01,C*05:01:01:02,C*05:01,True,C
HLA04392_HLA00446,C*08:02:03,C*08:02,C*08:02:01,C*08:02,True,C
HLA04393_HLA00446,C*08:30,C*08:30,C*08:02:01,C*08:02,True,C
HLA04394_HLA00427,C*05:31,C*05:31,C*05:01:01:01,C*05:01,True,C
HLA04394_HLA03586,C*05:31,C*05:31,C*05:01:01:02,C*05:01,True,C
HLA04395_HLA00420,C*04:49,C*04:49,C*04:01:01:01,C*04:01,True,C
HLA04395_HLA01328,C*04:49,C*04:49,C*04:01:01:02,C*04:01,True,C
HLA04395_HLA03572,C*04:49,C*04:49,C*04:01:01:03,C*04:01,True,C
HLA04395_HLA08080,C*04:49,C*04:49,C*04:01:01:05,C*04:01,True,C
HLA04396_HLA01889,C*07:92,C*07:92,C*07:26,C*07:26,True,C
HLA04399_HLA00992,C*07:93,C*07:93,C*07:01:02,C*07:01,True,C
HLA04570_HLA00402,C*01:34,C*01:34,C*01:03,C*01:03,True,C
HLA04574_HLA00420,C*04:01:15,C*04:01,C*04:01:01:01,C*04:01,True,C
HLA04574_HLA01328,C*04:01:15,C*04:01,C*04:01:01:02,C*04:01,True,C
HLA04574_HLA03572,C*04:01:15,C*04:01,C*04:01:01:03,C*04:01,True,C
HLA04574_HLA08080,C*04:01:15,C*04:01,C*04:01:01:05,C*04:01,True,C
HLA04579_HLA02404,C*15:25,C*15:25,C*15:16,C*15:16,True,C
HLA04583_HLA00446,C*08:31,C*08:31,C*08:02:01,C*08:02,True,C
HLA04583_HLA03975,C*08:31,C*08:31,C*08:27,C*08:27,True,C
HLA04587_HLA00427,C*05:32,C*05:32,C*05:01:01:01,C*05:01,True,C
HLA04587_HLA03586,C*05:32,C*05:32,C*05:01:01:02,C*05:01,True,C
HLA04588_HLA00433,C*07:94,C*07:94,C*07:01:01:01,C*07:01,True,C
HLA04588_HLA07937,C*07:94,C*07:94,C*07:01:01:02,C*07:01,True,C
HLA04588_HLA00438,C*07:94,C*07:94,C*07:06,C*07:06,True,C
HLA04589_HLA00413,C*03:04:15,C*03:04,C*03:04:01:01,C*03:04,True,C
HLA04590_HLA00420,C*04:01:13,C*04:01,C*04:01:01:01,C*04:01,True,C
HLA04590_HLA01328,C*04:01:13,C*04:01,C*04:01:01:02,C*04:01,True,C
HLA04590_HLA03572,C*04:01:13,C*04:01,C*04:01:01:03,C*04:01,True,C
HLA04590_HLA08080,C*04:01:13,C*04:01,C*04:01:01:05,C*04:01,True,C
HLA04591_HLA00455,C*12:29,C*12:29,C*12:03:01:01,C*12:03,True,C
HLA04591_HLA02766,C*12:29,C*12:29,C*12:03:01:02,C*12:03,True,C
HLA04592_HLA00454,C*12:30,C*12:30,C*12:02:02,C*12:02,True,C
HLA04593_HLA00405,C*02:02:09,C*02:02,C*02:02:02,C*02:02,True,C
HLA04594_HLA00433,C*07:95,C*07:95,C*07:01:01:01,C*07:01,True,C
HLA04594_HLA07937,C*07:95,C*07:95,C*07:01:01:02,C*07:01,True,C
HLA04594_HLA00438,C*07:95,C*07:95,C*07:06,C*07:06,True,C
HLA04595_HLA00413,C*03:77,C*03:77,C*03:04:01:01,C*03:04,True,C
HLA04596_HLA00427,C*05:33,C*05:33,C*05:01:01:01,C*05:01,True,C
HLA04596_HLA03586,C*05:33,C*05:33,C*05:01:01:02,C*05:01,True,C
HLA04597_HLA01889,C*07:96:01,C*07:96,C*07:26,C*07:26,True,C
HLA04598_HLA00471,C*15:24,C*15:24,C*15:05:02,C*15:05,True,C
HLA04599_HLA00475,C*16:18,C*16:18,C*16:01:01,C*16:01,True,C
HLA04600_HLA00455,C*12:03:09,C*12:03,C*12:03:01:01,C*12:03,True,C
HLA04600_HLA02766,C*12:03:09,C*12:03,C*12:03:01:02,C*12:03,True,C
HLA04601_HLA00434,C*07:97,C*07:97,C*07:02:01:01,C*07:02,True,C
HLA04601_HLA01326,C*07:97,C*07:97,C*07:02:01:02,C*07:02,True,C
HLA04601_HLA01902,C*07:97,C*07:97,C*07:02:01:03,C*07:02,True,C
HLA04601_HLA07777,C*07:97,C*07:97,C*07:02:01:04,C*07:02,True,C
HLA04601_HLA07778,C*07:97,C*07:97,C*07:02:01:05,C*07:02,True,C
HLA04602_HLA00455,C*12:31,C*12:31,C*12:03:01:01,C*12:03,True,C
HLA04602_HLA02766,C*12:31,C*12:31,C*12:03:01:02,C*12:03,True,C
HLA04603_HLA00413,C*03:04:16,C*03:04,C*03:04:01:01,C*03:04,True,C
HLA04604_HLA00476,C*16:02:02,C*16:02,C*16:02:01,C*16:02,True,C
HLA04605_HLA00410,C*03:02:06,C*03:02,C*03:02:01,C*03:02,True,C
HLA04605_HLA05731,C*03:02:06,C*03:02,C*03:02:02:02,C*03:02,True,C
HLA04606_HLA00401,C*01:02:09,C*01:02,C*01:02:01,C*01:02,True,C
HLA04607_HLA00433,C*07:98N,C*07:98N,C*07:01:01:01,C*07:01,True,C
HLA04607_HLA07937,C*07:98N,C*07:98N,C*07:01:01:02,C*07:01,True,C
HLA04607_HLA00438,C*07:98N,C*07:98N,C*07:06,C*07:06,True,C
HLA04608_HLA00427,C*05:34,C*05:34,C*05:01:01:01,C*05:01,True,C
HLA04608_HLA03586,C*05:34,C*05:34,C*05:01:01:02,C*05:01,True,C
HLA04609_HLA00434,C*07:99,C*07:99,C*07:02:01:01,C*07:02,True,C
HLA04609_HLA01326,C*07:99,C*07:99,C*07:02:01:02,C*07:02,True,C
HLA04609_HLA01902,C*07:99,C*07:99,C*07:02:01:03,C*07:02,True,C
HLA04609_HLA07777,C*07:99,C*07:99,C*07:02:01:04,C*07:02,True,C
HLA04609_HLA07778,C*07:99,C*07:99,C*07:02:01:05,C*07:02,True,C
HLA04610_HLA00420,C*04:50,C*04:50,C*04:01:01:01,C*04:01,True,C
HLA04610_HLA01328,C*04:50,C*04:50,C*04:01:01:02,C*04:01,True,C
HLA04610_HLA03572,C*04:50,C*04:50,C*04:01:01:03,C*04:01,True,C
HLA04610_HLA08080,C*04:50,C*04:50,C*04:01:01:05,C*04:01,True,C
HLA04611_HLA00420,C*04:51,C*04:51,C*04:01:01:01,C*04:01,True,C
HLA04611_HLA01328,C*04:51,C*04:51,C*04:01:01:02,C*04:01,True,C
HLA04611_HLA03572,C*04:51,C*04:51,C*04:01:01:03,C*04:01,True,C
HLA04611_HLA08080,C*04:51,C*04:51,C*04:01:01:05,C*04:01,True,C
HLA04612_HLA00434,C*07:02:12,C*07:02,C*07:02:01:01,C*07:02,True,C
HLA04612_HLA01326,C*07:02:12,C*07:02,C*07:02:01:02,C*07:02,True,C
HLA04612_HLA01902,C*07:02:12,C*07:02,C*07:02:01:03,C*07:02,True,C
HLA04612_HLA07777,C*07:02:12,C*07:02,C*07:02:01:04,C*07:02,True,C
HLA04612_HLA07778,C*07:02:12,C*07:02,C*07:02:01:05,C*07:02,True,C
HLA04616_HLA00405,C*02:02:10,C*02:02,C*02:02:02,C*02:02,True,C
HLA04617_HLA00420,C*04:52,C*04:52,C*04:01:01:01,C*04:01,True,C
HLA04617_HLA01328,C*04:52,C*04:52,C*04:01:01:02,C*04:01,True,C
HLA04617_HLA03572,C*04:52,C*04:52,C*04:01:01:03,C*04:01,True,C
HLA04617_HLA08080,C*04:52,C*04:52,C*04:01:01:05,C*04:01,True,C
HLA04618_HLA00413,C*03:78,C*03:78,C*03:04:01:01,C*03:04,True,C
HLA04619_HLA00462,C*14:15,C*14:15,C*14:02:01,C*14:02,True,C
HLA04620_HLA00454,C*12:02:04,C*12:02,C*12:02:02,C*12:02,True,C
HLA04621_HLA00405,C*02:02:11,C*02:02,C*02:02:02,C*02:02,True,C
HLA04622_HLA00413,C*03:04:17,C*03:04,C*03:04:01:01,C*03:04,True,C
HLA04623_HLA00481,C*17:06,C*17:06,C*17:01:01:01,C*17:01,True,C
HLA04624_HLA00467,C*15:02:05,C*15:02,C*15:02:01,C*15:02,True,C
HLA04625_HLA00420,C*04:53,C*04:53,C*04:01:01:01,C*04:01,True,C
HLA04625_HLA01328,C*04:53,C*04:53,C*04:01:01:02,C*04:01,True,C
HLA04625_HLA03572,C*04:53,C*04:53,C*04:01:01:03,C*04:01,True,C
HLA04625_HLA08080,C*04:53,C*04:53,C*04:01:01:05,C*04:01,True,C
HLA04626_HLA00420,C*04:01:14,C*04:01,C*04:01:01:01,C*04:01,True,C
HLA04626_HLA01328,C*04:01:14,C*04:01,C*04:01:01:02,C*04:01,True,C
HLA04626_HLA03572,C*04:01:14,C*04:01,C*04:01:01:03,C*04:01,True,C
HLA04626_HLA08080,C*04:01:14,C*04:01,C*04:01:01:05,C*04:01,True,C
HLA04627_HLA00475,C*16:01:04,C*16:01,C*16:01:01,C*16:01,True,C
HLA04628_HLA00481,C*17:01:02,C*17:01,C*17:01:01:01,C*17:01,True,C
HLA04629_HLA00414,C*03:04:18,C*03:04,C*03:04:02,C*03:04,True,C
HLA04630_HLA00434,C*07:02:13,C*07:02,C*07:02:01:01,C*07:02,True,C
HLA04630_HLA01326,C*07:02:13,C*07:02,C*07:02:01:02,C*07:02,True,C
HLA04630_HLA01902,C*07:02:13,C*07:02,C*07:02:01:03,C*07:02,True,C
HLA04630_HLA07777,C*07:02:13,C*07:02,C*07:02:01:04,C*07:02,True,C
HLA04630_HLA07778,C*07:02:13,C*07:02,C*07:02:01:05,C*07:02,True,C
HLA04631_HLA00481,C*17:01:03,C*17:01,C*17:01:01:01,C*17:01,True,C
HLA04632_HLA00476,C*16:19,C*16:19,C*16:02:01,C*16:02,True,C
HLA04633_HLA00411,C*03:79,C*03:79,C*03:03:01,C*03:03,True,C
HLA04638_HLA00430,C*06:29,C*06:29,C*06:02:01:01,C*06:02,True,C
HLA04638_HLA02561,C*06:29,C*06:29,C*06:02:01:02,C*06:02,True,C
HLA04639_HLA00467,C*15:26,C*15:26,C*15:02:01,C*15:02,True,C
HLA04677_HLA00427,C*05:35,C*05:35,C*05:01:01:01,C*05:01,True,C
HLA04677_HLA03586,C*05:35,C*05:35,C*05:01:01:02,C*05:01,True,C
HLA04679_HLA00454,C*12:10:02,C*12:10,C*12:02:02,C*12:02,True,C
HLA04693_HLA00471,C*15:27,C*15:27,C*15:05:02,C*15:05,True,C
HLA04694_HLA00462,C*14:16,C*14:16,C*14:02:01,C*14:02,True,C
HLA04695_HLA00420,C*04:54,C*04:54,C*04:01:01:01,C*04:01,True,C
HLA04695_HLA01328,C*04:54,C*04:54,C*04:01:01:02,C*04:01,True,C
HLA04695_HLA03572,C*04:54,C*04:54,C*04:01:01:03,C*04:01,True,C
HLA04695_HLA08080,C*04:54,C*04:54,C*04:01:01:05,C*04:01,True,C
HLA04696_HLA00420,C*04:55,C*04:55,C*04:01:01:01,C*04:01,True,C
HLA04696_HLA01328,C*04:55,C*04:55,C*04:01:01:02,C*04:01,True,C
HLA04696_HLA03572,C*04:55,C*04:55,C*04:01:01:03,C*04:01,True,C
HLA04696_HLA08080,C*04:55,C*04:55,C*04:01:01:05,C*04:01,True,C
HLA04697_HLA00430,C*06:30,C*06:30,C*06:02:01:01,C*06:02,True,C
HLA04697_HLA02561,C*06:30,C*06:30,C*06:02:01:02,C*06:02,True,C
HLA04698_HLA00475,C*16:20,C*16:20,C*16:01:01,C*16:01,True,C
HLA04699_HLA00405,C*02:26:02,C*02:26,C*02:02:02,C*02:02,True,C
HLA04700_HLA00430,C*06:31,C*06:31,C*06:02:01:01,C*06:02,True,C
HLA04700_HLA02561,C*06:31,C*06:31,C*06:02:01:02,C*06:02,True,C
HLA04700_HLA05526,C*06:31,C*06:31,C*06:46N,C*06:46N,True,C
HLA04701_HLA00427,C*05:36,C*05:36,C*05:01:01:01,C*05:01,True,C
HLA04701_HLA03586,C*05:36,C*05:36,C*05:01:01:02,C*05:01,True,C
HLA04702_HLA00413,C*03:80,C*03:80,C*03:04:01:01,C*03:04,True,C
HLA04731_HLA00401,C*01:35,C*01:35,C*01:02:01,C*01:02,True,C
HLA04736_HLA00413,C*03:04:19,C*03:04,C*03:04:01:01,C*03:04,True,C
HLA04745_HLA00430,C*06:32,C*06:32,C*06:02:01:01,C*06:02,True,C
HLA04745_HLA02561,C*06:32,C*06:32,C*06:02:01:02,C*06:02,True,C
HLA04745_HLA05526,C*06:32,C*06:32,C*06:46N,C*06:46N,True,C
HLA04756_HLA00401,C*01:36,C*01:36,C*01:02:01,C*01:02,True,C
HLA04757_HLA00455,C*12:32,C*12:32,C*12:03:01:01,C*12:03,True,C
HLA04757_HLA02766,C*12:32,C*12:32,C*12:03:01:02,C*12:03,True,C
HLA04758_HLA00411,C*03:81,C*03:81,C*03:03:01,C*03:03,True,C
HLA04759_HLA00420,C*04:01:16,C*04:01,C*04:01:01:01,C*04:01,True,C
HLA04759_HLA01328,C*04:01:16,C*04:01,C*04:01:01:02,C*04:01,True,C
HLA04759_HLA03572,C*04:01:16,C*04:01,C*04:01:01:03,C*04:01,True,C
HLA04759_HLA08080,C*04:01:16,C*04:01,C*04:01:01:05,C*04:01,True,C
HLA04763_HLA00420,C*04:56,C*04:56,C*04:01:01:01,C*04:01,True,C
HLA04763_HLA01328,C*04:56,C*04:56,C*04:01:01:02,C*04:01,True,C
HLA04763_HLA03572,C*04:56,C*04:56,C*04:01:01:03,C*04:01,True,C
HLA04763_HLA08080,C*04:56,C*04:56,C*04:01:01:05,C*04:01,True,C
HLA04764_HLA00405,C*02:32,C*02:32,C*02:02:02,C*02:02,True,C
HLA04764_HLA03589,C*02:32,C*02:32,C*02:16:02,C*02:16,True,C
HLA04765_HLA02120,C*02:33,C*02:33,C*02:10,C*02:10,True,C
HLA04766_HLA00476,C*12:33,C*12:33,C*16:02:01,C*16:02,True,C
HLA04767_HLA00475,C*16:21,C*16:21,C*16:01:01,C*16:01,True,C
HLA04777_HLA00413,C*03:82,C*03:82,C*03:04:01:01,C*03:04,True,C
HLA04778_HLA00462,C*14:17,C*14:17,C*14:02:01,C*14:02,True,C
HLA04779_HLA00471,C*15:06:02,C*15:06,C*15:05:02,C*15:05,True,C
HLA04780_HLA00430,C*06:33,C*06:33,C*06:02:01:01,C*06:02,True,C
HLA04780_HLA02561,C*06:33,C*06:33,C*06:02:01:02,C*06:02,True,C
HLA04780_HLA05526,C*06:33,C*06:33,C*06:46N,C*06:46N,True,C
HLA04784_HLA00462,C*14:18,C*14:18,C*14:02:01,C*14:02,True,C
HLA04794_HLA00411,C*03:83,C*03:83,C*03:03:01,C*03:03,True,C
HLA04798_HLA00427,C*05:01:12,C*05:01,C*05:01:01:01,C*05:01,True,C
HLA04798_HLA03586,C*05:01:12,C*05:01,C*05:01:01:02,C*05:01,True,C
HLA04799_HLA00427,C*05:38,C*05:38,C*05:01:01:01,C*05:01,True,C
HLA04799_HLA03586,C*05:38,C*05:38,C*05:01:01:02,C*05:01,True,C
HLA04800_HLA00427,C*05:01:13,C*05:01,C*05:01:01:01,C*05:01,True,C
HLA04800_HLA03586,C*05:01:13,C*05:01,C*05:01:01:02,C*05:01,True,C
HLA04801_HLA00427,C*05:39,C*05:39,C*05:01:01:01,C*05:01,True,C
HLA04801_HLA03586,C*05:39,C*05:39,C*05:01:01:02,C*05:01,True,C
HLA04802_HLA00427,C*05:40,C*05:40,C*05:01:01:01,C*05:01,True,C
HLA04802_HLA03586,C*05:40,C*05:40,C*05:01:01:02,C*05:01,True,C
HLA04803_HLA00427,C*05:41,C*05:41,C*05:01:01:01,C*05:01,True,C
HLA04803_HLA03586,C*05:41,C*05:41,C*05:01:01:02,C*05:01,True,C
HLA04822_HLA00410,C*03:84,C*03:84,C*03:02:01,C*03:02,True,C
HLA04822_HLA05731,C*03:84,C*03:84,C*03:02:02:02,C*03:02,True,C
HLA04823_HLA00405,C*02:34,C*02:34,C*02:02:02,C*02:02,True,C
HLA04824_HLA00434,C*07:02:14,C*07:02,C*07:02:01:01,C*07:02,True,C
HLA04824_HLA01326,C*07:02:14,C*07:02,C*07:02:01:02,C*07:02,True,C
HLA04824_HLA01902,C*07:02:14,C*07:02,C*07:02:01:03,C*07:02,True,C
HLA04824_HLA07777,C*07:02:14,C*07:02,C*07:02:01:04,C*07:02,True,C
HLA04824_HLA07778,C*07:02:14,C*07:02,C*07:02:01:05,C*07:02,True,C
HLA04825_HLA00455,C*12:34,C*12:34,C*12:03:01:01,C*12:03,True,C
HLA04825_HLA02766,C*12:34,C*12:34,C*12:03:01:02,C*12:03,True,C
HLA04826_HLA00462,C*14:19,C*14:19,C*14:02:01,C*14:02,True,C
HLA04827_HLA00420,C*04:57,C*04:57,C*04:01:01:01,C*04:01,True,C
HLA04827_HLA01328,C*04:57,C*04:57,C*04:01:01:02,C*04:01,True,C
HLA04827_HLA03572,C*04:57,C*04:57,C*04:01:01:03,C*04:01,True,C
HLA04827_HLA08080,C*04:57,C*04:57,C*04:01:01:05,C*04:01,True,C
HLA04828_HLA00430,C*06:34,C*06:34,C*06:02:01:01,C*06:02,True,C
HLA04828_HLA02561,C*06:34,C*06:34,C*06:02:01:02,C*06:02,True,C
HLA04828_HLA05526,C*06:34,C*06:34,C*06:46N,C*06:46N,True,C
HLA04829_HLA00476,C*16:02:03,C*16:02,C*16:02:01,C*16:02,True,C
HLA04830_HLA00405,C*02:35,C*02:35,C*02:02:02,C*02:02,True,C
HLA04831_HLA00467,C*15:28,C*15:28,C*15:02:01,C*15:02,True,C
HLA04832_HLA00427,C*05:42,C*05:42,C*05:01:01:01,C*05:01,True,C
HLA04832_HLA03586,C*05:42,C*05:42,C*05:01:01:02,C*05:01,True,C
HLA04833_HLA00433,C*07:01:12,C*07:01,C*07:01:01:01,C*07:01,True,C
HLA04833_HLA07937,C*07:01:12,C*07:01,C*07:01:01:02,C*07:01,True,C
HLA04833_HLA00438,C*07:01:12,C*07:01,C*07:06,C*07:06,True,C
HLA04834_HLA00455,C*12:35,C*12:35,C*12:03:01:01,C*12:03,True,C
HLA04834_HLA02766,C*12:35,C*12:35,C*12:03:01:02,C*12:03,True,C
HLA04835_HLA00430,C*06:35,C*06:35,C*06:02:01:01,C*06:02,True,C
HLA04835_HLA02561,C*06:35,C*06:35,C*06:02:01:02,C*06:02,True,C
HLA04835_HLA05526,C*06:35,C*06:35,C*06:46N,C*06:46N,True,C
HLA04836_HLA00455,C*12:03:10,C*12:03,C*12:03:01:01,C*12:03,True,C
HLA04836_HLA02766,C*12:03:10,C*12:03,C*12:03:01:02,C*12:03,True,C
HLA04837_HLA00430,C*06:36,C*06:36,C*06:02:01:01,C*06:02,True,C
HLA04837_HLA02561,C*06:36,C*06:36,C*06:02:01:02,C*06:02,True,C
HLA04837_HLA05526,C*06:36,C*06:36,C*06:46N,C*06:46N,True,C
HLA04838_HLA00420,C*04:58,C*04:58,C*04:01:01:01,C*04:01,True,C
HLA04838_HLA01328,C*04:58,C*04:58,C*04:01:01:02,C*04:01,True,C
HLA04838_HLA03572,C*04:58,C*04:58,C*04:01:01:03,C*04:01,True,C
HLA04838_HLA08080,C*04:58,C*04:58,C*04:01:01:05,C*04:01,True,C
HLA04839_HLA00476,C*16:02:04,C*16:02,C*16:02:01,C*16:02,True,C
HLA04840_HLA00455,C*12:03:11,C*12:03,C*12:03:01:01,C*12:03,True,C
HLA04840_HLA02766,C*12:03:11,C*12:03,C*12:03:01:02,C*12:03,True,C
HLA04841_HLA00420,C*04:59Q,C*04:59Q,C*04:01:01:01,C*04:01,True,C
HLA04841_HLA01328,C*04:59Q,C*04:59Q,C*04:01:01:02,C*04:01,True,C
HLA04841_HLA03572,C*04:59Q,C*04:59Q,C*04:01:01:03,C*04:01,True,C
HLA04841_HLA08080,C*04:59Q,C*04:59Q,C*04:01:01:05,C*04:01,True,C
HLA04842_HLA00420,C*04:60,C*04:60,C*04:01:01:01,C*04:01,True,C
HLA04842_HLA01328,C*04:60,C*04:60,C*04:01:01:02,C*04:01,True,C
HLA04842_HLA03572,C*04:60,C*04:60,C*04:01:01:03,C*04:01,True,C
HLA04842_HLA08080,C*04:60,C*04:60,C*04:01:01:05,C*04:01,True,C
HLA04843_HLA00420,C*04:61,C*04:61,C*04:01:01:01,C*04:01,True,C
HLA04843_HLA01328,C*04:61,C*04:61,C*04:01:01:02,C*04:01,True,C
HLA04843_HLA03572,C*04:61,C*04:61,C*04:01:01:03,C*04:01,True,C
HLA04843_HLA08080,C*04:61,C*04:61,C*04:01:01:05,C*04:01,True,C
HLA04844_HLA00430,C*06:37,C*06:37,C*06:02:01:01,C*06:02,True,C
HLA04844_HLA02561,C*06:37,C*06:37,C*06:02:01:02,C*06:02,True,C
HLA04844_HLA05526,C*06:37,C*06:37,C*06:46N,C*06:46N,True,C
HLA04845_HLA00405,C*02:36,C*02:36,C*02:02:02,C*02:02,True,C
HLA04851_HLA00420,C*04:62,C*04:62,C*04:01:01:01,C*04:01,True,C
HLA04851_HLA01328,C*04:62,C*04:62,C*04:01:01:02,C*04:01,True,C
HLA04851_HLA03572,C*04:62,C*04:62,C*04:01:01:03,C*04:01,True,C
HLA04851_HLA08080,C*04:62,C*04:62,C*04:01:01:05,C*04:01,True,C
HLA04852_HLA00401,C*01:37N,C*01:37N,C*01:02:01,C*01:02,True,C
HLA04858_HLA00454,C*12:02:05,C*12:02,C*12:02:02,C*12:02,True,C
HLA04974_HLA00434,C*07:100,C*07:100,C*07:02:01:01,C*07:02,True,C
HLA04974_HLA01326,C*07:100,C*07:100,C*07:02:01:02,C*07:02,True,C
HLA04974_HLA01902,C*07:100,C*07:100,C*07:02:01:03,C*07:02,True,C
HLA04974_HLA07777,C*07:100,C*07:100,C*07:02:01:04,C*07:02,True,C
HLA04974_HLA07778,C*07:100,C*07:100,C*07:02:01:05,C*07:02,True,C
HLA04982_HLA00436,C*07:101,C*07:101,C*07:04:01,C*07:04,True,C
HLA04983_HLA00434,C*07:102,C*07:102,C*07:02:01:01,C*07:02,True,C
HLA04983_HLA01326,C*07:102,C*07:102,C*07:02:01:02,C*07:02,True,C
HLA04983_HLA01902,C*07:102,C*07:102,C*07:02:01:03,C*07:02,True,C
HLA04983_HLA07777,C*07:102,C*07:102,C*07:02:01:04,C*07:02,True,C
HLA04983_HLA07778,C*07:102,C*07:102,C*07:02:01:05,C*07:02,True,C
HLA04995_HLA00433,C*07:103,C*07:103,C*07:01:01:01,C*07:01,True,C
HLA04995_HLA07937,C*07:103,C*07:103,C*07:01:01:02,C*07:01,True,C
HLA04995_HLA00438,C*07:103,C*07:103,C*07:06,C*07:06,True,C
HLA04996_HLA00433,C*07:104N,C*07:104N,C*07:01:01:01,C*07:01,True,C
HLA04996_HLA07937,C*07:104N,C*07:104N,C*07:01:01:02,C*07:01,True,C
HLA04996_HLA00438,C*07:104N,C*07:104N,C*07:06,C*07:06,True,C
HLA05012_HLA00434,C*07:105,C*07:105,C*07:02:01:01,C*07:02,True,C
HLA05012_HLA01326,C*07:105,C*07:105,C*07:02:01:02,C*07:02,True,C
HLA05012_HLA01902,C*07:105,C*07:105,C*07:02:01:03,C*07:02,True,C
HLA05012_HLA07777,C*07:105,C*07:105,C*07:02:01:04,C*07:02,True,C
HLA05012_HLA07778,C*07:105,C*07:105,C*07:02:01:05,C*07:02,True,C
HLA05013_HLA00433,C*07:106,C*07:106,C*07:01:01:01,C*07:01,True,C
HLA05013_HLA07937,C*07:106,C*07:106,C*07:01:01:02,C*07:01,True,C
HLA05013_HLA00438,C*07:106,C*07:106,C*07:06,C*07:06,True,C
HLA05014_HLA00434,C*07:107,C*07:107,C*07:02:01:01,C*07:02,True,C
HLA05014_HLA01326,C*07:107,C*07:107,C*07:02:01:02,C*07:02,True,C
HLA05014_HLA01902,C*07:107,C*07:107,C*07:02:01:03,C*07:02,True,C
HLA05014_HLA07777,C*07:107,C*07:107,C*07:02:01:04,C*07:02,True,C
HLA05014_HLA07778,C*07:107,C*07:107,C*07:02:01:05,C*07:02,True,C
HLA05015_HLA00433,C*07:108,C*07:108,C*07:01:01:01,C*07:01,True,C
HLA05015_HLA07937,C*07:108,C*07:108,C*07:01:01:02,C*07:01,True,C
HLA05015_HLA00438,C*07:108,C*07:108,C*07:06,C*07:06,True,C
HLA05015_HLA01720,C*07:108,C*07:108,C*07:19,C*07:19,True,C
HLA05016_HLA00433,C*07:109,C*07:109,C*07:01:01:01,C*07:01,True,C
HLA05016_HLA07937,C*07:109,C*07:109,C*07:01:01:02,C*07:01,True,C
HLA05016_HLA00438,C*07:109,C*07:109,C*07:06,C*07:06,True,C
HLA05017_HLA00433,C*07:110,C*07:110,C*07:01:01:01,C*07:01,True,C
HLA05017_HLA07937,C*07:110,C*07:110,C*07:01:01:02,C*07:01,True,C
HLA05017_HLA00438,C*07:110,C*07:110,C*07:06,C*07:06,True,C
HLA05022_HLA00433,C*07:111,C*07:111,C*07:01:01:01,C*07:01,True,C
HLA05022_HLA07937,C*07:111,C*07:111,C*07:01:01:02,C*07:01,True,C
HLA05022_HLA00438,C*07:111,C*07:111,C*07:06,C*07:06,True,C
HLA05023_HLA00433,C*07:112,C*07:112,C*07:01:01:01,C*07:01,True,C
HLA05023_HLA07937,C*07:112,C*07:112,C*07:01:01:02,C*07:01,True,C
HLA05023_HLA00438,C*07:112,C*07:112,C*07:06,C*07:06,True,C
HLA05024_HLA00433,C*07:113,C*07:113,C*07:01:01:01,C*07:01,True,C
HLA05024_HLA07937,C*07:113,C*07:113,C*07:01:01:02,C*07:01,True,C
HLA05024_HLA00438,C*07:113,C*07:113,C*07:06,C*07:06,True,C
HLA05025_HLA00434,C*07:114,C*07:114,C*07:02:01:01,C*07:02,True,C
HLA05025_HLA01326,C*07:114,C*07:114,C*07:02:01:02,C*07:02,True,C
HLA05025_HLA01902,C*07:114,C*07:114,C*07:02:01:03,C*07:02,True,C
HLA05025_HLA07777,C*07:114,C*07:114,C*07:02:01:04,C*07:02,True,C
HLA05025_HLA07778,C*07:114,C*07:114,C*07:02:01:05,C*07:02,True,C
HLA05026_HLA00433,C*07:115,C*07:115,C*07:01:01:01,C*07:01,True,C
HLA05026_HLA07937,C*07:115,C*07:115,C*07:01:01:02,C*07:01,True,C
HLA05026_HLA00438,C*07:115,C*07:115,C*07:06,C*07:06,True,C
HLA05027_HLA00433,C*07:116,C*07:116,C*07:01:01:01,C*07:01,True,C
HLA05027_HLA07937,C*07:116,C*07:116,C*07:01:01:02,C*07:01,True,C
HLA05027_HLA00438,C*07:116,C*07:116,C*07:06,C*07:06,True,C
HLA05028_HLA00434,C*07:117,C*07:117,C*07:02:01:01,C*07:02,True,C
HLA05028_HLA01326,C*07:117,C*07:117,C*07:02:01:02,C*07:02,True,C
HLA05028_HLA01902,C*07:117,C*07:117,C*07:02:01:03,C*07:02,True,C
HLA05028_HLA07777,C*07:117,C*07:117,C*07:02:01:04,C*07:02,True,C
HLA05028_HLA07778,C*07:117,C*07:117,C*07:02:01:05,C*07:02,True,C
HLA05029_HLA00433,C*07:118,C*07:118,C*07:01:01:01,C*07:01,True,C
HLA05029_HLA07937,C*07:118,C*07:118,C*07:01:01:02,C*07:01,True,C
HLA05029_HLA00438,C*07:118,C*07:118,C*07:06,C*07:06,True,C
HLA05030_HLA00433,C*07:119,C*07:119,C*07:01:01:01,C*07:01,True,C
HLA05030_HLA07937,C*07:119,C*07:119,C*07:01:01:02,C*07:01,True,C
HLA05030_HLA00438,C*07:119,C*07:119,C*07:06,C*07:06,True,C
HLA05031_HLA00433,C*07:120,C*07:120,C*07:01:01:01,C*07:01,True,C
HLA05031_HLA07937,C*07:120,C*07:120,C*07:01:01:02,C*07:01,True,C
HLA05031_HLA00438,C*07:120,C*07:120,C*07:06,C*07:06,True,C
HLA05032_HLA00434,C*07:121Q,C*07:121Q,C*07:02:01:01,C*07:02,True,C
HLA05032_HLA01326,C*07:121Q,C*07:121Q,C*07:02:01:02,C*07:02,True,C
HLA05032_HLA01902,C*07:121Q,C*07:121Q,C*07:02:01:03,C*07:02,True,C
HLA05032_HLA07777,C*07:121Q,C*07:121Q,C*07:02:01:04,C*07:02,True,C
HLA05032_HLA07778,C*07:121Q,C*07:121Q,C*07:02:01:05,C*07:02,True,C
HLA05033_HLA00433,C*07:122,C*07:122,C*07:01:01:01,C*07:01,True,C
HLA05033_HLA07937,C*07:122,C*07:122,C*07:01:01:02,C*07:01,True,C
HLA05033_HLA00438,C*07:122,C*07:122,C*07:06,C*07:06,True,C
HLA05034_HLA00434,C*07:123,C*07:123,C*07:02:01:01,C*07:02,True,C
HLA05034_HLA01326,C*07:123,C*07:123,C*07:02:01:02,C*07:02,True,C
HLA05034_HLA01902,C*07:123,C*07:123,C*07:02:01:03,C*07:02,True,C
HLA05034_HLA07777,C*07:123,C*07:123,C*07:02:01:04,C*07:02,True,C
HLA05034_HLA07778,C*07:123,C*07:123,C*07:02:01:05,C*07:02,True,C
HLA05035_HLA00433,C*07:124,C*07:124,C*07:01:01:01,C*07:01,True,C
HLA05035_HLA07937,C*07:124,C*07:124,C*07:01:01:02,C*07:01,True,C
HLA05035_HLA00438,C*07:124,C*07:124,C*07:06,C*07:06,True,C
HLA05036_HLA00434,C*07:125,C*07:125,C*07:02:01:01,C*07:02,True,C
HLA05036_HLA01326,C*07:125,C*07:125,C*07:02:01:02,C*07:02,True,C
HLA05036_HLA01902,C*07:125,C*07:125,C*07:02:01:03,C*07:02,True,C
HLA05036_HLA07777,C*07:125,C*07:125,C*07:02:01:04,C*07:02,True,C
HLA05036_HLA07778,C*07:125,C*07:125,C*07:02:01:05,C*07:02,True,C
HLA05064_HLA00434,C*07:126,C*07:126,C*07:02:01:01,C*07:02,True,C
HLA05064_HLA01326,C*07:126,C*07:126,C*07:02:01:02,C*07:02,True,C
HLA05064_HLA01902,C*07:126,C*07:126,C*07:02:01:03,C*07:02,True,C
HLA05064_HLA07777,C*07:126,C*07:126,C*07:02:01:04,C*07:02,True,C
HLA05064_HLA07778,C*07:126,C*07:126,C*07:02:01:05,C*07:02,True,C
HLA05065_HLA00434,C*07:127,C*07:127,C*07:02:01:01,C*07:02,True,C
HLA05065_HLA01326,C*07:127,C*07:127,C*07:02:01:02,C*07:02,True,C
HLA05065_HLA01902,C*07:127,C*07:127,C*07:02:01:03,C*07:02,True,C
HLA05065_HLA07777,C*07:127,C*07:127,C*07:02:01:04,C*07:02,True,C
HLA05065_HLA07778,C*07:127,C*07:127,C*07:02:01:05,C*07:02,True,C
HLA05066_HLA00433,C*07:128,C*07:128,C*07:01:01:01,C*07:01,True,C
HLA05066_HLA07937,C*07:128,C*07:128,C*07:01:01:02,C*07:01,True,C
HLA05066_HLA00438,C*07:128,C*07:128,C*07:06,C*07:06,True,C
HLA05067_HLA00433,C*07:129,C*07:129,C*07:01:01:01,C*07:01,True,C
HLA05067_HLA07937,C*07:129,C*07:129,C*07:01:01:02,C*07:01,True,C
HLA05067_HLA00438,C*07:129,C*07:129,C*07:06,C*07:06,True,C
HLA05068_HLA00434,C*07:130,C*07:130,C*07:02:01:01,C*07:02,True,C
HLA05068_HLA01326,C*07:130,C*07:130,C*07:02:01:02,C*07:02,True,C
HLA05068_HLA01902,C*07:130,C*07:130,C*07:02:01:03,C*07:02,True,C
HLA05068_HLA07777,C*07:130,C*07:130,C*07:02:01:04,C*07:02,True,C
HLA05068_HLA07778,C*07:130,C*07:130,C*07:02:01:05,C*07:02,True,C
HLA05069_HLA00433,C*07:131,C*07:131,C*07:01:01:01,C*07:01,True,C
HLA05069_HLA07937,C*07:131,C*07:131,C*07:01:01:02,C*07:01,True,C
HLA05069_HLA00438,C*07:131,C*07:131,C*07:06,C*07:06,True,C
HLA05070_HLA00433,C*07:132,C*07:132,C*07:01:01:01,C*07:01,True,C
HLA05070_HLA07937,C*07:132,C*07:132,C*07:01:01:02,C*07:01,True,C
HLA05070_HLA00438,C*07:132,C*07:132,C*07:06,C*07:06,True,C
HLA05071_HLA00434,C*07:133,C*07:133,C*07:02:01:01,C*07:02,True,C
HLA05071_HLA01326,C*07:133,C*07:133,C*07:02:01:02,C*07:02,True,C
HLA05071_HLA01902,C*07:133,C*07:133,C*07:02:01:03,C*07:02,True,C
HLA05071_HLA07777,C*07:133,C*07:133,C*07:02:01:04,C*07:02,True,C
HLA05071_HLA07778,C*07:133,C*07:133,C*07:02:01:05,C*07:02,True,C
HLA05072_HLA00433,C*07:134,C*07:134,C*07:01:01:01,C*07:01,True,C
HLA05072_HLA07937,C*07:134,C*07:134,C*07:01:01:02,C*07:01,True,C
HLA05072_HLA00438,C*07:134,C*07:134,C*07:06,C*07:06,True,C
HLA05073_HLA00434,C*07:135,C*07:135,C*07:02:01:01,C*07:02,True,C
HLA05073_HLA01326,C*07:135,C*07:135,C*07:02:01:02,C*07:02,True,C
HLA05073_HLA01902,C*07:135,C*07:135,C*07:02:01:03,C*07:02,True,C
HLA05073_HLA07777,C*07:135,C*07:135,C*07:02:01:04,C*07:02,True,C
HLA05073_HLA07778,C*07:135,C*07:135,C*07:02:01:05,C*07:02,True,C
HLA05074_HLA00434,C*07:136,C*07:136,C*07:02:01:01,C*07:02,True,C
HLA05074_HLA01326,C*07:136,C*07:136,C*07:02:01:02,C*07:02,True,C
HLA05074_HLA01902,C*07:136,C*07:136,C*07:02:01:03,C*07:02,True,C
HLA05074_HLA07777,C*07:136,C*07:136,C*07:02:01:04,C*07:02,True,C
HLA05074_HLA07778,C*07:136,C*07:136,C*07:02:01:05,C*07:02,True,C
HLA05075_HLA00434,C*07:137:01,C*07:137,C*07:02:01:01,C*07:02,True,C
HLA05075_HLA01326,C*07:137:01,C*07:137,C*07:02:01:02,C*07:02,True,C
HLA05075_HLA01902,C*07:137:01,C*07:137,C*07:02:01:03,C*07:02,True,C
HLA05075_HLA07777,C*07:137:01,C*07:137,C*07:02:01:04,C*07:02,True,C
HLA05075_HLA07778,C*07:137:01,C*07:137,C*07:02:01:05,C*07:02,True,C
HLA05076_HLA00434,C*07:138,C*07:138,C*07:02:01:01,C*07:02,True,C
HLA05076_HLA01326,C*07:138,C*07:138,C*07:02:01:02,C*07:02,True,C
HLA05076_HLA01902,C*07:138,C*07:138,C*07:02:01:03,C*07:02,True,C
HLA05076_HLA07777,C*07:138,C*07:138,C*07:02:01:04,C*07:02,True,C
HLA05076_HLA07778,C*07:138,C*07:138,C*07:02:01:05,C*07:02,True,C
HLA05077_HLA00436,C*07:139,C*07:139,C*07:04:01,C*07:04,True,C
HLA05079_HLA00436,C*07:142,C*07:142,C*07:04:01,C*07:04,True,C
HLA05080_HLA00434,C*07:143,C*07:143,C*07:02:01:01,C*07:02,True,C
HLA05080_HLA01326,C*07:143,C*07:143,C*07:02:01:02,C*07:02,True,C
HLA05080_HLA01902,C*07:143,C*07:143,C*07:02:01:03,C*07:02,True,C
HLA05080_HLA07777,C*07:143,C*07:143,C*07:02:01:04,C*07:02,True,C
HLA05080_HLA07778,C*07:143,C*07:143,C*07:02:01:05,C*07:02,True,C
HLA05081_HLA00434,C*07:144,C*07:144,C*07:02:01:01,C*07:02,True,C
HLA05081_HLA01326,C*07:144,C*07:144,C*07:02:01:02,C*07:02,True,C
HLA05081_HLA01902,C*07:144,C*07:144,C*07:02:01:03,C*07:02,True,C
HLA05081_HLA07777,C*07:144,C*07:144,C*07:02:01:04,C*07:02,True,C
HLA05081_HLA07778,C*07:144,C*07:144,C*07:02:01:05,C*07:02,True,C
HLA05082_HLA00434,C*07:145,C*07:145,C*07:02:01:01,C*07:02,True,C
HLA05082_HLA01326,C*07:145,C*07:145,C*07:02:01:02,C*07:02,True,C
HLA05082_HLA01902,C*07:145,C*07:145,C*07:02:01:03,C*07:02,True,C
HLA05082_HLA07777,C*07:145,C*07:145,C*07:02:01:04,C*07:02,True,C
HLA05082_HLA07778,C*07:145,C*07:145,C*07:02:01:05,C*07:02,True,C
HLA05083_HLA00434,C*07:146,C*07:146,C*07:02:01:01,C*07:02,True,C
HLA05083_HLA01326,C*07:146,C*07:146,C*07:02:01:02,C*07:02,True,C
HLA05083_HLA01902,C*07:146,C*07:146,C*07:02:01:03,C*07:02,True,C
HLA05083_HLA07777,C*07:146,C*07:146,C*07:02:01:04,C*07:02,True,C
HLA05083_HLA07778,C*07:146,C*07:146,C*07:02:01:05,C*07:02,True,C
HLA05089_HLA00433,C*07:140,C*07:140,C*07:01:01:01,C*07:01,True,C
HLA05089_HLA07937,C*07:140,C*07:140,C*07:01:01:02,C*07:01,True,C
HLA05089_HLA00438,C*07:140,C*07:140,C*07:06,C*07:06,True,C
HLA05090_HLA00433,C*07:141:01,C*07:141,C*07:01:01:01,C*07:01,True,C
HLA05090_HLA07937,C*07:141:01,C*07:141,C*07:01:01:02,C*07:01,True,C
HLA05090_HLA00438,C*07:141:01,C*07:141,C*07:06,C*07:06,True,C
HLA05111_HLA00411,C*03:85,C*03:85,C*03:03:01,C*03:03,True,C
HLA05115_HLA00471,C*15:30,C*15:30,C*15:05:02,C*15:05,True,C
HLA05119_HLA00462,C*14:20,C*14:20,C*14:02:01,C*14:02,True,C
HLA05120_HLA00401,C*01:38,C*01:38,C*01:02:01,C*01:02,True,C
HLA05122_HLA01412,C*03:86,C*03:86,C*03:13,C*03:13,True,C
HLA05122_HLA00475,C*03:86,C*03:86,C*16:01:01,C*16:01,True,C
HLA05124_HLA00413,C*03:87,C*03:87,C*03:04:01:01,C*03:04,True,C
HLA05130_HLA00401,C*01:39,C*01:39,C*01:02:01,C*01:02,True,C
HLA05138_HLA00434,C*07:147,C*07:147,C*07:02:01:01,C*07:02,True,C
HLA05138_HLA01326,C*07:147,C*07:147,C*07:02:01:02,C*07:02,True,C
HLA05138_HLA01902,C*07:147,C*07:147,C*07:02:01:03,C*07:02,True,C
HLA05138_HLA07777,C*07:147,C*07:147,C*07:02:01:04,C*07:02,True,C
HLA05138_HLA07778,C*07:147,C*07:147,C*07:02:01:05,C*07:02,True,C
HLA05139_HLA02120,C*02:27:02,C*02:27,C*02:10,C*02:10,True,C
HLA05158_HLA00467,C*15:31,C*15:31,C*15:02:01,C*15:02,True,C
HLA05159_HLA00434,C*07:02:15,C*07:02,C*07:02:01:01,C*07:02,True,C
HLA05159_HLA01326,C*07:02:15,C*07:02,C*07:02:01:02,C*07:02,True,C
HLA05159_HLA01902,C*07:02:15,C*07:02,C*07:02:01:03,C*07:02,True,C
HLA05159_HLA07777,C*07:02:15,C*07:02,C*07:02:01:04,C*07:02,True,C
HLA05159_HLA07778,C*07:02:15,C*07:02,C*07:02:01:05,C*07:02,True,C
HLA05160_HLA00467,C*15:32Q,C*15:32Q,C*15:02:01,C*15:02,True,C
HLA05161_HLA02120,C*02:02:13,C*02:02,C*02:10,C*02:10,True,C
HLA05162_HLA00411,C*03:88,C*03:88,C*03:03:01,C*03:03,True,C
HLA05163_HLA00475,C*16:22,C*16:22,C*16:01:01,C*16:01,True,C
HLA05164_HLA00430,C*06:38,C*06:38,C*06:02:01:01,C*06:02,True,C
HLA05164_HLA02561,C*06:38,C*06:38,C*06:02:01:02,C*06:02,True,C
HLA05164_HLA05526,C*06:38,C*06:38,C*06:46N,C*06:46N,True,C
HLA05165_HLA00420,C*04:01:17,C*04:01,C*04:01:01:01,C*04:01,True,C
HLA05165_HLA01328,C*04:01:17,C*04:01,C*04:01:01:02,C*04:01,True,C
HLA05165_HLA03572,C*04:01:17,C*04:01,C*04:01:01:03,C*04:01,True,C
HLA05165_HLA08080,C*04:01:17,C*04:01,C*04:01:01:05,C*04:01,True,C
HLA05166_HLA00420,C*04:63,C*04:63,C*04:01:01:01,C*04:01,True,C
HLA05166_HLA01328,C*04:63,C*04:63,C*04:01:01:02,C*04:01,True,C
HLA05166_HLA03572,C*04:63,C*04:63,C*04:01:01:03,C*04:01,True,C
HLA05166_HLA08080,C*04:63,C*04:63,C*04:01:01:05,C*04:01,True,C
HLA05167_HLA00420,C*04:64:01,C*04:64,C*04:01:01:01,C*04:01,True,C
HLA05167_HLA01328,C*04:64:01,C*04:64,C*04:01:01:02,C*04:01,True,C
HLA05167_HLA03572,C*04:64:01,C*04:64,C*04:01:01:03,C*04:01,True,C
HLA05167_HLA08080,C*04:64:01,C*04:64,C*04:01:01:05,C*04:01,True,C
HLA05168_HLA00430,C*06:39,C*06:39,C*06:02:01:01,C*06:02,True,C
HLA05168_HLA02561,C*06:39,C*06:39,C*06:02:01:02,C*06:02,True,C
HLA05168_HLA05526,C*06:39,C*06:39,C*06:46N,C*06:46N,True,C
HLA05169_HLA00410,C*03:89,C*03:89,C*03:02:01,C*03:02,True,C
HLA05169_HLA05731,C*03:89,C*03:89,C*03:02:02:02,C*03:02,True,C
HLA05170_HLA00420,C*04:65,C*04:65,C*04:01:01:01,C*04:01,True,C
HLA05170_HLA01328,C*04:65,C*04:65,C*04:01:01:02,C*04:01,True,C
HLA05170_HLA03572,C*04:65,C*04:65,C*04:01:01:03,C*04:01,True,C
HLA05170_HLA08080,C*04:65,C*04:65,C*04:01:01:05,C*04:01,True,C
HLA05171_HLA00413,C*03:90,C*03:90,C*03:04:01:01,C*03:04,True,C
HLA05172_HLA00455,C*12:03:12,C*12:03,C*12:03:01:01,C*12:03,True,C
HLA05172_HLA02766,C*12:03:12,C*12:03,C*12:03:01:02,C*12:03,True,C
HLA05173_HLA00420,C*04:01:18,C*04:01,C*04:01:01:01,C*04:01,True,C
HLA05173_HLA01328,C*04:01:18,C*04:01,C*04:01:01:02,C*04:01,True,C
HLA05173_HLA03572,C*04:01:18,C*04:01,C*04:01:01:03,C*04:01,True,C
HLA05173_HLA08080,C*04:01:18,C*04:01,C*04:01:01:05,C*04:01,True,C
HLA05174_HLA00430,C*06:02:06,C*06:02,C*06:02:01:01,C*06:02,True,C
HLA05174_HLA02561,C*06:02:06,C*06:02,C*06:02:01:02,C*06:02,True,C
HLA05174_HLA05526,C*06:02:06,C*06:02,C*06:46N,C*06:46N,True,C
HLA05175_HLA00420,C*04:66,C*04:66,C*04:01:01:01,C*04:01,True,C
HLA05175_HLA01328,C*04:66,C*04:66,C*04:01:01:02,C*04:01,True,C
HLA05175_HLA03572,C*04:66,C*04:66,C*04:01:01:03,C*04:01,True,C
HLA05175_HLA08080,C*04:66,C*04:66,C*04:01:01:05,C*04:01,True,C
HLA05176_HLA00430,C*06:02:07,C*06:02,C*06:02:01:01,C*06:02,True,C
HLA05176_HLA02561,C*06:02:07,C*06:02,C*06:02:01:02,C*06:02,True,C
HLA05176_HLA05526,C*06:02:07,C*06:02,C*06:46N,C*06:46N,True,C
HLA05177_HLA00481,C*17:01:04,C*17:01,C*17:01:01:01,C*17:01,True,C
HLA05178_HLA00454,C*12:02:06,C*12:02,C*12:02:02,C*12:02,True,C
HLA05178_HLA02766,C*12:02:06,C*12:02,C*12:03:01:02,C*12:03,True,C
HLA05179_HLA00475,C*16:23,C*16:23,C*16:01:01,C*16:01,True,C
HLA05180_HLA00446,C*08:32,C*08:32,C*08:02:01,C*08:02,True,C
HLA05181_HLA00467,C*15:33,C*15:33,C*15:02:01,C*15:02,True,C
HLA05182_HLA00475,C*16:24,C*16:24,C*16:01:01,C*16:01,True,C
HLA05183_HLA00420,C*04:01:19,C*04:01,C*04:01:01:01,C*04:01,True,C
HLA05183_HLA01328,C*04:01:19,C*04:01,C*04:01:01:02,C*04:01,True,C
HLA05183_HLA03572,C*04:01:19,C*04:01,C*04:01:01:03,C*04:01,True,C
HLA05183_HLA08080,C*04:01:19,C*04:01,C*04:01:01:05,C*04:01,True,C
HLA05184_HLA00430,C*06:40,C*06:40,C*06:02:01:01,C*06:02,True,C
HLA05184_HLA02561,C*06:40,C*06:40,C*06:02:01:02,C*06:02,True,C
HLA05184_HLA05526,C*06:40,C*06:40,C*06:46N,C*06:46N,True,C
HLA05185_HLA00454,C*12:36,C*12:36,C*12:02:02,C*12:02,True,C
HLA05186_HLA00405,C*02:37,C*02:37,C*02:02:02,C*02:02,True,C
HLA05187_HLA00455,C*12:37,C*12:37,C*12:03:01:01,C*12:03,True,C
HLA05187_HLA02766,C*12:37,C*12:37,C*12:03:01:02,C*12:03,True,C
HLA05188_HLA00446,C*08:33:01,C*08:33,C*08:02:01,C*08:02,True,C
HLA05188_HLA03975,C*08:33:01,C*08:33,C*08:27,C*08:27,True,C
HLA05189_HLA00405,C*02:38N,C*02:38N,C*02:02:02,C*02:02,True,C
HLA05190_HLA00434,C*07:02:16,C*07:02,C*07:02:01:01,C*07:02,True,C
HLA05190_HLA01326,C*07:02:16,C*07:02,C*07:02:01:02,C*07:02,True,C
HLA05190_HLA01902,C*07:02:16,C*07:02,C*07:02:01:03,C*07:02,True,C
HLA05190_HLA07777,C*07:02:16,C*07:02,C*07:02:01:04,C*07:02,True,C
HLA05190_HLA07778,C*07:02:16,C*07:02,C*07:02:01:05,C*07:02,True,C
HLA05191_HLA00420,C*04:67,C*04:67,C*04:01:01:01,C*04:01,True,C
HLA05191_HLA01328,C*04:67,C*04:67,C*04:01:01:02,C*04:01,True,C
HLA05191_HLA03572,C*04:67,C*04:67,C*04:01:01:03,C*04:01,True,C
HLA05191_HLA08080,C*04:67,C*04:67,C*04:01:01:05,C*04:01,True,C
HLA05192_HLA00430,C*06:41,C*06:41,C*06:02:01:01,C*06:02,True,C
HLA05192_HLA02561,C*06:41,C*06:41,C*06:02:01:02,C*06:02,True,C
HLA05192_HLA05526,C*06:41,C*06:41,C*06:46N,C*06:46N,True,C
HLA05194_HLA00462,C*14:02:05,C*14:02,C*14:02:01,C*14:02,True,C
HLA05195_HLA00430,C*06:02:08,C*06:02,C*06:02:01:01,C*06:02,True,C
HLA05195_HLA02561,C*06:02:08,C*06:02,C*06:02:01:02,C*06:02,True,C
HLA05196_HLA00446,C*08:34,C*08:34,C*08:02:01,C*08:02,True,C
HLA05197_HLA00413,C*03:91,C*03:91,C*03:04:01:01,C*03:04,True,C
HLA05198_HLA00467,C*15:34,C*15:34,C*15:02:01,C*15:02,True,C
HLA05199_HLA00455,C*12:38,C*12:38,C*12:03:01:01,C*12:03,True,C
HLA05199_HLA02766,C*12:38,C*12:38,C*12:03:01:02,C*12:03,True,C
HLA05200_HLA00467,C*15:02:06,C*15:02,C*15:02:01,C*15:02,True,C
HLA05201_HLA00405,C*02:39,C*02:39,C*02:02:02,C*02:02,True,C
HLA05202_HLA00413,C*03:92,C*03:92,C*03:04:01:01,C*03:04,True,C
HLA05203_HLA00455,C*12:39N,C*12:39N,C*12:03:01:01,C*12:03,True,C
HLA05203_HLA02766,C*12:39N,C*12:39N,C*12:03:01:02,C*12:03,True,C
HLA05204_HLA00454,C*12:40,C*12:40,C*12:02:02,C*12:02,True,C
HLA05205_HLA00454,C*12:41,C*12:41,C*12:02:02,C*12:02,True,C
HLA05206_HLA00420,C*04:68,C*04:68,C*04:01:01:01,C*04:01,True,C
HLA05206_HLA01328,C*04:68,C*04:68,C*04:01:01:02,C*04:01,True,C
HLA05206_HLA03572,C*04:68,C*04:68,C*04:01:01:03,C*04:01,True,C
HLA05206_HLA08080,C*04:68,C*04:68,C*04:01:01:05,C*04:01,True,C
HLA05207_HLA00430,C*06:42,C*06:42,C*06:02:01:01,C*06:02,True,C
HLA05207_HLA02561,C*06:42,C*06:42,C*06:02:01:02,C*06:02,True,C
HLA05207_HLA05526,C*06:42,C*06:42,C*06:46N,C*06:46N,True,C
HLA05208_HLA00476,C*16:25,C*16:25,C*16:02:01,C*16:02,True,C
HLA05209_HLA00401,C*01:02:10,C*01:02,C*01:02:01,C*01:02,True,C
HLA05210_HLA00405,C*02:02:12,C*02:02,C*02:02:02,C*02:02,True,C
HLA05211_HLA00481,C*17:07,C*17:07,C*17:01:01:01,C*17:01,True,C
HLA05212_HLA00455,C*12:42Q,C*12:42Q,C*12:03:01:01,C*12:03,True,C
HLA05212_HLA02766,C*12:42Q,C*12:42Q,C*12:03:01:02,C*12:03,True,C
HLA05213_HLA00427,C*05:43,C*05:43,C*05:01:01:01,C*05:01,True,C
HLA05213_HLA03586,C*05:43,C*05:43,C*05:01:01:02,C*05:01,True,C
HLA05214_HLA00455,C*12:43,C*12:43,C*12:03:01:01,C*12:03,True,C
HLA05214_HLA02766,C*12:43,C*12:43,C*12:03:01:02,C*12:03,True,C
HLA05215_HLA00411,C*03:03:12,C*03:03,C*03:03:01,C*03:03,True,C
HLA05216_HLA00467,C*15:35,C*15:35,C*15:02:01,C*15:02,True,C
HLA05217_HLA00475,C*16:26,C*16:26,C*16:01:01,C*16:01,True,C
HLA05218_HLA00420,C*04:69,C*04:69,C*04:01:01:01,C*04:01,True,C
HLA05218_HLA01328,C*04:69,C*04:69,C*04:01:01:02,C*04:01,True,C
HLA05218_HLA03572,C*04:69,C*04:69,C*04:01:01:03,C*04:01,True,C
HLA05218_HLA08080,C*04:69,C*04:69,C*04:01:01:05,C*04:01,True,C
HLA05219_HLA00420,C*04:01:20,C*04:01,C*04:01:01:01,C*04:01,True,C
HLA05219_HLA01328,C*04:01:20,C*04:01,C*04:01:01:02,C*04:01,True,C
HLA05219_HLA03572,C*04:01:20,C*04:01,C*04:01:01:03,C*04:01,True,C
HLA05219_HLA08080,C*04:01:20,C*04:01,C*04:01:01:05,C*04:01,True,C
HLA05220_HLA00471,C*15:05:05,C*15:05,C*15:05:02,C*15:05,True,C
HLA05221_HLA00433,C*07:148,C*07:148,C*07:01:01:01,C*07:01,True,C
HLA05221_HLA07937,C*07:148,C*07:148,C*07:01:01:02,C*07:01,True,C
HLA05221_HLA00438,C*07:148,C*07:148,C*07:06,C*07:06,True,C
HLA05309_HLA00446,C*08:02:04,C*08:02,C*08:02:01,C*08:02,True,C
HLA05310_HLA00427,C*05:44:01,C*05:44,C*05:01:01:01,C*05:01,True,C
HLA05310_HLA03586,C*05:44:01,C*05:44,C*05:01:01:02,C*05:01,True,C
HLA05311_HLA00405,C*02:40,C*02:40,C*02:02:02,C*02:02,True,C
HLA05352_HLA00436,C*07:04:04,C*07:04,C*07:04:01,C*07:04,True,C
HLA05371_HLA00413,C*03:93,C*03:93,C*03:04:01:01,C*03:04,True,C
HLA05382_HLA00427,C*05:45,C*05:45,C*05:01:01:01,C*05:01,True,C
HLA05382_HLA03586,C*05:45,C*05:45,C*05:01:01:02,C*05:01,True,C
HLA05385_HLA00430,C*06:43:01,C*06:43,C*06:02:01:01,C*06:02,True,C
HLA05385_HLA02561,C*06:43:01,C*06:43,C*06:02:01:02,C*06:02,True,C
HLA05385_HLA05526,C*06:43:01,C*06:43,C*06:46N,C*06:46N,True,C
HLA05394_HLA00454,C*12:44,C*12:44,C*12:02:02,C*12:02,True,C
HLA05395_HLA00446,C*08:35,C*08:35,C*08:02:01,C*08:02,True,C
HLA05395_HLA03975,C*08:35,C*08:35,C*08:27,C*08:27,True,C
HLA05396_HLA00475,C*03:94,C*03:94,C*16:01:01,C*16:01,True,C
HLA05397_HLA00430,C*06:44,C*06:44,C*06:02:01:01,C*06:02,True,C
HLA05397_HLA02561,C*06:44,C*06:44,C*06:02:01:02,C*06:02,True,C
HLA05397_HLA05526,C*06:44,C*06:44,C*06:46N,C*06:46N,True,C
HLA05403_HLA00420,C*04:01:21,C*04:01,C*04:01:01:01,C*04:01,True,C
HLA05403_HLA01328,C*04:01:21,C*04:01,C*04:01:01:02,C*04:01,True,C
HLA05403_HLA03572,C*04:01:21,C*04:01,C*04:01:01:03,C*04:01,True,C
HLA05403_HLA08080,C*04:01:21,C*04:01,C*04:01:01:05,C*04:01,True,C
HLA05423_HLA00430,C*06:45,C*06:45,C*06:02:01:01,C*06:02,True,C
HLA05423_HLA02561,C*06:45,C*06:45,C*06:02:01:02,C*06:02,True,C
HLA05521_HLA00475,C*16:27,C*16:27,C*16:01:01,C*16:01,True,C
HLA05544_HLA00433,C*07:150Q,C*07:150Q,C*07:01:01:01,C*07:01,True,C
HLA05544_HLA07937,C*07:150Q,C*07:150Q,C*07:01:01:02,C*07:01,True,C
HLA05544_HLA00438,C*07:150Q,C*07:150Q,C*07:06,C*07:06,True,C
HLA05554_HLA00433,C*07:151,C*07:151,C*07:01:01:01,C*07:01,True,C
HLA05554_HLA07937,C*07:151,C*07:151,C*07:01:01:02,C*07:01,True,C
HLA05554_HLA00438,C*07:151,C*07:151,C*07:06,C*07:06,True,C
HLA05558_HLA00471,C*15:36,C*15:36,C*15:05:02,C*15:05,True,C
HLA05559_HLA00430,C*06:47,C*06:47,C*06:02:01:01,C*06:02,True,C
HLA05559_HLA02561,C*06:47,C*06:47,C*06:02:01:02,C*06:02,True,C
HLA05559_HLA05526,C*06:47,C*06:47,C*06:46N,C*06:46N,True,C
HLA05560_HLA00420,C*04:01:22,C*04:01,C*04:01:01:01,C*04:01,True,C
HLA05560_HLA01328,C*04:01:22,C*04:01,C*04:01:01:02,C*04:01,True,C
HLA05560_HLA03572,C*04:01:22,C*04:01,C*04:01:01:03,C*04:01,True,C
HLA05560_HLA08080,C*04:01:22,C*04:01,C*04:01:01:05,C*04:01,True,C
HLA05564_HLA00434,C*07:02:17,C*07:02,C*07:02:01:01,C*07:02,True,C
HLA05564_HLA01326,C*07:02:17,C*07:02,C*07:02:01:02,C*07:02,True,C
HLA05564_HLA01902,C*07:02:17,C*07:02,C*07:02:01:03,C*07:02,True,C
HLA05564_HLA07777,C*07:02:17,C*07:02,C*07:02:01:04,C*07:02,True,C
HLA05564_HLA07778,C*07:02:17,C*07:02,C*07:02:01:05,C*07:02,True,C
HLA05565_HLA00455,C*12:03:13,C*12:03,C*12:03:01:01,C*12:03,True,C
HLA05565_HLA02766,C*12:03:13,C*12:03,C*12:03:01:02,C*12:03,True,C
HLA05566_HLA00430,C*06:48,C*06:48,C*06:02:01:01,C*06:02,True,C
HLA05566_HLA02561,C*06:48,C*06:48,C*06:02:01:02,C*06:02,True,C
HLA05566_HLA05526,C*06:48,C*06:48,C*06:46N,C*06:46N,True,C
HLA05567_HLA00405,C*02:02:14,C*02:02,C*02:02:02,C*02:02,True,C
HLA05567_HLA02120,C*02:02:14,C*02:02,C*02:10,C*02:10,True,C
HLA05568_HLA00481,C*17:01:05,C*17:01,C*17:01:01:01,C*17:01,True,C
HLA05569_HLA00420,C*04:01:23,C*04:01,C*04:01:01:01,C*04:01,True,C
HLA05569_HLA01328,C*04:01:23,C*04:01,C*04:01:01:02,C*04:01,True,C
HLA05569_HLA03572,C*04:01:23,C*04:01,C*04:01:01:03,C*04:01,True,C
HLA05569_HLA08080,C*04:01:23,C*04:01,C*04:01:01:05,C*04:01,True,C
HLA05570_HLA00455,C*12:45,C*12:45,C*12:03:01:01,C*12:03,True,C
HLA05570_HLA02766,C*12:45,C*12:45,C*12:03:01:02,C*12:03,True,C
HLA05571_HLA00427,C*05:46,C*05:46,C*05:01:01:01,C*05:01,True,C
HLA05571_HLA03586,C*05:46,C*05:46,C*05:01:01:02,C*05:01,True,C
HLA05572_HLA00427,C*05:01:14,C*05:01,C*05:01:01:01,C*05:01,True,C
HLA05572_HLA03586,C*05:01:14,C*05:01,C*05:01:01:02,C*05:01,True,C
HLA05573_HLA00420,C*04:72,C*04:72,C*04:01:01:01,C*04:01,True,C
HLA05573_HLA01328,C*04:72,C*04:72,C*04:01:01:02,C*04:01,True,C
HLA05573_HLA03572,C*04:72,C*04:72,C*04:01:01:03,C*04:01,True,C
HLA05573_HLA08080,C*04:72,C*04:72,C*04:01:01:05,C*04:01,True,C
HLA05574_HLA00401,C*01:41,C*01:41,C*01:02:01,C*01:02,True,C
HLA05575_HLA00455,C*12:46N,C*12:46N,C*12:03:01:01,C*12:03,True,C
HLA05575_HLA02766,C*12:46N,C*12:46N,C*12:03:01:02,C*12:03,True,C
HLA05576_HLA00430,C*06:49N,C*06:49N,C*06:02:01:01,C*06:02,True,C
HLA05576_HLA02561,C*06:49N,C*06:49N,C*06:02:01:02,C*06:02,True,C
HLA05576_HLA05526,C*06:49N,C*06:49N,C*06:46N,C*06:46N,True,C
HLA05577_HLA00475,C*16:28,C*16:28,C*16:01:01,C*16:01,True,C
HLA05578_HLA00478,C*16:29,C*16:29,C*16:04:01,C*16:04,True,C
HLA05579_HLA00446,C*08:37,C*08:37,C*08:02:01,C*08:02,True,C
HLA05580_HLA00434,C*07:02:18,C*07:02,C*07:02:01:01,C*07:02,True,C
HLA05580_HLA01326,C*07:02:18,C*07:02,C*07:02:01:02,C*07:02,True,C
HLA05580_HLA01902,C*07:02:18,C*07:02,C*07:02:01:03,C*07:02,True,C
HLA05580_HLA07777,C*07:02:18,C*07:02,C*07:02:01:04,C*07:02,True,C
HLA05580_HLA07778,C*07:02:18,C*07:02,C*07:02:01:05,C*07:02,True,C
HLA05581_HLA00467,C*15:37,C*15:37,C*15:02:01,C*15:02,True,C
HLA05582_HLA00405,C*02:42,C*02:42,C*02:02:02,C*02:02,True,C
HLA05583_HLA00430,C*06:50,C*06:50,C*06:02:01:01,C*06:02,True,C
HLA05583_HLA02561,C*06:50,C*06:50,C*06:02:01:02,C*06:02,True,C
HLA05583_HLA05526,C*06:50,C*06:50,C*06:46N,C*06:46N,True,C
HLA05584_HLA00405,C*02:43,C*02:43,C*02:02:02,C*02:02,True,C
HLA05585_HLA00427,C*05:47,C*05:47,C*05:01:01:01,C*05:01,True,C
HLA05585_HLA03586,C*05:47,C*05:47,C*05:01:01:02,C*05:01,True,C
HLA05586_HLA00420,C*04:01:24,C*04:01,C*04:01:01:01,C*04:01,True,C
HLA05586_HLA01328,C*04:01:24,C*04:01,C*04:01:01:02,C*04:01,True,C
HLA05586_HLA03572,C*04:01:24,C*04:01,C*04:01:01:03,C*04:01,True,C
HLA05586_HLA08080,C*04:01:24,C*04:01,C*04:01:01:05,C*04:01,True,C
HLA05587_HLA00433,C*07:01:13,C*07:01,C*07:01:01:01,C*07:01,True,C
HLA05587_HLA07937,C*07:01:13,C*07:01,C*07:01:01:02,C*07:01,True,C
HLA05587_HLA00438,C*07:01:13,C*07:01,C*07:06,C*07:06,True,C
HLA05588_HLA00427,C*05:48N,C*05:48N,C*05:01:01:01,C*05:01,True,C
HLA05588_HLA03586,C*05:48N,C*05:48N,C*05:01:01:02,C*05:01,True,C
HLA05589_HLA00475,C*16:30N,C*16:30N,C*16:01:01,C*16:01,True,C
HLA05590_HLA00401,C*01:42,C*01:42,C*01:02:01,C*01:02,True,C
HLA05591_HLA00446,C*08:02:05,C*08:02,C*08:02:01,C*08:02,True,C
HLA05592_HLA00420,C*04:73,C*04:73,C*04:01:01:01,C*04:01,True,C
HLA05592_HLA01328,C*04:73,C*04:73,C*04:01:01:02,C*04:01,True,C
HLA05592_HLA03572,C*04:73,C*04:73,C*04:01:01:03,C*04:01,True,C
HLA05592_HLA08080,C*04:73,C*04:73,C*04:01:01:05,C*04:01,True,C
HLA05593_HLA00427,C*05:49,C*05:49,C*05:01:01:01,C*05:01,True,C
HLA05593_HLA03586,C*05:49,C*05:49,C*05:01:01:02,C*05:01,True,C
HLA05594_HLA00405,C*02:02:15,C*02:02,C*02:02:02,C*02:02,True,C
HLA05595_HLA00455,C*12:47,C*12:47,C*12:03:01:01,C*12:03,True,C
HLA05595_HLA02766,C*12:47,C*12:47,C*12:03:01:02,C*12:03,True,C
HLA05596_HLA00475,C*16:01:05,C*16:01,C*16:01:01,C*16:01,True,C
HLA05597_HLA00420,C*04:74,C*04:74,C*04:01:01:01,C*04:01,True,C
HLA05597_HLA01328,C*04:74,C*04:74,C*04:01:01:02,C*04:01,True,C
HLA05597_HLA03572,C*04:74,C*04:74,C*04:01:01:03,C*04:01,True,C
HLA05597_HLA08080,C*04:74,C*04:74,C*04:01:01:05,C*04:01,True,C
HLA05598_HLA00430,C*06:51,C*06:51,C*06:02:01:01,C*06:02,True,C
HLA05598_HLA02561,C*06:51,C*06:51,C*06:02:01:02,C*06:02,True,C
HLA05598_HLA05526,C*06:51,C*06:51,C*06:46N,C*06:46N,True,C
HLA05599_HLA00420,C*04:01:25,C*04:01,C*04:01:01:01,C*04:01,True,C
HLA05599_HLA01328,C*04:01:25,C*04:01,C*04:01:01:02,C*04:01,True,C
HLA05599_HLA03572,C*04:01:25,C*04:01,C*04:01:01:03,C*04:01,True,C
HLA05599_HLA08080,C*04:01:25,C*04:01,C*04:01:01:05,C*04:01,True,C
HLA05600_HLA00467,C*15:38,C*15:38,C*15:02:01,C*15:02,True,C
HLA05601_HLA00483,C*18:04,C*18:04,C*18:01,C*18:01,True,C
HLA05602_HLA00430,C*06:02:09,C*06:02,C*06:02:01:01,C*06:02,True,C
HLA05602_HLA02561,C*06:02:09,C*06:02,C*06:02:01:02,C*06:02,True,C
HLA05602_HLA05526,C*06:02:09,C*06:02,C*06:46N,C*06:46N,True,C
HLA05603_HLA00433,C*07:01:14,C*07:01,C*07:01:01:01,C*07:01,True,C
HLA05603_HLA07937,C*07:01:14,C*07:01,C*07:01:01:02,C*07:01,True,C
HLA05603_HLA00438,C*07:01:14,C*07:01,C*07:06,C*07:06,True,C
HLA05604_HLA00420,C*04:75,C*04:75,C*04:01:01:01,C*04:01,True,C
HLA05604_HLA01328,C*04:75,C*04:75,C*04:01:01:02,C*04:01,True,C
HLA05604_HLA03572,C*04:75,C*04:75,C*04:01:01:03,C*04:01,True,C
HLA05604_HLA08080,C*04:75,C*04:75,C*04:01:01:05,C*04:01,True,C
HLA05605_HLA00410,C*03:95,C*03:95,C*03:02:01,C*03:02,True,C
HLA05605_HLA05731,C*03:95,C*03:95,C*03:02:02:02,C*03:02,True,C
HLA05606_HLA00405,C*02:02:16,C*02:02,C*02:02:02,C*02:02,True,C
HLA05607_HLA00411,C*03:03:13,C*03:03,C*03:03:01,C*03:03,True,C
HLA05608_HLA00455,C*12:48,C*12:48,C*12:03:01:01,C*12:03,True,C
HLA05608_HLA02766,C*12:48,C*12:48,C*12:03:01:02,C*12:03,True,C
HLA05609_HLA00481,C*17:08,C*17:08,C*17:01:01:01,C*17:01,True,C
HLA05610_HLA00420,C*04:01:26,C*04:01,C*04:01:01:01,C*04:01,True,C
HLA05610_HLA01328,C*04:01:26,C*04:01,C*04:01:01:02,C*04:01,True,C
HLA05610_HLA03572,C*04:01:26,C*04:01,C*04:01:01:03,C*04:01,True,C
HLA05610_HLA08080,C*04:01:26,C*04:01,C*04:01:01:05,C*04:01,True,C
HLA05612_HLA00434,C*07:152N,C*07:152N,C*07:02:01:01,C*07:02,True,C
HLA05612_HLA01326,C*07:152N,C*07:152N,C*07:02:01:02,C*07:02,True,C
HLA05612_HLA01902,C*07:152N,C*07:152N,C*07:02:01:03,C*07:02,True,C
HLA05612_HLA07777,C*07:152N,C*07:152N,C*07:02:01:04,C*07:02,True,C
HLA05612_HLA07778,C*07:152N,C*07:152N,C*07:02:01:05,C*07:02,True,C
HLA05613_HLA00411,C*03:96,C*03:96,C*03:03:01,C*03:03,True,C
HLA05614_HLA00467,C*15:39,C*15:39,C*15:02:01,C*15:02,True,C
HLA05615_HLA00471,C*15:40,C*15:40,C*15:05:02,C*15:05,True,C
HLA05616_HLA00447,C*08:38,C*08:38,C*08:03:01,C*08:03,True,C
HLA05617_HLA00430,C*06:02:10,C*06:02,C*06:02:01:01,C*06:02,True,C
HLA05617_HLA02561,C*06:02:10,C*06:02,C*06:02:01:02,C*06:02,True,C
HLA05617_HLA05526,C*06:02:10,C*06:02,C*06:46N,C*06:46N,True,C
HLA05618_HLA00405,C*02:44,C*02:44,C*02:02:02,C*02:02,True,C
HLA05619_HLA00430,C*06:52,C*06:52,C*06:02:01:01,C*06:02,True,C
HLA05619_HLA02561,C*06:52,C*06:52,C*06:02:01:02,C*06:02,True,C
HLA05619_HLA05526,C*06:52,C*06:52,C*06:46N,C*06:46N,True,C
HLA05620_HLA00420,C*04:76,C*04:76,C*04:01:01:01,C*04:01,True,C
HLA05620_HLA01328,C*04:76,C*04:76,C*04:01:01:02,C*04:01,True,C
HLA05620_HLA03572,C*04:76,C*04:76,C*04:01:01:03,C*04:01,True,C
HLA05620_HLA08080,C*04:76,C*04:76,C*04:01:01:05,C*04:01,True,C
HLA05621_HLA00475,C*16:31,C*16:31,C*16:01:01,C*16:01,True,C
HLA05623_HLA00455,C*12:03:14,C*12:03,C*12:03:01:01,C*12:03,True,C
HLA05623_HLA02766,C*12:03:14,C*12:03,C*12:03:01:02,C*12:03,True,C
HLA05624_HLA00476,C*16:02:05,C*16:02,C*16:02:01,C*16:02,True,C
HLA05625_HLA00467,C*15:41,C*15:41,C*15:02:01,C*15:02,True,C
HLA05626_HLA00433,C*07:01:15,C*07:01,C*07:01:01:01,C*07:01,True,C
HLA05626_HLA07937,C*07:01:15,C*07:01,C*07:01:01:02,C*07:01,True,C
HLA05626_HLA00438,C*07:01:15,C*07:01,C*07:06,C*07:06,True,C
HLA05627_HLA00434,C*07:02:19,C*07:02,C*07:02:01:01,C*07:02,True,C
HLA05627_HLA01326,C*07:02:19,C*07:02,C*07:02:01:02,C*07:02,True,C
HLA05627_HLA01902,C*07:02:19,C*07:02,C*07:02:01:03,C*07:02,True,C
HLA05627_HLA07777,C*07:02:19,C*07:02,C*07:02:01:04,C*07:02,True,C
HLA05627_HLA07778,C*07:02:19,C*07:02,C*07:02:01:05,C*07:02,True,C
HLA05732_HLA00434,C*07:02:20,C*07:02,C*07:02:01:01,C*07:02,True,C
HLA05732_HLA01326,C*07:02:20,C*07:02,C*07:02:01:02,C*07:02,True,C
HLA05732_HLA01902,C*07:02:20,C*07:02,C*07:02:01:03,C*07:02,True,C
HLA05732_HLA07777,C*07:02:20,C*07:02,C*07:02:01:04,C*07:02,True,C
HLA05732_HLA07778,C*07:02:20,C*07:02,C*07:02:01:05,C*07:02,True,C
HLA05733_HLA00405,C*02:45,C*02:45,C*02:02:02,C*02:02,True,C
HLA05734_HLA00430,C*06:53:01,C*06:53,C*06:02:01:01,C*06:02,True,C
HLA05734_HLA02561,C*06:53:01,C*06:53,C*06:02:01:02,C*06:02,True,C
HLA05734_HLA05526,C*06:53:01,C*06:53,C*06:46N,C*06:46N,True,C
HLA05735_HLA00405,C*02:46,C*02:46,C*02:02:02,C*02:02,True,C
HLA05736_HLA00427,C*05:50,C*05:50,C*05:01:01:01,C*05:01,True,C
HLA05736_HLA03586,C*05:50,C*05:50,C*05:01:01:02,C*05:01,True,C
HLA05737_HLA00430,C*06:54,C*06:54,C*06:02:01:01,C*06:02,True,C
HLA05737_HLA02561,C*06:54,C*06:54,C*06:02:01:02,C*06:02,True,C
HLA05737_HLA05526,C*06:54,C*06:54,C*06:46N,C*06:46N,True,C
HLA05738_HLA00475,C*16:32,C*16:32,C*16:01:01,C*16:01,True,C
HLA05739_HLA00420,C*04:77,C*04:77,C*04:01:01:01,C*04:01,True,C
HLA05739_HLA01328,C*04:77,C*04:77,C*04:01:01:02,C*04:01,True,C
HLA05739_HLA03572,C*04:77,C*04:77,C*04:01:01:03,C*04:01,True,C
HLA05739_HLA08080,C*04:77,C*04:77,C*04:01:01:05,C*04:01,True,C
HLA05740_HLA00433,C*07:01:16,C*07:01,C*07:01:01:01,C*07:01,True,C
HLA05740_HLA07937,C*07:01:16,C*07:01,C*07:01:01:02,C*07:01,True,C
HLA05740_HLA00438,C*07:01:16,C*07:01,C*07:06,C*07:06,True,C
HLA05745_HLA00420,C*04:78,C*04:78,C*04:01:01:01,C*04:01,True,C
HLA05745_HLA01328,C*04:78,C*04:78,C*04:01:01:02,C*04:01,True,C
HLA05745_HLA03572,C*04:78,C*04:78,C*04:01:01:03,C*04:01,True,C
HLA05745_HLA08080,C*04:78,C*04:78,C*04:01:01:05,C*04:01,True,C
HLA05746_HLA00411,C*03:97,C*03:97,C*03:03:01,C*03:03,True,C
HLA05747_HLA00413,C*03:98,C*03:98,C*03:04:01:01,C*03:04,True,C
HLA05748_HLA00462,C*14:02:06,C*14:02,C*14:02:01,C*14:02,True,C
HLA05749_HLA00464,C*14:22,C*14:22,C*14:03,C*14:03,True,C
HLA05750_HLA00467,C*15:42,C*15:42,C*15:02:01,C*15:02,True,C
HLA05751_HLA00454,C*12:49,C*12:49,C*12:02:02,C*12:02,True,C
HLA05752_HLA00401,C*03:99,C*03:99,C*01:02:01,C*01:02,True,C
HLA05753_HLA00445,C*08:39,C*08:39,C*08:01:01,C*08:01,True,C
HLA05753_HLA00448,C*08:39,C*08:39,C*08:04:01,C*08:04,True,C
HLA05754_HLA00401,C*01:43,C*01:43,C*01:02:01,C*01:02,True,C
HLA05755_HLA00413,C*15:43,C*15:43,C*03:04:01:01,C*03:04,True,C
HLA05780_HLA00434,C*07:154,C*07:154,C*07:02:01:01,C*07:02,True,C
HLA05780_HLA01326,C*07:154,C*07:154,C*07:02:01:02,C*07:02,True,C
HLA05780_HLA01902,C*07:154,C*07:154,C*07:02:01:03,C*07:02,True,C
HLA05780_HLA07777,C*07:154,C*07:154,C*07:02:01:04,C*07:02,True,C
HLA05780_HLA07778,C*07:154,C*07:154,C*07:02:01:05,C*07:02,True,C
HLA05782_HLA00423,C*04:80,C*04:80,C*04:03:01,C*04:03,True,C
HLA05783_HLA00430,C*06:02:11,C*06:02,C*06:02:01:01,C*06:02,True,C
HLA05783_HLA02561,C*06:02:11,C*06:02,C*06:02:01:02,C*06:02,True,C
HLA05820_HLA00434,C*07:155,C*07:155,C*07:02:01:01,C*07:02,True,C
HLA05820_HLA01326,C*07:155,C*07:155,C*07:02:01:02,C*07:02,True,C
HLA05820_HLA01902,C*07:155,C*07:155,C*07:02:01:03,C*07:02,True,C
HLA05820_HLA07777,C*07:155,C*07:155,C*07:02:01:04,C*07:02,True,C
HLA05820_HLA07778,C*07:155,C*07:155,C*07:02:01:05,C*07:02,True,C
HLA05837_HLA00455,C*12:50,C*12:50,C*12:03:01:01,C*12:03,True,C
HLA05837_HLA02766,C*12:50,C*12:50,C*12:03:01:02,C*12:03,True,C
HLA05852_HLA00427,C*05:51Q,C*05:51Q,C*05:01:01:01,C*05:01,True,C
HLA05852_HLA03586,C*05:51Q,C*05:51Q,C*05:01:01:02,C*05:01,True,C
HLA05854_HLA00467,C*15:44,C*15:44,C*15:02:01,C*15:02,True,C
HLA05855_HLA00434,C*07:137:02,C*07:137,C*07:02:01:01,C*07:02,True,C
HLA05855_HLA01326,C*07:137:02,C*07:137,C*07:02:01:02,C*07:02,True,C
HLA05855_HLA01902,C*07:137:02,C*07:137,C*07:02:01:03,C*07:02,True,C
HLA05855_HLA07777,C*07:137:02,C*07:137,C*07:02:01:04,C*07:02,True,C
HLA05855_HLA07778,C*07:137:02,C*07:137,C*07:02:01:05,C*07:02,True,C
HLA05863_HLA00445,C*08:42,C*08:42,C*08:01:01,C*08:01,True,C
HLA05865_HLA00471,C*15:06:03,C*15:06,C*15:05:02,C*15:05,True,C
HLA05871_HLA00455,C*16:15:02,C*16:15,C*12:03:01:01,C*12:03,True,C
HLA05871_HLA02766,C*16:15:02,C*16:15,C*12:03:01:02,C*12:03,True,C
HLA05873_HLA00401,C*01:45,C*01:45,C*01:02:01,C*01:02,True,C
HLA05874_HLA00446,C*08:43,C*08:43,C*08:02:01,C*08:02,True,C
HLA05879_HLA00467,C*15:45,C*15:45,C*15:02:01,C*15:02,True,C
HLA05881_HLA00401,C*01:02:13,C*01:02,C*01:02:01,C*01:02,True,C
HLA05882_HLA00411,C*03:102,C*03:102,C*03:03:01,C*03:03,True,C
HLA05883_HLA00420,C*04:81,C*04:81,C*04:01:01:01,C*04:01,True,C
HLA05883_HLA01328,C*04:81,C*04:81,C*04:01:01:02,C*04:01,True,C
HLA05883_HLA03572,C*04:81,C*04:81,C*04:01:01:03,C*04:01,True,C
HLA05883_HLA08080,C*04:81,C*04:81,C*04:01:01:05,C*04:01,True,C
HLA05885_HLA00433,C*07:156,C*07:156,C*07:01:01:01,C*07:01,True,C
HLA05885_HLA07937,C*07:156,C*07:156,C*07:01:01:02,C*07:01,True,C
HLA05885_HLA00438,C*07:156,C*07:156,C*07:06,C*07:06,True,C
HLA05886_HLA00434,C*07:157,C*07:157,C*07:02:01:01,C*07:02,True,C
HLA05886_HLA01326,C*07:157,C*07:157,C*07:02:01:02,C*07:02,True,C
HLA05886_HLA01902,C*07:157,C*07:157,C*07:02:01:03,C*07:02,True,C
HLA05886_HLA07777,C*07:157,C*07:157,C*07:02:01:04,C*07:02,True,C
HLA05886_HLA07778,C*07:157,C*07:157,C*07:02:01:05,C*07:02,True,C
HLA05887_HLA00434,C*07:158,C*07:158,C*07:02:01:01,C*07:02,True,C
HLA05887_HLA01326,C*07:158,C*07:158,C*07:02:01:02,C*07:02,True,C
HLA05887_HLA01902,C*07:158,C*07:158,C*07:02:01:03,C*07:02,True,C
HLA05887_HLA07777,C*07:158,C*07:158,C*07:02:01:04,C*07:02,True,C
HLA05887_HLA07778,C*07:158,C*07:158,C*07:02:01:05,C*07:02,True,C
HLA05890_HLA00445,C*08:44,C*08:44,C*08:01:01,C*08:01,True,C
HLA05891_HLA00462,C*14:24:01,C*14:24,C*14:02:01,C*14:02,True,C
HLA05892_HLA00462,C*14:25,C*14:25,C*14:02:01,C*14:02,True,C
HLA05920_HLA00434,C*07:161,C*07:161,C*07:02:01:01,C*07:02,True,C
HLA05920_HLA01326,C*07:161,C*07:161,C*07:02:01:02,C*07:02,True,C
HLA05920_HLA01902,C*07:161,C*07:161,C*07:02:01:03,C*07:02,True,C
HLA05920_HLA07777,C*07:161,C*07:161,C*07:02:01:04,C*07:02,True,C
HLA05920_HLA07778,C*07:161,C*07:161,C*07:02:01:05,C*07:02,True,C
HLA05921_HLA00462,C*14:26,C*14:26,C*14:02:01,C*14:02,True,C
HLA05937_HLA00434,C*07:02:22,C*07:02,C*07:02:01:01,C*07:02,True,C
HLA05937_HLA01326,C*07:02:22,C*07:02,C*07:02:01:02,C*07:02,True,C
HLA05937_HLA01902,C*07:02:22,C*07:02,C*07:02:01:03,C*07:02,True,C
HLA05937_HLA07777,C*07:02:22,C*07:02,C*07:02:01:04,C*07:02,True,C
HLA05937_HLA07778,C*07:02:22,C*07:02,C*07:02:01:05,C*07:02,True,C
HLA05947_HLA00420,C*04:83,C*04:83,C*04:01:01:01,C*04:01,True,C
HLA05947_HLA01328,C*04:83,C*04:83,C*04:01:01:02,C*04:01,True,C
HLA05947_HLA03572,C*04:83,C*04:83,C*04:01:01:03,C*04:01,True,C
HLA05947_HLA08080,C*04:83,C*04:83,C*04:01:01:05,C*04:01,True,C
HLA05966_HLA00420,C*04:15:03,C*04:15,C*04:01:01:01,C*04:01,True,C
HLA05966_HLA01328,C*04:15:03,C*04:15,C*04:01:01:02,C*04:01,True,C
HLA05966_HLA03572,C*04:15:03,C*04:15,C*04:01:01:03,C*04:01,True,C
HLA05966_HLA08080,C*04:15:03,C*04:15,C*04:01:01:05,C*04:01,True,C
HLA05996_HLA00433,C*07:162,C*07:162,C*07:01:01:01,C*07:01,True,C
HLA05996_HLA07937,C*07:162,C*07:162,C*07:01:01:02,C*07:01,True,C
HLA05996_HLA00438,C*07:162,C*07:162,C*07:06,C*07:06,True,C
HLA06001_HLA00455,C*12:03:15,C*12:03,C*12:03:01:01,C*12:03,True,C
HLA06001_HLA02766,C*12:03:15,C*12:03,C*12:03:01:02,C*12:03,True,C
HLA06002_HLA00471,C*15:46,C*15:46,C*15:05:02,C*15:05,True,C
HLA06043_HLA00430,C*06:56,C*06:56,C*06:02:01:01,C*06:02,True,C
HLA06043_HLA02561,C*06:56,C*06:56,C*06:02:01:02,C*06:02,True,C
HLA06048_HLA00433,C*07:163,C*07:163,C*07:01:01:01,C*07:01,True,C
HLA06048_HLA07937,C*07:163,C*07:163,C*07:01:01:02,C*07:01,True,C
HLA06048_HLA00438,C*07:163,C*07:163,C*07:06,C*07:06,True,C
HLA06054_HLA01843,C*05:52,C*05:52,C*05:08,C*05:08,True,C
HLA06067_HLA00411,C*03:103,C*03:103,C*03:03:01,C*03:03,True,C
HLA06069_HLA00433,C*07:164N,C*07:164N,C*07:01:01:01,C*07:01,True,C
HLA06069_HLA07937,C*07:164N,C*07:164N,C*07:01:01:02,C*07:01,True,C
HLA06069_HLA00438,C*07:164N,C*07:164N,C*07:06,C*07:06,True,C
HLA06070_HLA00433,C*07:165,C*07:165,C*07:01:01:01,C*07:01,True,C
HLA06070_HLA07937,C*07:165,C*07:165,C*07:01:01:02,C*07:01,True,C
HLA06070_HLA00438,C*07:165,C*07:165,C*07:06,C*07:06,True,C
HLA06072_HLA00446,C*08:45,C*08:45,C*08:02:01,C*08:02,True,C
HLA06074_HLA00413,C*03:104,C*03:104,C*03:04:01:01,C*03:04,True,C
HLA06076_HLA00401,C*01:46,C*01:46,C*01:02:01,C*01:02,True,C
HLA06123_HLA00467,C*15:48,C*15:48,C*15:02:01,C*15:02,True,C
HLA06124_HLA00405,C*02:47,C*02:47,C*02:02:02,C*02:02,True,C
HLA06128_HLA00462,C*14:27,C*14:27,C*14:02:01,C*14:02,True,C
HLA06136_HLA00455,C*12:51,C*12:51,C*12:03:01:01,C*12:03,True,C
HLA06136_HLA02766,C*12:51,C*12:51,C*12:03:01:02,C*12:03,True,C
HLA06138_HLA00446,C*08:15:02,C*08:15,C*08:02:01,C*08:02,True,C
HLA06147_HLA00462,C*14:28,C*14:28,C*14:02:01,C*14:02,True,C
HLA06163_HLA00401,C*01:47,C*01:47,C*01:02:01,C*01:02,True,C
HLA06164_HLA00401,C*01:48,C*01:48,C*01:02:01,C*01:02,True,C
HLA06165_HLA00401,C*01:49,C*01:49,C*01:02:01,C*01:02,True,C
HLA06166_HLA00401,C*01:50,C*01:50,C*01:02:01,C*01:02,True,C
HLA06169_HLA00413,C*03:107,C*03:107,C*03:04:01:01,C*03:04,True,C
HLA06170_HLA00434,C*07:168,C*07:168,C*07:02:01:01,C*07:02,True,C
HLA06170_HLA01326,C*07:168,C*07:168,C*07:02:01:02,C*07:02,True,C
HLA06170_HLA01902,C*07:168,C*07:168,C*07:02:01:03,C*07:02,True,C
HLA06170_HLA07777,C*07:168,C*07:168,C*07:02:01:04,C*07:02,True,C
HLA06170_HLA07778,C*07:168,C*07:168,C*07:02:01:05,C*07:02,True,C
HLA06171_HLA00434,C*07:169,C*07:169,C*07:02:01:01,C*07:02,True,C
HLA06171_HLA01326,C*07:169,C*07:169,C*07:02:01:02,C*07:02,True,C
HLA06171_HLA01902,C*07:169,C*07:169,C*07:02:01:03,C*07:02,True,C
HLA06171_HLA07777,C*07:169,C*07:169,C*07:02:01:04,C*07:02,True,C
HLA06171_HLA07778,C*07:169,C*07:169,C*07:02:01:05,C*07:02,True,C
HLA06173_HLA00445,C*08:46,C*08:46,C*08:01:01,C*08:01,True,C
HLA06175_HLA00462,C*14:29,C*14:29,C*14:02:01,C*14:02,True,C
HLA06274_HLA00430,C*06:57,C*06:57,C*06:02:01:01,C*06:02,True,C
HLA06274_HLA02561,C*06:57,C*06:57,C*06:02:01:02,C*06:02,True,C
HLA06274_HLA05526,C*06:57,C*06:57,C*06:46N,C*06:46N,True,C
HLA06275_HLA00430,C*06:58,C*06:58,C*06:02:01:01,C*06:02,True,C
HLA06275_HLA02561,C*06:58,C*06:58,C*06:02:01:02,C*06:02,True,C
HLA06275_HLA05526,C*06:58,C*06:58,C*06:46N,C*06:46N,True,C
HLA06276_HLA00475,C*16:07:02,C*16:07,C*16:01:01,C*16:01,True,C
HLA06277_HLA00433,C*07:170,C*07:170,C*07:01:01:01,C*07:01,True,C
HLA06277_HLA07937,C*07:170,C*07:170,C*07:01:01:02,C*07:01,True,C
HLA06303_HLA00475,C*16:01:06,C*16:01,C*16:01:01,C*16:01,True,C
HLA06305_HLA00401,C*01:51,C*01:51,C*01:02:01,C*01:02,True,C
HLA06306_HLA00434,C*07:171,C*07:171,C*07:02:01:01,C*07:02,True,C
HLA06306_HLA01326,C*07:171,C*07:171,C*07:02:01:02,C*07:02,True,C
HLA06306_HLA01902,C*07:171,C*07:171,C*07:02:01:03,C*07:02,True,C
HLA06306_HLA07777,C*07:171,C*07:171,C*07:02:01:04,C*07:02,True,C
HLA06306_HLA07778,C*07:171,C*07:171,C*07:02:01:05,C*07:02,True,C
HLA06310_HLA00410,C*03:108,C*03:108,C*03:02:01,C*03:02,True,C
HLA06310_HLA05731,C*03:108,C*03:108,C*03:02:02:02,C*03:02,True,C
HLA06381_HLA00434,C*07:02:24,C*07:02,C*07:02:01:01,C*07:02,True,C
HLA06381_HLA01326,C*07:02:24,C*07:02,C*07:02:01:02,C*07:02,True,C
HLA06381_HLA01902,C*07:02:24,C*07:02,C*07:02:01:03,C*07:02,True,C
HLA06381_HLA07777,C*07:02:24,C*07:02,C*07:02:01:04,C*07:02,True,C
HLA06381_HLA07778,C*07:02:24,C*07:02,C*07:02:01:05,C*07:02,True,C
HLA06382_HLA00427,C*05:54,C*05:54,C*05:01:01:01,C*05:01,True,C
HLA06382_HLA03586,C*05:54,C*05:54,C*05:01:01:02,C*05:01,True,C
HLA06383_HLA00427,C*05:55,C*05:55,C*05:01:01:01,C*05:01,True,C
HLA06383_HLA03586,C*05:55,C*05:55,C*05:01:01:02,C*05:01,True,C
HLA06384_HLA00455,C*12:52,C*12:52,C*12:03:01:01,C*12:03,True,C
HLA06384_HLA02766,C*12:52,C*12:52,C*12:03:01:02,C*12:03,True,C
HLA06385_HLA00420,C*04:85,C*04:85,C*04:01:01:01,C*04:01,True,C
HLA06385_HLA01328,C*04:85,C*04:85,C*04:01:01:02,C*04:01,True,C
HLA06385_HLA03572,C*04:85,C*04:85,C*04:01:01:03,C*04:01,True,C
HLA06385_HLA08080,C*04:85,C*04:85,C*04:01:01:05,C*04:01,True,C
HLA06386_HLA00401,C*01:52,C*01:52,C*01:02:01,C*01:02,True,C
HLA06387_HLA00434,C*07:172,C*07:172,C*07:02:01:01,C*07:02,True,C
HLA06387_HLA01326,C*07:172,C*07:172,C*07:02:01:02,C*07:02,True,C
HLA06387_HLA01902,C*07:172,C*07:172,C*07:02:01:03,C*07:02,True,C
HLA06387_HLA07777,C*07:172,C*07:172,C*07:02:01:04,C*07:02,True,C
HLA06387_HLA07778,C*07:172,C*07:172,C*07:02:01:05,C*07:02,True,C
HLA06388_HLA00430,C*06:02:12,C*06:02,C*06:02:01:01,C*06:02,True,C
HLA06388_HLA02561,C*06:02:12,C*06:02,C*06:02:01:02,C*06:02,True,C
HLA06388_HLA05526,C*06:02:12,C*06:02,C*06:46N,C*06:46N,True,C
HLA06389_HLA00433,C*07:173,C*07:173,C*07:01:01:01,C*07:01,True,C
HLA06389_HLA07937,C*07:173,C*07:173,C*07:01:01:02,C*07:01,True,C
HLA06389_HLA00438,C*07:173,C*07:173,C*07:06,C*07:06,True,C
HLA06390_HLA00433,C*07:01:17,C*07:01,C*07:01:01:01,C*07:01,True,C
HLA06390_HLA07937,C*07:01:17,C*07:01,C*07:01:01:02,C*07:01,True,C
HLA06390_HLA00438,C*07:01:17,C*07:01,C*07:06,C*07:06,True,C
HLA06391_HLA00434,C*07:174,C*07:174,C*07:02:01:01,C*07:02,True,C
HLA06391_HLA01326,C*07:174,C*07:174,C*07:02:01:02,C*07:02,True,C
HLA06391_HLA01902,C*07:174,C*07:174,C*07:02:01:03,C*07:02,True,C
HLA06391_HLA07777,C*07:174,C*07:174,C*07:02:01:04,C*07:02,True,C
HLA06391_HLA07778,C*07:174,C*07:174,C*07:02:01:05,C*07:02,True,C
HLA06392_HLA00434,C*07:175,C*07:175,C*07:02:01:01,C*07:02,True,C
HLA06392_HLA01326,C*07:175,C*07:175,C*07:02:01:02,C*07:02,True,C
HLA06392_HLA01902,C*07:175,C*07:175,C*07:02:01:03,C*07:02,True,C
HLA06392_HLA07777,C*07:175,C*07:175,C*07:02:01:04,C*07:02,True,C
HLA06392_HLA07778,C*07:175,C*07:175,C*07:02:01:05,C*07:02,True,C
HLA06393_HLA00446,C*08:47,C*08:47,C*08:02:01,C*08:02,True,C
HLA06394_HLA00446,C*08:48,C*08:48,C*08:02:01,C*08:02,True,C
HLA06395_HLA00478,C*16:33,C*16:33,C*16:04:01,C*16:04,True,C
HLA06396_HLA00455,C*12:53,C*12:53,C*12:03:01:01,C*12:03,True,C
HLA06396_HLA02766,C*12:53,C*12:53,C*12:03:01:02,C*12:03,True,C
HLA06397_HLA00405,C*02:26:03,C*02:26,C*02:02:02,C*02:02,True,C
HLA06398_HLA00413,C*03:109,C*03:109,C*03:04:01:01,C*03:04,True,C
HLA06399_HLA00410,C*03:110,C*03:110,C*03:02:01,C*03:02,True,C
HLA06399_HLA05731,C*03:110,C*03:110,C*03:02:02:02,C*03:02,True,C
HLA06400_HLA02356,C*03:04:21,C*03:04,C*03:04:04,C*03:04,True,C
HLA06401_HLA00420,C*04:86,C*04:86,C*04:01:01:01,C*04:01,True,C
HLA06401_HLA01328,C*04:86,C*04:86,C*04:01:01:02,C*04:01,True,C
HLA06401_HLA03572,C*04:86,C*04:86,C*04:01:01:03,C*04:01,True,C
HLA06401_HLA08080,C*04:86,C*04:86,C*04:01:01:05,C*04:01,True,C
HLA06402_HLA00420,C*04:01:27,C*04:01,C*04:01:01:01,C*04:01,True,C
HLA06402_HLA01328,C*04:01:27,C*04:01,C*04:01:01:02,C*04:01,True,C
HLA06402_HLA03572,C*04:01:27,C*04:01,C*04:01:01:03,C*04:01,True,C
HLA06402_HLA08080,C*04:01:27,C*04:01,C*04:01:01:05,C*04:01,True,C
HLA06403_HLA00420,C*04:87,C*04:87,C*04:01:01:01,C*04:01,True,C
HLA06403_HLA01328,C*04:87,C*04:87,C*04:01:01:02,C*04:01,True,C
HLA06403_HLA03572,C*04:87,C*04:87,C*04:01:01:03,C*04:01,True,C
HLA06403_HLA08080,C*04:87,C*04:87,C*04:01:01:05,C*04:01,True,C
HLA06404_HLA00420,C*04:01:28,C*04:01,C*04:01:01:01,C*04:01,True,C
HLA06404_HLA01328,C*04:01:28,C*04:01,C*04:01:01:02,C*04:01,True,C
HLA06404_HLA03572,C*04:01:28,C*04:01,C*04:01:01:03,C*04:01,True,C
HLA06404_HLA08080,C*04:01:28,C*04:01,C*04:01:01:05,C*04:01,True,C
HLA06405_HLA00401,C*01:53,C*01:53,C*01:02:01,C*01:02,True,C
HLA06406_HLA00430,C*06:02:13,C*06:02,C*06:02:01:01,C*06:02,True,C
HLA06406_HLA02561,C*06:02:13,C*06:02,C*06:02:01:02,C*06:02,True,C
HLA06406_HLA05526,C*06:02:13,C*06:02,C*06:46N,C*06:46N,True,C
HLA06407_HLA00430,C*06:59,C*06:59,C*06:02:01:01,C*06:02,True,C
HLA06407_HLA02561,C*06:59,C*06:59,C*06:02:01:02,C*06:02,True,C
HLA06407_HLA05526,C*06:59,C*06:59,C*06:46N,C*06:46N,True,C
HLA06408_HLA00433,C*07:176,C*07:176,C*07:01:01:01,C*07:01,True,C
HLA06408_HLA07937,C*07:176,C*07:176,C*07:01:01:02,C*07:01,True,C
HLA06408_HLA00438,C*07:176,C*07:176,C*07:06,C*07:06,True,C
HLA06409_HLA00434,C*07:177,C*07:177,C*07:02:01:01,C*07:02,True,C
HLA06409_HLA01326,C*07:177,C*07:177,C*07:02:01:02,C*07:02,True,C
HLA06409_HLA01902,C*07:177,C*07:177,C*07:02:01:03,C*07:02,True,C
HLA06409_HLA07777,C*07:177,C*07:177,C*07:02:01:04,C*07:02,True,C
HLA06409_HLA07778,C*07:177,C*07:177,C*07:02:01:05,C*07:02,True,C
HLA06410_HLA00434,C*07:178,C*07:178,C*07:02:01:01,C*07:02,True,C
HLA06410_HLA01326,C*07:178,C*07:178,C*07:02:01:02,C*07:02,True,C
HLA06410_HLA01902,C*07:178,C*07:178,C*07:02:01:03,C*07:02,True,C
HLA06410_HLA07777,C*07:178,C*07:178,C*07:02:01:04,C*07:02,True,C
HLA06410_HLA07778,C*07:178,C*07:178,C*07:02:01:05,C*07:02,True,C
HLA06411_HLA00427,C*05:01:16,C*05:01,C*05:01:01:01,C*05:01,True,C
HLA06411_HLA03586,C*05:01:16,C*05:01,C*05:01:01:02,C*05:01,True,C
HLA06412_HLA00446,C*08:49,C*08:49,C*08:02:01,C*08:02,True,C
HLA06413_HLA00446,C*08:02:06,C*08:02,C*08:02:01,C*08:02,True,C
HLA06414_HLA00455,C*12:54,C*12:54,C*12:03:01:01,C*12:03,True,C
HLA06414_HLA02766,C*12:54,C*12:54,C*12:03:01:02,C*12:03,True,C
HLA06415_HLA00455,C*12:03:16,C*12:03,C*12:03:01:01,C*12:03,True,C
HLA06415_HLA02766,C*12:03:16,C*12:03,C*12:03:01:02,C*12:03,True,C
HLA06416_HLA00471,C*15:05:06,C*15:05,C*15:05:02,C*15:05,True,C
HLA06417_HLA00413,C*03:111,C*03:111,C*03:04:01:01,C*03:04,True,C
HLA06418_HLA00411,C*03:03:14,C*03:03,C*03:03:01,C*03:03,True,C
HLA06419_HLA00411,C*03:112,C*03:112,C*03:03:01,C*03:03,True,C
HLA06420_HLA00410,C*03:02:08,C*03:02,C*03:02:01,C*03:02,True,C
HLA06420_HLA05731,C*03:02:08,C*03:02,C*03:02:02:02,C*03:02,True,C
HLA06421_HLA00455,C*12:55,C*12:55,C*12:03:01:01,C*12:03,True,C
HLA06421_HLA02766,C*12:55,C*12:55,C*12:03:01:02,C*12:03,True,C
HLA06422_HLA00420,C*04:88N,C*04:88N,C*04:01:01:01,C*04:01,True,C
HLA06422_HLA01328,C*04:88N,C*04:88N,C*04:01:01:02,C*04:01,True,C
HLA06422_HLA03572,C*04:88N,C*04:88N,C*04:01:01:03,C*04:01,True,C
HLA06422_HLA08080,C*04:88N,C*04:88N,C*04:01:01:05,C*04:01,True,C
HLA06423_HLA00433,C*07:179,C*07:179,C*07:01:01:01,C*07:01,True,C
HLA06423_HLA07937,C*07:179,C*07:179,C*07:01:01:02,C*07:01,True,C
HLA06423_HLA00438,C*07:179,C*07:179,C*07:06,C*07:06,True,C
HLA06424_HLA00433,C*07:01:18,C*07:01,C*07:01:01:01,C*07:01,True,C
HLA06424_HLA07937,C*07:01:18,C*07:01,C*07:01:01:02,C*07:01,True,C
HLA06424_HLA00438,C*07:01:18,C*07:01,C*07:06,C*07:06,True,C
HLA06425_HLA00433,C*07:180,C*07:180,C*07:01:01:01,C*07:01,True,C
HLA06425_HLA07937,C*07:180,C*07:180,C*07:01:01:02,C*07:01,True,C
HLA06425_HLA00438,C*07:180,C*07:180,C*07:06,C*07:06,True,C
HLA06426_HLA00454,C*12:56,C*12:56,C*12:02:02,C*12:02,True,C
HLA06427_HLA00481,C*17:09,C*17:09,C*17:01:01:01,C*17:01,True,C
HLA06428_HLA00445,C*08:50,C*08:50,C*08:01:01,C*08:01,True,C
HLA06429_HLA00436,C*07:181,C*07:181,C*07:04:01,C*07:04,True,C
HLA06430_HLA00433,C*07:182,C*07:182,C*07:01:01:01,C*07:01,True,C
HLA06430_HLA07937,C*07:182,C*07:182,C*07:01:01:02,C*07:01,True,C
HLA06430_HLA00438,C*07:182,C*07:182,C*07:06,C*07:06,True,C
HLA06431_HLA00427,C*05:57,C*05:57,C*05:01:01:01,C*05:01,True,C
HLA06431_HLA03586,C*05:57,C*05:57,C*05:01:01:02,C*05:01,True,C
HLA06432_HLA00427,C*05:56,C*05:56,C*05:01:01:01,C*05:01,True,C
HLA06432_HLA03586,C*05:56,C*05:56,C*05:01:01:02,C*05:01,True,C
HLA06433_HLA00475,C*16:34,C*16:34,C*16:01:01,C*16:01,True,C
HLA06434_HLA00467,C*15:49,C*15:49,C*15:02:01,C*15:02,True,C
HLA06435_HLA00462,C*14:30,C*14:30,C*14:02:01,C*14:02,True,C
HLA06436_HLA00420,C*04:89,C*04:89,C*04:01:01:01,C*04:01,True,C
HLA06436_HLA01328,C*04:89,C*04:89,C*04:01:01:02,C*04:01,True,C
HLA06436_HLA03572,C*04:89,C*04:89,C*04:01:01:03,C*04:01,True,C
HLA06436_HLA08080,C*04:89,C*04:89,C*04:01:01:05,C*04:01,True,C
HLA06437_HLA00434,C*07:183,C*07:183,C*07:02:01:01,C*07:02,True,C
HLA06437_HLA01326,C*07:183,C*07:183,C*07:02:01:02,C*07:02,True,C
HLA06437_HLA01902,C*07:183,C*07:183,C*07:02:01:03,C*07:02,True,C
HLA06437_HLA07777,C*07:183,C*07:183,C*07:02:01:04,C*07:02,True,C
HLA06437_HLA07778,C*07:183,C*07:183,C*07:02:01:05,C*07:02,True,C
HLA06438_HLA00476,C*16:02:07,C*16:02,C*16:02:01,C*16:02,True,C
HLA06439_HLA00455,C*12:57,C*12:57,C*12:03:01:01,C*12:03,True,C
HLA06439_HLA02766,C*12:57,C*12:57,C*12:03:01:02,C*12:03,True,C
HLA06440_HLA00430,C*06:60,C*06:60,C*06:02:01:01,C*06:02,True,C
HLA06440_HLA02561,C*06:60,C*06:60,C*06:02:01:02,C*06:02,True,C
HLA06440_HLA05526,C*06:60,C*06:60,C*06:46N,C*06:46N,True,C
HLA06441_HLA00430,C*06:61,C*06:61,C*06:02:01:01,C*06:02,True,C
HLA06441_HLA02561,C*06:61,C*06:61,C*06:02:01:02,C*06:02,True,C
HLA06441_HLA05526,C*06:61,C*06:61,C*06:46N,C*06:46N,True,C
HLA06442_HLA00430,C*06:02:14,C*06:02,C*06:02:01:01,C*06:02,True,C
HLA06442_HLA02561,C*06:02:14,C*06:02,C*06:02:01:02,C*06:02,True,C
HLA06442_HLA05526,C*06:02:14,C*06:02,C*06:46N,C*06:46N,True,C
HLA06443_HLA00483,C*18:05,C*18:05,C*18:01,C*18:01,True,C
HLA06444_HLA00436,C*07:04:05,C*07:04,C*07:04:01,C*07:04,True,C
HLA06445_HLA00413,C*03:04:22,C*03:04,C*03:04:01:01,C*03:04,True,C
HLA06446_HLA00420,C*04:01:29,C*04:01,C*04:01:01:01,C*04:01,True,C
HLA06446_HLA01328,C*04:01:29,C*04:01,C*04:01:01:02,C*04:01,True,C
HLA06446_HLA03572,C*04:01:29,C*04:01,C*04:01:01:03,C*04:01,True,C
HLA06446_HLA08080,C*04:01:29,C*04:01,C*04:01:01:05,C*04:01,True,C
HLA06447_HLA00434,C*07:02:25,C*07:02,C*07:02:01:01,C*07:02,True,C
HLA06447_HLA01326,C*07:02:25,C*07:02,C*07:02:01:02,C*07:02,True,C
HLA06447_HLA01902,C*07:02:25,C*07:02,C*07:02:01:03,C*07:02,True,C
HLA06447_HLA07777,C*07:02:25,C*07:02,C*07:02:01:04,C*07:02,True,C
HLA06447_HLA07778,C*07:02:25,C*07:02,C*07:02:01:05,C*07:02,True,C
HLA06448_HLA00475,C*16:35,C*16:35,C*16:01:01,C*16:01,True,C
HLA06449_HLA00433,C*07:184,C*07:184,C*07:01:01:01,C*07:01,True,C
HLA06449_HLA07937,C*07:184,C*07:184,C*07:01:01:02,C*07:01,True,C
HLA06449_HLA00434,C*07:184,C*07:184,C*07:02:01:01,C*07:02,True,C
HLA06449_HLA01326,C*07:184,C*07:184,C*07:02:01:02,C*07:02,True,C
HLA06449_HLA01902,C*07:184,C*07:184,C*07:02:01:03,C*07:02,True,C
HLA06449_HLA07777,C*07:184,C*07:184,C*07:02:01:04,C*07:02,True,C
HLA06449_HLA07778,C*07:184,C*07:184,C*07:02:01:05,C*07:02,True,C
HLA06449_HLA00438,C*07:184,C*07:184,C*07:06,C*07:06,True,C
HLA06450_HLA00475,C*16:36,C*16:36,C*16:01:01,C*16:01,True,C
HLA06524_HLA00467,C*15:50,C*15:50,C*15:02:01,C*15:02,True,C
HLA06525_HLA00434,C*07:185,C*07:185,C*07:02:01:01,C*07:02,True,C
HLA06525_HLA01326,C*07:185,C*07:185,C*07:02:01:02,C*07:02,True,C
HLA06525_HLA01902,C*07:185,C*07:185,C*07:02:01:03,C*07:02,True,C
HLA06525_HLA07777,C*07:185,C*07:185,C*07:02:01:04,C*07:02,True,C
HLA06525_HLA07778,C*07:185,C*07:185,C*07:02:01:05,C*07:02,True,C
HLA06528_HLA00427,C*05:58:01,C*05:58,C*05:01:01:01,C*05:01,True,C
HLA06528_HLA03586,C*05:58:01,C*05:58,C*05:01:01:02,C*05:01,True,C
HLA06532_HLA00420,C*04:01:30,C*04:01,C*04:01:01:01,C*04:01,True,C
HLA06532_HLA01328,C*04:01:30,C*04:01,C*04:01:01:02,C*04:01,True,C
HLA06532_HLA03572,C*04:01:30,C*04:01,C*04:01:01:03,C*04:01,True,C
HLA06532_HLA08080,C*04:01:30,C*04:01,C*04:01:01:05,C*04:01,True,C
HLA06533_HLA00420,C*04:01:31,C*04:01,C*04:01:01:01,C*04:01,True,C
HLA06533_HLA01328,C*04:01:31,C*04:01,C*04:01:01:02,C*04:01,True,C
HLA06533_HLA03572,C*04:01:31,C*04:01,C*04:01:01:03,C*04:01,True,C
HLA06533_HLA08080,C*04:01:31,C*04:01,C*04:01:01:05,C*04:01,True,C
HLA06535_HLA00434,C*07:02:26,C*07:02,C*07:02:01:01,C*07:02,True,C
HLA06535_HLA01326,C*07:02:26,C*07:02,C*07:02:01:02,C*07:02,True,C
HLA06535_HLA01902,C*07:02:26,C*07:02,C*07:02:01:03,C*07:02,True,C
HLA06535_HLA07777,C*07:02:26,C*07:02,C*07:02:01:04,C*07:02,True,C
HLA06535_HLA07778,C*07:02:26,C*07:02,C*07:02:01:05,C*07:02,True,C
HLA06536_HLA07937,C*07:01:20,C*07:01,C*07:01:01:02,C*07:01,True,C
HLA06582_HLA00455,C*12:58,C*12:58,C*12:03:01:01,C*12:03,True,C
HLA06582_HLA02766,C*12:58,C*12:58,C*12:03:01:02,C*12:03,True,C
HLA06587_HLA00401,C*01:54,C*01:54,C*01:02:01,C*01:02,True,C
HLA06644_HLA00445,C*08:01:05,C*08:01,C*08:01:01,C*08:01,True,C
HLA06655_HLA00434,C*07:186,C*07:186,C*07:02:01:01,C*07:02,True,C
HLA06655_HLA01326,C*07:186,C*07:186,C*07:02:01:02,C*07:02,True,C
HLA06655_HLA01902,C*07:186,C*07:186,C*07:02:01:03,C*07:02,True,C
HLA06655_HLA07777,C*07:186,C*07:186,C*07:02:01:04,C*07:02,True,C
HLA06655_HLA07778,C*07:186,C*07:186,C*07:02:01:05,C*07:02,True,C
HLA06656_HLA00402,C*01:55,C*01:55,C*01:03,C*01:03,True,C
HLA06662_HLA00434,C*07:187,C*07:187,C*07:02:01:01,C*07:02,True,C
HLA06662_HLA01326,C*07:187,C*07:187,C*07:02:01:02,C*07:02,True,C
HLA06662_HLA01902,C*07:187,C*07:187,C*07:02:01:03,C*07:02,True,C
HLA06662_HLA07777,C*07:187,C*07:187,C*07:02:01:04,C*07:02,True,C
HLA06662_HLA07778,C*07:187,C*07:187,C*07:02:01:05,C*07:02,True,C
HLA06665_HLA00420,C*04:90,C*04:90,C*04:01:01:01,C*04:01,True,C
HLA06665_HLA01328,C*04:90,C*04:90,C*04:01:01:02,C*04:01,True,C
HLA06665_HLA03572,C*04:90,C*04:90,C*04:01:01:03,C*04:01,True,C
HLA06665_HLA08080,C*04:90,C*04:90,C*04:01:01:05,C*04:01,True,C
HLA06704_HLA00401,C*01:56N,C*01:56N,C*01:02:01,C*01:02,True,C
HLA06705_HLA00433,C*07:188,C*07:188,C*07:01:01:01,C*07:01,True,C
HLA06705_HLA07937,C*07:188,C*07:188,C*07:01:01:02,C*07:01,True,C
HLA06705_HLA00438,C*07:188,C*07:188,C*07:06,C*07:06,True,C
HLA06706_HLA00433,C*07:189,C*07:189,C*07:01:01:01,C*07:01,True,C
HLA06706_HLA07937,C*07:189,C*07:189,C*07:01:01:02,C*07:01,True,C
HLA06706_HLA00438,C*07:189,C*07:189,C*07:06,C*07:06,True,C
HLA06707_HLA00430,C*06:02:15,C*06:02,C*06:02:01:01,C*06:02,True,C
HLA06707_HLA02561,C*06:02:15,C*06:02,C*06:02:01:02,C*06:02,True,C
HLA06707_HLA05526,C*06:02:15,C*06:02,C*06:46N,C*06:46N,True,C
HLA06708_HLA00475,C*16:37,C*16:37,C*16:01:01,C*16:01,True,C
HLA06709_HLA00481,C*17:01:06,C*17:01,C*17:01:01:01,C*17:01,True,C
HLA06710_HLA00405,C*02:02:18,C*02:02,C*02:02:02,C*02:02,True,C
HLA06711_HLA00413,C*03:113,C*03:113,C*03:04:01:01,C*03:04,True,C
HLA06712_HLA00413,C*03:114,C*03:114,C*03:04:01:01,C*03:04,True,C
HLA06713_HLA00413,C*03:115,C*03:115,C*03:04:01:01,C*03:04,True,C
HLA06714_HLA00430,C*06:62,C*06:62,C*06:02:01:01,C*06:02,True,C
HLA06714_HLA02561,C*06:62,C*06:62,C*06:02:01:02,C*06:02,True,C
HLA06714_HLA05526,C*06:62,C*06:62,C*06:46N,C*06:46N,True,C
HLA06715_HLA00430,C*06:02:16,C*06:02,C*06:02:01:01,C*06:02,True,C
HLA06715_HLA02561,C*06:02:16,C*06:02,C*06:02:01:02,C*06:02,True,C
HLA06715_HLA05526,C*06:02:16,C*06:02,C*06:46N,C*06:46N,True,C
HLA06716_HLA00433,C*07:190,C*07:190,C*07:01:01:01,C*07:01,True,C
HLA06716_HLA07937,C*07:190,C*07:190,C*07:01:01:02,C*07:01,True,C
HLA06716_HLA00438,C*07:190,C*07:190,C*07:06,C*07:06,True,C
HLA06717_HLA00433,C*07:191N,C*07:191N,C*07:01:01:01,C*07:01,True,C
HLA06717_HLA07937,C*07:191N,C*07:191N,C*07:01:01:02,C*07:01,True,C
HLA06717_HLA00438,C*07:191N,C*07:191N,C*07:06,C*07:06,True,C
HLA06718_HLA00433,C*07:01:21,C*07:01,C*07:01:01:01,C*07:01,True,C
HLA06718_HLA07937,C*07:01:21,C*07:01,C*07:01:01:02,C*07:01,True,C
HLA06718_HLA00438,C*07:01:21,C*07:01,C*07:06,C*07:06,True,C
HLA06719_HLA00434,C*07:192,C*07:192,C*07:02:01:01,C*07:02,True,C
HLA06719_HLA01326,C*07:192,C*07:192,C*07:02:01:02,C*07:02,True,C
HLA06719_HLA01902,C*07:192,C*07:192,C*07:02:01:03,C*07:02,True,C
HLA06719_HLA07777,C*07:192,C*07:192,C*07:02:01:04,C*07:02,True,C
HLA06719_HLA07778,C*07:192,C*07:192,C*07:02:01:05,C*07:02,True,C
HLA06720_HLA00427,C*05:59,C*05:59,C*05:01:01:01,C*05:01,True,C
HLA06720_HLA03586,C*05:59,C*05:59,C*05:01:01:02,C*05:01,True,C
HLA06721_HLA00446,C*08:51,C*08:51,C*08:02:01,C*08:02,True,C
HLA06722_HLA02605,C*12:59,C*12:59,C*12:19,C*12:19,True,C
HLA06723_HLA00405,C*02:02:19,C*02:02,C*02:02:02,C*02:02,True,C
HLA06724_HLA00405,C*02:48,C*02:48,C*02:02:02,C*02:02,True,C
HLA06725_HLA00467,C*15:51,C*15:51,C*15:02:01,C*15:02,True,C
HLA06726_HLA00411,C*03:116:01,C*03:116,C*03:03:01,C*03:03,True,C
HLA06727_HLA00413,C*03:117,C*03:117,C*03:04:01:01,C*03:04,True,C
HLA06728_HLA00413,C*03:04:23,C*03:04,C*03:04:01:01,C*03:04,True,C
HLA06729_HLA00420,C*04:01:32,C*04:01,C*04:01:01:01,C*04:01,True,C
HLA06729_HLA01328,C*04:01:32,C*04:01,C*04:01:01:02,C*04:01,True,C
HLA06729_HLA03572,C*04:01:32,C*04:01,C*04:01:01:03,C*04:01,True,C
HLA06729_HLA08080,C*04:01:32,C*04:01,C*04:01:01:05,C*04:01,True,C
HLA06730_HLA00420,C*04:91,C*04:91,C*04:01:01:01,C*04:01,True,C
HLA06730_HLA01328,C*04:91,C*04:91,C*04:01:01:02,C*04:01,True,C
HLA06730_HLA03572,C*04:91,C*04:91,C*04:01:01:03,C*04:01,True,C
HLA06730_HLA08080,C*04:91,C*04:91,C*04:01:01:05,C*04:01,True,C
HLA06731_HLA00401,C*01:57,C*01:57,C*01:02:01,C*01:02,True,C
HLA06732_HLA00430,C*06:63,C*06:63,C*06:02:01:01,C*06:02,True,C
HLA06732_HLA02561,C*06:63,C*06:63,C*06:02:01:02,C*06:02,True,C
HLA06732_HLA05526,C*06:63,C*06:63,C*06:46N,C*06:46N,True,C
HLA06733_HLA00434,C*07:193,C*07:193,C*07:02:01:01,C*07:02,True,C
HLA06733_HLA01326,C*07:193,C*07:193,C*07:02:01:02,C*07:02,True,C
HLA06733_HLA01902,C*07:193,C*07:193,C*07:02:01:03,C*07:02,True,C
HLA06733_HLA07777,C*07:193,C*07:193,C*07:02:01:04,C*07:02,True,C
HLA06733_HLA07778,C*07:193,C*07:193,C*07:02:01:05,C*07:02,True,C
HLA06734_HLA00430,C*06:64,C*06:64,C*06:02:01:01,C*06:02,True,C
HLA06734_HLA02561,C*06:64,C*06:64,C*06:02:01:02,C*06:02,True,C
HLA06734_HLA05526,C*06:64,C*06:64,C*06:46N,C*06:46N,True,C
HLA06735_HLA00434,C*07:194,C*07:194,C*07:02:01:01,C*07:02,True,C
HLA06735_HLA01326,C*07:194,C*07:194,C*07:02:01:02,C*07:02,True,C
HLA06735_HLA01902,C*07:194,C*07:194,C*07:02:01:03,C*07:02,True,C
HLA06735_HLA07777,C*07:194,C*07:194,C*07:02:01:04,C*07:02,True,C
HLA06735_HLA07778,C*07:194,C*07:194,C*07:02:01:05,C*07:02,True,C
HLA06736_HLA00405,C*02:02:20,C*02:02,C*02:02:02,C*02:02,True,C
HLA06737_HLA00420,C*04:92,C*04:92,C*04:01:01:01,C*04:01,True,C
HLA06737_HLA01328,C*04:92,C*04:92,C*04:01:01:02,C*04:01,True,C
HLA06737_HLA03572,C*04:92,C*04:92,C*04:01:01:03,C*04:01,True,C
HLA06737_HLA08080,C*04:92,C*04:92,C*04:01:01:05,C*04:01,True,C
HLA06778_HLA00475,C*16:38,C*16:38,C*16:01:01,C*16:01,True,C
HLA06824_HLA00436,C*07:04:06,C*07:04,C*07:04:01,C*07:04,True,C
HLA06828_HLA00434,C*07:195,C*07:195,C*07:02:01:01,C*07:02,True,C
HLA06828_HLA01326,C*07:195,C*07:195,C*07:02:01:02,C*07:02,True,C
HLA06828_HLA01902,C*07:195,C*07:195,C*07:02:01:03,C*07:02,True,C
HLA06828_HLA07777,C*07:195,C*07:195,C*07:02:01:04,C*07:02,True,C
HLA06828_HLA07778,C*07:195,C*07:195,C*07:02:01:05,C*07:02,True,C
HLA06890_HLA00475,C*16:39:01,C*16:39,C*16:01:01,C*16:01,True,C
HLA06894_HLA00413,C*03:118,C*03:118,C*03:04:01:01,C*03:04,True,C
HLA06896_HLA00433,C*07:196,C*07:196,C*07:01:01:01,C*07:01,True,C
HLA06896_HLA07937,C*07:196,C*07:196,C*07:01:01:02,C*07:01,True,C
HLA06896_HLA00438,C*07:196,C*07:196,C*07:06,C*07:06,True,C
HLA06897_HLA00455,C*12:60,C*12:60,C*12:03:01:01,C*12:03,True,C
HLA06897_HLA02766,C*12:60,C*12:60,C*12:03:01:02,C*12:03,True,C
HLA06898_HLA00405,C*02:49,C*02:49,C*02:02:02,C*02:02,True,C
HLA06902_HLA00433,C*07:197,C*07:197,C*07:01:01:01,C*07:01,True,C
HLA06902_HLA07937,C*07:197,C*07:197,C*07:01:01:02,C*07:01,True,C
HLA06902_HLA00438,C*07:197,C*07:197,C*07:06,C*07:06,True,C
HLA07005_HLA00405,C*02:50,C*02:50,C*02:02:02,C*02:02,True,C
HLA07006_HLA00411,C*03:119,C*03:119,C*03:03:01,C*03:03,True,C
HLA07007_HLA00411,C*03:120,C*03:120,C*03:03:01,C*03:03,True,C
HLA07008_HLA00410,C*03:121N,C*03:121N,C*03:02:01,C*03:02,True,C
HLA07008_HLA05731,C*03:121N,C*03:121N,C*03:02:02:02,C*03:02,True,C
HLA07009_HLA00420,C*04:93N,C*04:93N,C*04:01:01:01,C*04:01,True,C
HLA07009_HLA01328,C*04:93N,C*04:93N,C*04:01:01:02,C*04:01,True,C
HLA07009_HLA03572,C*04:93N,C*04:93N,C*04:01:01:03,C*04:01,True,C
HLA07009_HLA08080,C*04:93N,C*04:93N,C*04:01:01:05,C*04:01,True,C
HLA07010_HLA00420,C*04:94:01,C*04:94,C*04:01:01:01,C*04:01,True,C
HLA07010_HLA01328,C*04:94:01,C*04:94,C*04:01:01:02,C*04:01,True,C
HLA07010_HLA03572,C*04:94:01,C*04:94,C*04:01:01:03,C*04:01,True,C
HLA07010_HLA08080,C*04:94:01,C*04:94,C*04:01:01:05,C*04:01,True,C
HLA07011_HLA00427,C*05:01:17,C*05:01,C*05:01:01:01,C*05:01,True,C
HLA07011_HLA03586,C*05:01:17,C*05:01,C*05:01:01:02,C*05:01,True,C
HLA07012_HLA00405,C*02:52N,C*02:52N,C*02:02:02,C*02:02,True,C
HLA07013_HLA00411,C*03:122,C*03:122,C*03:03:01,C*03:03,True,C
HLA07014_HLA00413,C*03:123,C*03:123,C*03:04:01:01,C*03:04,True,C
HLA07015_HLA02881,C*03:40:02,C*03:40,C*03:40:01,C*03:40,True,C
HLA07016_HLA00411,C*03:124,C*03:124,C*03:03:01,C*03:03,True,C
HLA07017_HLA00420,C*04:95N,C*04:95N,C*04:01:01:01,C*04:01,True,C
HLA07017_HLA01328,C*04:95N,C*04:95N,C*04:01:01:02,C*04:01,True,C
HLA07017_HLA03572,C*04:95N,C*04:95N,C*04:01:01:03,C*04:01,True,C
HLA07017_HLA08080,C*04:95N,C*04:95N,C*04:01:01:05,C*04:01,True,C
HLA07018_HLA00420,C*04:96,C*04:96,C*04:01:01:01,C*04:01,True,C
HLA07018_HLA01328,C*04:96,C*04:96,C*04:01:01:02,C*04:01,True,C
HLA07018_HLA03572,C*04:96,C*04:96,C*04:01:01:03,C*04:01,True,C
HLA07018_HLA08080,C*04:96,C*04:96,C*04:01:01:05,C*04:01,True,C
HLA07019_HLA00420,C*04:97,C*04:97,C*04:01:01:01,C*04:01,True,C
HLA07019_HLA01328,C*04:97,C*04:97,C*04:01:01:02,C*04:01,True,C
HLA07019_HLA03572,C*04:97,C*04:97,C*04:01:01:03,C*04:01,True,C
HLA07019_HLA08080,C*04:97,C*04:97,C*04:01:01:05,C*04:01,True,C
HLA07020_HLA02120,C*02:51,C*02:51,C*02:10,C*02:10,True,C
HLA07021_HLA00414,C*03:125,C*03:125,C*03:04:02,C*03:04,True,C
HLA07022_HLA00420,C*04:01:33,C*04:01,C*04:01:01:01,C*04:01,True,C
HLA07022_HLA01328,C*04:01:33,C*04:01,C*04:01:01:02,C*04:01,True,C
HLA07022_HLA03572,C*04:01:33,C*04:01,C*04:01:01:03,C*04:01,True,C
HLA07022_HLA08080,C*04:01:33,C*04:01,C*04:01:01:05,C*04:01,True,C
HLA07023_HLA00420,C*04:98:01,C*04:98,C*04:01:01:01,C*04:01,True,C
HLA07023_HLA01328,C*04:98:01,C*04:98,C*04:01:01:02,C*04:01,True,C
HLA07023_HLA03572,C*04:98:01,C*04:98,C*04:01:01:03,C*04:01,True,C
HLA07023_HLA08080,C*04:98:01,C*04:98,C*04:01:01:05,C*04:01,True,C
HLA07024_HLA00411,C*03:03:15,C*03:03,C*03:03:01,C*03:03,True,C
HLA07025_HLA00411,C*03:03:16,C*03:03,C*03:03:01,C*03:03,True,C
HLA07026_HLA00420,C*04:99,C*04:99,C*04:01:01:01,C*04:01,True,C
HLA07026_HLA01328,C*04:99,C*04:99,C*04:01:01:02,C*04:01,True,C
HLA07026_HLA03572,C*04:99,C*04:99,C*04:01:01:03,C*04:01,True,C
HLA07026_HLA08080,C*04:99,C*04:99,C*04:01:01:05,C*04:01,True,C
HLA07027_HLA00411,C*03:126,C*03:126,C*03:03:01,C*03:03,True,C
HLA07028_HLA00427,C*05:18:02,C*05:18,C*05:01:01:01,C*05:01,True,C
HLA07028_HLA03586,C*05:18:02,C*05:18,C*05:01:01:02,C*05:01,True,C
HLA07029_HLA00411,C*03:127,C*03:127,C*03:03:01,C*03:03,True,C
HLA07030_HLA00420,C*04:100,C*04:100,C*04:01:01:01,C*04:01,True,C
HLA07030_HLA01328,C*04:100,C*04:100,C*04:01:01:02,C*04:01,True,C
HLA07030_HLA03572,C*04:100,C*04:100,C*04:01:01:03,C*04:01,True,C
HLA07030_HLA08080,C*04:100,C*04:100,C*04:01:01:05,C*04:01,True,C
HLA07031_HLA00427,C*05:18:03,C*05:18,C*05:01:01:01,C*05:01,True,C
HLA07031_HLA03586,C*05:18:03,C*05:18,C*05:01:01:02,C*05:01,True,C
HLA07036_HLA00413,C*03:128,C*03:128,C*03:04:01:01,C*03:04,True,C
HLA07045_HLA00433,C*07:01:22,C*07:01,C*07:01:01:01,C*07:01,True,C
HLA07045_HLA07937,C*07:01:22,C*07:01,C*07:01:01:02,C*07:01,True,C
HLA07045_HLA00438,C*07:01:22,C*07:01,C*07:06,C*07:06,True,C
HLA07046_HLA00430,C*06:65,C*06:65,C*06:02:01:01,C*06:02,True,C
HLA07046_HLA02561,C*06:65,C*06:65,C*06:02:01:02,C*06:02,True,C
HLA07046_HLA05526,C*06:65,C*06:65,C*06:46N,C*06:46N,True,C
HLA07047_HLA00434,C*07:02:27,C*07:02,C*07:02:01:01,C*07:02,True,C
HLA07047_HLA01326,C*07:02:27,C*07:02,C*07:02:01:02,C*07:02,True,C
HLA07047_HLA01902,C*07:02:27,C*07:02,C*07:02:01:03,C*07:02,True,C
HLA07047_HLA07777,C*07:02:27,C*07:02,C*07:02:01:04,C*07:02,True,C
HLA07047_HLA07778,C*07:02:27,C*07:02,C*07:02:01:05,C*07:02,True,C
HLA07048_HLA00476,C*16:02:08,C*16:02,C*16:02:01,C*16:02,True,C
HLA07049_HLA00467,C*15:52,C*15:52,C*15:02:01,C*15:02,True,C
HLA07050_HLA00446,C*08:53,C*08:53,C*08:02:01,C*08:02,True,C
HLA07051_HLA00434,C*07:198N,C*07:198N,C*07:02:01:01,C*07:02,True,C
HLA07051_HLA01326,C*07:198N,C*07:198N,C*07:02:01:02,C*07:02,True,C
HLA07051_HLA01902,C*07:198N,C*07:198N,C*07:02:01:03,C*07:02,True,C
HLA07051_HLA07777,C*07:198N,C*07:198N,C*07:02:01:04,C*07:02,True,C
HLA07051_HLA07778,C*07:198N,C*07:198N,C*07:02:01:05,C*07:02,True,C
HLA07052_HLA00427,C*05:60,C*05:60,C*05:01:01:01,C*05:01,True,C
HLA07052_HLA03586,C*05:60,C*05:60,C*05:01:01:02,C*05:01,True,C
HLA07053_HLA00446,C*08:33:02,C*08:33,C*08:02:01,C*08:02,True,C
HLA07053_HLA03975,C*08:33:02,C*08:33,C*08:27,C*08:27,True,C
HLA07054_HLA00475,C*16:40,C*16:40,C*16:01:01,C*16:01,True,C
HLA07055_HLA00455,C*12:61,C*12:61,C*12:03:01:01,C*12:03,True,C
HLA07055_HLA02766,C*12:61,C*12:61,C*12:03:01:02,C*12:03,True,C
HLA07056_HLA00467,C*15:53,C*15:53,C*15:02:01,C*15:02,True,C
HLA07057_HLA00436,C*07:199:01,C*07:199,C*07:04:01,C*07:04,True,C
HLA07058_HLA00433,C*07:200,C*07:200,C*07:01:01:01,C*07:01,True,C
HLA07058_HLA07937,C*07:200,C*07:200,C*07:01:01:02,C*07:01,True,C
HLA07058_HLA00438,C*07:200,C*07:200,C*07:06,C*07:06,True,C
HLA07059_HLA00433,C*07:201,C*07:201,C*07:01:01:01,C*07:01,True,C
HLA07059_HLA07937,C*07:201,C*07:201,C*07:01:01:02,C*07:01,True,C
HLA07059_HLA00438,C*07:201,C*07:201,C*07:06,C*07:06,True,C
HLA07060_HLA00434,C*07:02:28,C*07:02,C*07:02:01:01,C*07:02,True,C
HLA07060_HLA01326,C*07:02:28,C*07:02,C*07:02:01:02,C*07:02,True,C
HLA07060_HLA01902,C*07:02:28,C*07:02,C*07:02:01:03,C*07:02,True,C
HLA07060_HLA07777,C*07:02:28,C*07:02,C*07:02:01:04,C*07:02,True,C
HLA07060_HLA07778,C*07:02:28,C*07:02,C*07:02:01:05,C*07:02,True,C
HLA07061_HLA00434,C*07:02:29,C*07:02,C*07:02:01:01,C*07:02,True,C
HLA07061_HLA01326,C*07:02:29,C*07:02,C*07:02:01:02,C*07:02,True,C
HLA07061_HLA01902,C*07:02:29,C*07:02,C*07:02:01:03,C*07:02,True,C
HLA07061_HLA07777,C*07:02:29,C*07:02,C*07:02:01:04,C*07:02,True,C
HLA07061_HLA07778,C*07:02:29,C*07:02,C*07:02:01:05,C*07:02,True,C
HLA07062_HLA00455,C*12:62,C*12:62,C*12:03:01:01,C*12:03,True,C
HLA07062_HLA02766,C*12:62,C*12:62,C*12:03:01:02,C*12:03,True,C
HLA07063_HLA00427,C*05:61,C*05:61,C*05:01:01:01,C*05:01,True,C
HLA07063_HLA03586,C*05:61,C*05:61,C*05:01:01:02,C*05:01,True,C
HLA07064_HLA00455,C*12:03:17,C*12:03,C*12:03:01:01,C*12:03,True,C
HLA07064_HLA02766,C*12:03:17,C*12:03,C*12:03:01:02,C*12:03,True,C
HLA07065_HLA00430,C*06:66,C*06:66,C*06:02:01:01,C*06:02,True,C
HLA07065_HLA02561,C*06:66,C*06:66,C*06:02:01:02,C*06:02,True,C
HLA07065_HLA05526,C*06:66,C*06:66,C*06:46N,C*06:46N,True,C
HLA07066_HLA00430,C*06:02:17,C*06:02,C*06:02:01:01,C*06:02,True,C
HLA07066_HLA02561,C*06:02:17,C*06:02,C*06:02:01:02,C*06:02,True,C
HLA07066_HLA05526,C*06:02:17,C*06:02,C*06:46N,C*06:46N,True,C
HLA07067_HLA00471,C*15:54,C*15:54,C*15:05:02,C*15:05,True,C
HLA07068_HLA00481,C*17:10,C*17:10,C*17:01:01:01,C*17:01,True,C
HLA07069_HLA00430,C*06:67,C*06:67,C*06:02:01:01,C*06:02,True,C
HLA07069_HLA02561,C*06:67,C*06:67,C*06:02:01:02,C*06:02,True,C
HLA07069_HLA05526,C*06:67,C*06:67,C*06:46N,C*06:46N,True,C
HLA07070_HLA00434,C*07:202,C*07:202,C*07:02:01:01,C*07:02,True,C
HLA07070_HLA01326,C*07:202,C*07:202,C*07:02:01:02,C*07:02,True,C
HLA07070_HLA01902,C*07:202,C*07:202,C*07:02:01:03,C*07:02,True,C
HLA07070_HLA07777,C*07:202,C*07:202,C*07:02:01:04,C*07:02,True,C
HLA07070_HLA07778,C*07:202,C*07:202,C*07:02:01:05,C*07:02,True,C
HLA07071_HLA00433,C*07:203,C*07:203,C*07:01:01:01,C*07:01,True,C
HLA07071_HLA07937,C*07:203,C*07:203,C*07:01:01:02,C*07:01,True,C
HLA07071_HLA00438,C*07:203,C*07:203,C*07:06,C*07:06,True,C
HLA07072_HLA00433,C*07:204,C*07:204,C*07:01:01:01,C*07:01,True,C
HLA07072_HLA07937,C*07:204,C*07:204,C*07:01:01:02,C*07:01,True,C
HLA07072_HLA00438,C*07:204,C*07:204,C*07:06,C*07:06,True,C
HLA07073_HLA00430,C*06:68,C*06:68,C*06:02:01:01,C*06:02,True,C
HLA07073_HLA02561,C*06:68,C*06:68,C*06:02:01:02,C*06:02,True,C
HLA07073_HLA05526,C*06:68,C*06:68,C*06:46N,C*06:46N,True,C
HLA07074_HLA00433,C*07:01:23,C*07:01,C*07:01:01:01,C*07:01,True,C
HLA07074_HLA07937,C*07:01:23,C*07:01,C*07:01:01:02,C*07:01,True,C
HLA07074_HLA00438,C*07:01:23,C*07:01,C*07:06,C*07:06,True,C
HLA07075_HLA00427,C*05:62,C*05:62,C*05:01:01:01,C*05:01,True,C
HLA07075_HLA03586,C*05:62,C*05:62,C*05:01:01:02,C*05:01,True,C
HLA07076_HLA00455,C*12:63,C*12:63,C*12:03:01:01,C*12:03,True,C
HLA07076_HLA02766,C*12:63,C*12:63,C*12:03:01:02,C*12:03,True,C
HLA07077_HLA00471,C*15:55,C*15:55,C*15:05:02,C*15:05,True,C
HLA07078_HLA00433,C*07:205,C*07:205,C*07:01:01:01,C*07:01,True,C
HLA07078_HLA07937,C*07:205,C*07:205,C*07:01:01:02,C*07:01,True,C
HLA07078_HLA00438,C*07:205,C*07:205,C*07:06,C*07:06,True,C
HLA07079_HLA00433,C*07:206,C*07:206,C*07:01:01:01,C*07:01,True,C
HLA07079_HLA07937,C*07:206,C*07:206,C*07:01:01:02,C*07:01,True,C
HLA07079_HLA00438,C*07:206,C*07:206,C*07:06,C*07:06,True,C
HLA07080_HLA00433,C*07:01:24,C*07:01,C*07:01:01:01,C*07:01,True,C
HLA07080_HLA07937,C*07:01:24,C*07:01,C*07:01:01:02,C*07:01,True,C
HLA07080_HLA00438,C*07:01:24,C*07:01,C*07:06,C*07:06,True,C
HLA07081_HLA00433,C*07:207,C*07:207,C*07:01:01:01,C*07:01,True,C
HLA07081_HLA07937,C*07:207,C*07:207,C*07:01:01:02,C*07:01,True,C
HLA07081_HLA00438,C*07:207,C*07:207,C*07:06,C*07:06,True,C
HLA07082_HLA00427,C*05:63,C*05:63,C*05:01:01:01,C*05:01,True,C
HLA07082_HLA03586,C*05:63,C*05:63,C*05:01:01:02,C*05:01,True,C
HLA07083_HLA00454,C*12:64,C*12:64,C*12:02:02,C*12:02,True,C
HLA07108_HLA00427,C*05:64:01,C*05:64,C*05:01:01:01,C*05:01,True,C
HLA07108_HLA03586,C*05:64:01,C*05:64,C*05:01:01:02,C*05:01,True,C
HLA07109_HLA00427,C*05:65,C*05:65,C*05:01:01:01,C*05:01,True,C
HLA07109_HLA03586,C*05:65,C*05:65,C*05:01:01:02,C*05:01,True,C
HLA07110_HLA00447,C*08:54,C*08:54,C*08:03:01,C*08:03,True,C
HLA07110_HLA00448,C*08:54,C*08:54,C*08:04:01,C*08:04,True,C
HLA07111_HLA00427,C*05:66,C*05:66,C*05:01:01:01,C*05:01,True,C
HLA07111_HLA03586,C*05:66,C*05:66,C*05:01:01:02,C*05:01,True,C
HLA07112_HLA00478,C*16:42,C*16:42,C*16:04:01,C*16:04,True,C
HLA07113_HLA00475,C*16:41,C*16:41,C*16:01:01,C*16:01,True,C
HLA07114_HLA00455,C*12:66,C*12:66,C*12:03:01:01,C*12:03,True,C
HLA07114_HLA02766,C*12:66,C*12:66,C*12:03:01:02,C*12:03,True,C
HLA07115_HLA00481,C*17:01:07,C*17:01,C*17:01:01:01,C*17:01,True,C
HLA07116_HLA00405,C*02:02:21,C*02:02,C*02:02:02,C*02:02,True,C
HLA07117_HLA00405,C*02:53,C*02:53,C*02:02:02,C*02:02,True,C
HLA07118_HLA00413,C*03:129,C*03:129,C*03:04:01:01,C*03:04,True,C
HLA07119_HLA00413,C*03:130,C*03:130,C*03:04:01:01,C*03:04,True,C
HLA07120_HLA00420,C*04:102,C*04:102,C*04:01:01:01,C*04:01,True,C
HLA07120_HLA01328,C*04:102,C*04:102,C*04:01:01:02,C*04:01,True,C
HLA07120_HLA03572,C*04:102,C*04:102,C*04:01:01:03,C*04:01,True,C
HLA07120_HLA08080,C*04:102,C*04:102,C*04:01:01:05,C*04:01,True,C
HLA07121_HLA00401,C*01:58,C*01:58,C*01:02:01,C*01:02,True,C
HLA07122_HLA01856,C*05:09:02,C*05:09,C*05:09:01,C*05:09,True,C
HLA07123_HLA00455,C*12:03:18,C*12:03,C*12:03:01:01,C*12:03,True,C
HLA07123_HLA02766,C*12:03:18,C*12:03,C*12:03:01:02,C*12:03,True,C
HLA07124_HLA00413,C*03:131,C*03:131,C*03:04:01:01,C*03:04,True,C
HLA07125_HLA00462,C*14:32,C*14:32,C*14:02:01,C*14:02,True,C
HLA07126_HLA00420,C*04:01:34,C*04:01,C*04:01:01:01,C*04:01,True,C
HLA07126_HLA01328,C*04:01:34,C*04:01,C*04:01:01:02,C*04:01,True,C
HLA07126_HLA03572,C*04:01:34,C*04:01,C*04:01:01:03,C*04:01,True,C
HLA07126_HLA08080,C*04:01:34,C*04:01,C*04:01:01:05,C*04:01,True,C
HLA07127_HLA00420,C*04:101,C*04:101,C*04:01:01:01,C*04:01,True,C
HLA07127_HLA01328,C*04:101,C*04:101,C*04:01:01:02,C*04:01,True,C
HLA07127_HLA03572,C*04:101,C*04:101,C*04:01:01:03,C*04:01,True,C
HLA07127_HLA08080,C*04:101,C*04:101,C*04:01:01:05,C*04:01,True,C
HLA07128_HLA00462,C*14:33,C*14:33,C*14:02:01,C*14:02,True,C
HLA07129_HLA00462,C*14:34,C*14:34,C*14:02:01,C*14:02,True,C
HLA07130_HLA00434,C*07:209,C*07:209,C*07:02:01:01,C*07:02,True,C
HLA07130_HLA01326,C*07:209,C*07:209,C*07:02:01:02,C*07:02,True,C
HLA07130_HLA01902,C*07:209,C*07:209,C*07:02:01:03,C*07:02,True,C
HLA07130_HLA07777,C*07:209,C*07:209,C*07:02:01:04,C*07:02,True,C
HLA07130_HLA07778,C*07:209,C*07:209,C*07:02:01:05,C*07:02,True,C
HLA07131_HLA00430,C*06:69,C*06:69,C*06:02:01:01,C*06:02,True,C
HLA07131_HLA02561,C*06:69,C*06:69,C*06:02:01:02,C*06:02,True,C
HLA07131_HLA05526,C*06:69,C*06:69,C*06:46N,C*06:46N,True,C
HLA07132_HLA00433,C*07:210,C*07:210,C*07:01:01:01,C*07:01,True,C
HLA07132_HLA07937,C*07:210,C*07:210,C*07:01:01:02,C*07:01,True,C
HLA07132_HLA00438,C*07:210,C*07:210,C*07:06,C*07:06,True,C
HLA07133_HLA00434,C*07:211,C*07:211,C*07:02:01:01,C*07:02,True,C
HLA07133_HLA01326,C*07:211,C*07:211,C*07:02:01:02,C*07:02,True,C
HLA07133_HLA01902,C*07:211,C*07:211,C*07:02:01:03,C*07:02,True,C
HLA07133_HLA07777,C*07:211,C*07:211,C*07:02:01:04,C*07:02,True,C
HLA07133_HLA07778,C*07:211,C*07:211,C*07:02:01:05,C*07:02,True,C
HLA07134_HLA00427,C*05:67,C*05:67,C*05:01:01:01,C*05:01,True,C
HLA07134_HLA03586,C*05:67,C*05:67,C*05:01:01:02,C*05:01,True,C
HLA07135_HLA00427,C*05:68,C*05:68,C*05:01:01:01,C*05:01,True,C
HLA07135_HLA03586,C*05:68,C*05:68,C*05:01:01:02,C*05:01,True,C
HLA07136_HLA00475,C*16:01:07,C*16:01,C*16:01:01,C*16:01,True,C
HLA07137_HLA00454,C*12:02:07,C*12:02,C*12:02:02,C*12:02,True,C
HLA07138_HLA00420,C*04:103,C*04:103,C*04:01:01:01,C*04:01,True,C
HLA07138_HLA01328,C*04:103,C*04:103,C*04:01:01:02,C*04:01,True,C
HLA07138_HLA03572,C*04:103,C*04:103,C*04:01:01:03,C*04:01,True,C
HLA07138_HLA08080,C*04:103,C*04:103,C*04:01:01:05,C*04:01,True,C
HLA07139_HLA00467,C*15:56,C*15:56,C*15:02:01,C*15:02,True,C
HLA07140_HLA00410,C*03:132,C*03:132,C*03:02:01,C*03:02,True,C
HLA07140_HLA05731,C*03:132,C*03:132,C*03:02:02:02,C*03:02,True,C
HLA07141_HLA00462,C*14:02:08,C*14:02,C*14:02:01,C*14:02,True,C
HLA07142_HLA00420,C*04:104,C*04:104,C*04:01:01:01,C*04:01,True,C
HLA07142_HLA01328,C*04:104,C*04:104,C*04:01:01:02,C*04:01,True,C
HLA07142_HLA03572,C*04:104,C*04:104,C*04:01:01:03,C*04:01,True,C
HLA07142_HLA08080,C*04:104,C*04:104,C*04:01:01:05,C*04:01,True,C
HLA07182_HLA00433,C*07:212,C*07:212,C*07:01:01:01,C*07:01,True,C
HLA07182_HLA07937,C*07:212,C*07:212,C*07:01:01:02,C*07:01,True,C
HLA07182_HLA00438,C*07:212,C*07:212,C*07:06,C*07:06,True,C
HLA07213_HLA00401,C*01:59,C*01:59,C*01:02:01,C*01:02,True,C
HLA07214_HLA00401,C*01:60,C*01:60,C*01:02:01,C*01:02,True,C
HLA07215_HLA00434,C*07:213,C*07:213,C*07:02:01:01,C*07:02,True,C
HLA07215_HLA01326,C*07:213,C*07:213,C*07:02:01:02,C*07:02,True,C
HLA07215_HLA01902,C*07:213,C*07:213,C*07:02:01:03,C*07:02,True,C
HLA07215_HLA07777,C*07:213,C*07:213,C*07:02:01:04,C*07:02,True,C
HLA07215_HLA07778,C*07:213,C*07:213,C*07:02:01:05,C*07:02,True,C
HLA07216_HLA00430,C*06:02:18,C*06:02,C*06:02:01:01,C*06:02,True,C
HLA07216_HLA02561,C*06:02:18,C*06:02,C*06:02:01:02,C*06:02,True,C
HLA07216_HLA05526,C*06:02:18,C*06:02,C*06:46N,C*06:46N,True,C
HLA07217_HLA00433,C*07:214,C*07:214,C*07:01:01:01,C*07:01,True,C
HLA07217_HLA07937,C*07:214,C*07:214,C*07:01:01:02,C*07:01,True,C
HLA07217_HLA00438,C*07:214,C*07:214,C*07:06,C*07:06,True,C
HLA07218_HLA00433,C*07:215,C*07:215,C*07:01:01:01,C*07:01,True,C
HLA07218_HLA07937,C*07:215,C*07:215,C*07:01:01:02,C*07:01,True,C
HLA07218_HLA00438,C*07:215,C*07:215,C*07:06,C*07:06,True,C
HLA07219_HLA00434,C*07:216,C*07:216,C*07:02:01:01,C*07:02,True,C
HLA07219_HLA01326,C*07:216,C*07:216,C*07:02:01:02,C*07:02,True,C
HLA07219_HLA01902,C*07:216,C*07:216,C*07:02:01:03,C*07:02,True,C
HLA07219_HLA07777,C*07:216,C*07:216,C*07:02:01:04,C*07:02,True,C
HLA07219_HLA07778,C*07:216,C*07:216,C*07:02:01:05,C*07:02,True,C
HLA07220_HLA00434,C*07:217,C*07:217,C*07:02:01:01,C*07:02,True,C
HLA07220_HLA01326,C*07:217,C*07:217,C*07:02:01:02,C*07:02,True,C
HLA07220_HLA01902,C*07:217,C*07:217,C*07:02:01:03,C*07:02,True,C
HLA07220_HLA07777,C*07:217,C*07:217,C*07:02:01:04,C*07:02,True,C
HLA07220_HLA07778,C*07:217,C*07:217,C*07:02:01:05,C*07:02,True,C
HLA07221_HLA00434,C*07:218,C*07:218,C*07:02:01:01,C*07:02,True,C
HLA07221_HLA01326,C*07:218,C*07:218,C*07:02:01:02,C*07:02,True,C
HLA07221_HLA01902,C*07:218,C*07:218,C*07:02:01:03,C*07:02,True,C
HLA07221_HLA07777,C*07:218,C*07:218,C*07:02:01:04,C*07:02,True,C
HLA07221_HLA07778,C*07:218,C*07:218,C*07:02:01:05,C*07:02,True,C
HLA07222_HLA00427,C*05:58:02,C*05:58,C*05:01:01:01,C*05:01,True,C
HLA07222_HLA03586,C*05:58:02,C*05:58,C*05:01:01:02,C*05:01,True,C
HLA07223_HLA00454,C*12:67,C*12:67,C*12:02:02,C*12:02,True,C
HLA07224_HLA00427,C*05:69,C*05:69,C*05:01:01:01,C*05:01,True,C
HLA07224_HLA03586,C*05:69,C*05:69,C*05:01:01:02,C*05:01,True,C
HLA07225_HLA00427,C*05:22:02,C*05:22,C*05:01:01:01,C*05:01,True,C
HLA07225_HLA03586,C*05:22:02,C*05:22,C*05:01:01:02,C*05:01,True,C
HLA07226_HLA00427,C*05:01:18,C*05:01,C*05:01:01:01,C*05:01,True,C
HLA07226_HLA03586,C*05:01:18,C*05:01,C*05:01:01:02,C*05:01,True,C
HLA07227_HLA00427,C*05:70,C*05:70,C*05:01:01:01,C*05:01,True,C
HLA07227_HLA03586,C*05:70,C*05:70,C*05:01:01:02,C*05:01,True,C
HLA07228_HLA00427,C*05:71,C*05:71,C*05:01:01:01,C*05:01,True,C
HLA07228_HLA03586,C*05:71,C*05:71,C*05:01:01:02,C*05:01,True,C
HLA07229_HLA00475,C*16:43,C*16:43,C*16:01:01,C*16:01,True,C
HLA07230_HLA00454,C*12:03:19,C*12:03,C*12:02:02,C*12:02,True,C
HLA07230_HLA02766,C*12:03:19,C*12:03,C*12:03:01:02,C*12:03,True,C
HLA07231_HLA00455,C*12:65,C*12:65,C*12:03:01:01,C*12:03,True,C
HLA07231_HLA02766,C*12:65,C*12:65,C*12:03:01:02,C*12:03,True,C
HLA07232_HLA00454,C*12:68,C*12:68,C*12:02:02,C*12:02,True,C
HLA07233_HLA00481,C*17:11,C*17:11,C*17:01:01:01,C*17:01,True,C
HLA07234_HLA00476,C*16:02:09,C*16:02,C*16:02:01,C*16:02,True,C
HLA07235_HLA00411,C*03:133,C*03:133,C*03:03:01,C*03:03,True,C
HLA07236_HLA00405,C*02:54,C*02:54,C*02:02:02,C*02:02,True,C
HLA07237_HLA00405,C*02:02:22,C*02:02,C*02:02:02,C*02:02,True,C
HLA07238_HLA00413,C*03:134,C*03:134,C*03:04:01:01,C*03:04,True,C
HLA07239_HLA00415,C*03:135,C*03:135,C*03:05,C*03:05,True,C
HLA07240_HLA00413,C*03:136,C*03:136,C*03:04:01:01,C*03:04,True,C
HLA07241_HLA00413,C*03:137,C*03:137,C*03:04:01:01,C*03:04,True,C
HLA07242_HLA00420,C*04:01:35,C*04:01,C*04:01:01:01,C*04:01,True,C
HLA07242_HLA01328,C*04:01:35,C*04:01,C*04:01:01:02,C*04:01,True,C
HLA07242_HLA03572,C*04:01:35,C*04:01,C*04:01:01:03,C*04:01,True,C
HLA07242_HLA08080,C*04:01:35,C*04:01,C*04:01:01:05,C*04:01,True,C
HLA07243_HLA00420,C*04:105N,C*04:105N,C*04:01:01:01,C*04:01,True,C
HLA07243_HLA01328,C*04:105N,C*04:105N,C*04:01:01:02,C*04:01,True,C
HLA07243_HLA03572,C*04:105N,C*04:105N,C*04:01:01:03,C*04:01,True,C
HLA07243_HLA08080,C*04:105N,C*04:105N,C*04:01:01:05,C*04:01,True,C
HLA07244_HLA00420,C*04:94:02,C*04:94,C*04:01:01:01,C*04:01,True,C
HLA07244_HLA01328,C*04:94:02,C*04:94,C*04:01:01:02,C*04:01,True,C
HLA07244_HLA03572,C*04:94:02,C*04:94,C*04:01:01:03,C*04:01,True,C
HLA07244_HLA08080,C*04:94:02,C*04:94,C*04:01:01:05,C*04:01,True,C
HLA07245_HLA00420,C*04:01:36,C*04:01,C*04:01:01:01,C*04:01,True,C
HLA07245_HLA01328,C*04:01:36,C*04:01,C*04:01:01:02,C*04:01,True,C
HLA07245_HLA03572,C*04:01:36,C*04:01,C*04:01:01:03,C*04:01,True,C
HLA07245_HLA08080,C*04:01:36,C*04:01,C*04:01:01:05,C*04:01,True,C
HLA07246_HLA00413,C*03:04:24,C*03:04,C*03:04:01:01,C*03:04,True,C
HLA07272_HLA00436,C*07:04:07,C*07:04,C*07:04:01,C*07:04,True,C
HLA07273_HLA00446,C*08:02:07,C*08:02,C*08:02:01,C*08:02,True,C
HLA07274_HLA00462,C*14:02:09,C*14:02,C*14:02:01,C*14:02,True,C
HLA07315_HLA00413,C*03:138,C*03:138,C*03:04:01:01,C*03:04,True,C
HLA07316_HLA00433,C*07:219,C*07:219,C*07:01:01:01,C*07:01,True,C
HLA07316_HLA07937,C*07:219,C*07:219,C*07:01:01:02,C*07:01,True,C
HLA07316_HLA00438,C*07:219,C*07:219,C*07:06,C*07:06,True,C
HLA07317_HLA00475,C*16:44,C*16:44,C*16:01:01,C*16:01,True,C
HLA07318_HLA00455,C*12:03:20,C*12:03,C*12:03:01:01,C*12:03,True,C
HLA07318_HLA02766,C*12:03:20,C*12:03,C*12:03:01:02,C*12:03,True,C
HLA07320_HLA00434,C*07:208,C*07:208,C*07:02:01:01,C*07:02,True,C
HLA07320_HLA01326,C*07:208,C*07:208,C*07:02:01:02,C*07:02,True,C
HLA07320_HLA01902,C*07:208,C*07:208,C*07:02:01:03,C*07:02,True,C
HLA07320_HLA07777,C*07:208,C*07:208,C*07:02:01:04,C*07:02,True,C
HLA07320_HLA07778,C*07:208,C*07:208,C*07:02:01:05,C*07:02,True,C
HLA07345_HLA00446,C*08:55N,C*08:55N,C*08:02:01,C*08:02,True,C
HLA07348_HLA00413,C*03:04:25,C*03:04,C*03:04:01:01,C*03:04,True,C
HLA07349_HLA00401,C*01:61,C*01:61,C*01:02:01,C*01:02,True,C
HLA07355_HLA00410,C*03:139,C*03:139,C*03:02:01,C*03:02,True,C
HLA07355_HLA05731,C*03:139,C*03:139,C*03:02:02:02,C*03:02,True,C
HLA07357_HLA00430,C*06:02:19,C*06:02,C*06:02:01:01,C*06:02,True,C
HLA07357_HLA02561,C*06:02:19,C*06:02,C*06:02:01:02,C*06:02,True,C
HLA07358_HLA00427,C*05:72,C*05:72,C*05:01:01:01,C*05:01,True,C
HLA07358_HLA03586,C*05:72,C*05:72,C*05:01:01:02,C*05:01,True,C
HLA07360_HLA00405,C*02:55,C*02:55,C*02:02:02,C*02:02,True,C
HLA07363_HLA03680,C*08:56,C*08:56,C*08:22,C*08:22,True,C
HLA07373_HLA00434,C*07:220,C*07:220,C*07:02:01:01,C*07:02,True,C
HLA07373_HLA01326,C*07:220,C*07:220,C*07:02:01:02,C*07:02,True,C
HLA07373_HLA01902,C*07:220,C*07:220,C*07:02:01:03,C*07:02,True,C
HLA07373_HLA07777,C*07:220,C*07:220,C*07:02:01:04,C*07:02,True,C
HLA07373_HLA07778,C*07:220,C*07:220,C*07:02:01:05,C*07:02,True,C
HLA07406_HLA00423,C*04:107,C*04:107,C*04:03:01,C*04:03,True,C
HLA07416_HLA00411,C*03:03:18,C*03:03,C*03:03:01,C*03:03,True,C
HLA07474_HLA00434,C*07:221,C*07:221,C*07:02:01:01,C*07:02,True,C
HLA07474_HLA01326,C*07:221,C*07:221,C*07:02:01:02,C*07:02,True,C
HLA07474_HLA01902,C*07:221,C*07:221,C*07:02:01:03,C*07:02,True,C
HLA07474_HLA07777,C*07:221,C*07:221,C*07:02:01:04,C*07:02,True,C
HLA07474_HLA07778,C*07:221,C*07:221,C*07:02:01:05,C*07:02,True,C
HLA07475_HLA00401,C*01:62,C*01:62,C*01:02:01,C*01:02,True,C
HLA07476_HLA00401,C*01:63,C*01:63,C*01:02:01,C*01:02,True,C
HLA07477_HLA00433,C*07:222,C*07:222,C*07:01:01:01,C*07:01,True,C
HLA07477_HLA07937,C*07:222,C*07:222,C*07:01:01:02,C*07:01,True,C
HLA07477_HLA00438,C*07:222,C*07:222,C*07:06,C*07:06,True,C
HLA07478_HLA00430,C*06:70,C*06:70,C*06:02:01:01,C*06:02,True,C
HLA07478_HLA02561,C*06:70,C*06:70,C*06:02:01:02,C*06:02,True,C
HLA07478_HLA05526,C*06:70,C*06:70,C*06:46N,C*06:46N,True,C
HLA07479_HLA00430,C*06:71,C*06:71,C*06:02:01:01,C*06:02,True,C
HLA07479_HLA02561,C*06:71,C*06:71,C*06:02:01:02,C*06:02,True,C
HLA07479_HLA05526,C*06:71,C*06:71,C*06:46N,C*06:46N,True,C
HLA07480_HLA00430,C*06:72,C*06:72,C*06:02:01:01,C*06:02,True,C
HLA07480_HLA02561,C*06:72,C*06:72,C*06:02:01:02,C*06:02,True,C
HLA07480_HLA05526,C*06:72,C*06:72,C*06:46N,C*06:46N,True,C
HLA07481_HLA00433,C*07:223,C*07:223,C*07:01:01:01,C*07:01,True,C
HLA07481_HLA07937,C*07:223,C*07:223,C*07:01:01:02,C*07:01,True,C
HLA07481_HLA00438,C*07:223,C*07:223,C*07:06,C*07:06,True,C
HLA07482_HLA00433,C*07:224,C*07:224,C*07:01:01:01,C*07:01,True,C
HLA07482_HLA07937,C*07:224,C*07:224,C*07:01:01:02,C*07:01,True,C
HLA07482_HLA00438,C*07:224,C*07:224,C*07:06,C*07:06,True,C
HLA07483_HLA00433,C*07:225,C*07:225,C*07:01:01:01,C*07:01,True,C
HLA07483_HLA07937,C*07:225,C*07:225,C*07:01:01:02,C*07:01,True,C
HLA07483_HLA00438,C*07:225,C*07:225,C*07:06,C*07:06,True,C
HLA07484_HLA00434,C*07:226,C*07:226,C*07:02:01:01,C*07:02,True,C
HLA07484_HLA01326,C*07:226,C*07:226,C*07:02:01:02,C*07:02,True,C
HLA07484_HLA01902,C*07:226,C*07:226,C*07:02:01:03,C*07:02,True,C
HLA07484_HLA07777,C*07:226,C*07:226,C*07:02:01:04,C*07:02,True,C
HLA07484_HLA07778,C*07:226,C*07:226,C*07:02:01:05,C*07:02,True,C
HLA07485_HLA00434,C*07:38:02,C*07:38,C*07:02:01:01,C*07:02,True,C
HLA07485_HLA01326,C*07:38:02,C*07:38,C*07:02:01:02,C*07:02,True,C
HLA07485_HLA01902,C*07:38:02,C*07:38,C*07:02:01:03,C*07:02,True,C
HLA07485_HLA07777,C*07:38:02,C*07:38,C*07:02:01:04,C*07:02,True,C
HLA07485_HLA07778,C*07:38:02,C*07:38,C*07:02:01:05,C*07:02,True,C
HLA07486_HLA00433,C*07:227N,C*07:227N,C*07:01:01:01,C*07:01,True,C
HLA07486_HLA07937,C*07:227N,C*07:227N,C*07:01:01:02,C*07:01,True,C
HLA07486_HLA00438,C*07:227N,C*07:227N,C*07:06,C*07:06,True,C
HLA07487_HLA00427,C*05:73,C*05:73,C*05:01:01:01,C*05:01,True,C
HLA07487_HLA03586,C*05:73,C*05:73,C*05:01:01:02,C*05:01,True,C
HLA07488_HLA00427,C*05:74,C*05:74,C*05:01:01:01,C*05:01,True,C
HLA07488_HLA03586,C*05:74,C*05:74,C*05:01:01:02,C*05:01,True,C
HLA07489_HLA00448,C*08:57,C*08:57,C*08:04:01,C*08:04,True,C
HLA07490_HLA00454,C*12:69,C*12:69,C*12:02:02,C*12:02,True,C
HLA07491_HLA00455,C*12:70,C*12:70,C*12:03:01:01,C*12:03,True,C
HLA07491_HLA02766,C*12:70,C*12:70,C*12:03:01:02,C*12:03,True,C
HLA07492_HLA00430,C*06:03:02,C*06:03,C*06:02:01:01,C*06:02,True,C
HLA07492_HLA02561,C*06:03:02,C*06:03,C*06:02:01:02,C*06:02,True,C
HLA07492_HLA05526,C*06:03:02,C*06:03,C*06:46N,C*06:46N,True,C
HLA07493_HLA00405,C*02:56,C*02:56,C*02:02:02,C*02:02,True,C
HLA07494_HLA00467,C*15:57,C*15:57,C*15:02:01,C*15:02,True,C
HLA07495_HLA00413,C*03:140,C*03:140,C*03:04:01:01,C*03:04,True,C
HLA07496_HLA00411,C*03:141,C*03:141,C*03:03:01,C*03:03,True,C
HLA07497_HLA00411,C*03:142,C*03:142,C*03:03:01,C*03:03,True,C
HLA07498_HLA00414,C*03:143,C*03:143,C*03:04:02,C*03:04,True,C
HLA07499_HLA00420,C*04:108,C*04:108,C*04:01:01:01,C*04:01,True,C
HLA07499_HLA01328,C*04:108,C*04:108,C*04:01:01:02,C*04:01,True,C
HLA07499_HLA03572,C*04:108,C*04:108,C*04:01:01:03,C*04:01,True,C
HLA07499_HLA08080,C*04:108,C*04:108,C*04:01:01:05,C*04:01,True,C
HLA07500_HLA00420,C*04:109,C*04:109,C*04:01:01:01,C*04:01,True,C
HLA07500_HLA01328,C*04:109,C*04:109,C*04:01:01:02,C*04:01,True,C
HLA07500_HLA03572,C*04:109,C*04:109,C*04:01:01:03,C*04:01,True,C
HLA07500_HLA08080,C*04:109,C*04:109,C*04:01:01:05,C*04:01,True,C
HLA07501_HLA00420,C*04:110,C*04:110,C*04:01:01:01,C*04:01,True,C
HLA07501_HLA01328,C*04:110,C*04:110,C*04:01:01:02,C*04:01,True,C
HLA07501_HLA03572,C*04:110,C*04:110,C*04:01:01:03,C*04:01,True,C
HLA07501_HLA08080,C*04:110,C*04:110,C*04:01:01:05,C*04:01,True,C
HLA07502_HLA00420,C*04:01:37,C*04:01,C*04:01:01:01,C*04:01,True,C
HLA07502_HLA01328,C*04:01:37,C*04:01,C*04:01:01:02,C*04:01,True,C
HLA07502_HLA03572,C*04:01:37,C*04:01,C*04:01:01:03,C*04:01,True,C
HLA07502_HLA08080,C*04:01:37,C*04:01,C*04:01:01:05,C*04:01,True,C
HLA07521_HLA00448,C*08:04:02,C*08:04,C*08:04:01,C*08:04,True,C
HLA07526_HLA00411,C*03:144,C*03:144,C*03:03:01,C*03:03,True,C
HLA07527_HLA00464,C*14:35N,C*14:35N,C*14:03,C*14:03,True,C
HLA07528_HLA00401,C*01:64,C*01:64,C*01:02:01,C*01:02,True,C
HLA07529_HLA00420,C*04:111,C*04:111,C*04:01:01:01,C*04:01,True,C
HLA07529_HLA01328,C*04:111,C*04:111,C*04:01:01:02,C*04:01,True,C
HLA07529_HLA03572,C*04:111,C*04:111,C*04:01:01:03,C*04:01,True,C
HLA07529_HLA08080,C*04:111,C*04:111,C*04:01:01:05,C*04:01,True,C
HLA07530_HLA00445,C*08:58,C*08:58,C*08:01:01,C*08:01,True,C
HLA07531_HLA00445,C*08:59,C*08:59,C*08:01:01,C*08:01,True,C
HLA07537_HLA00413,C*03:145,C*03:145,C*03:04:01:01,C*03:04,True,C
HLA07540_HLA00462,C*14:36,C*14:36,C*14:02:01,C*14:02,True,C
HLA07541_HLA00462,C*14:02:10,C*14:02,C*14:02:01,C*14:02,True,C
HLA07555_HLA00455,C*12:02:08,C*12:02,C*12:03:01:01,C*12:03,True,C
HLA07555_HLA02766,C*12:02:08,C*12:02,C*12:03:01:02,C*12:03,True,C
HLA07556_HLA00401,C*01:65,C*01:65,C*01:02:01,C*01:02,True,C
HLA07729_HLA00401,C*01:66,C*01:66,C*01:02:01,C*01:02,True,C
HLA07730_HLA00410,C*03:02:09,C*03:02,C*03:02:01,C*03:02,True,C
HLA07730_HLA05731,C*03:02:09,C*03:02,C*03:02:02:02,C*03:02,True,C
HLA07731_HLA00434,C*07:02:30,C*07:02,C*07:02:01:01,C*07:02,True,C
HLA07731_HLA01326,C*07:02:30,C*07:02,C*07:02:01:02,C*07:02,True,C
HLA07731_HLA01902,C*07:02:30,C*07:02,C*07:02:01:03,C*07:02,True,C
HLA07731_HLA07777,C*07:02:30,C*07:02,C*07:02:01:04,C*07:02,True,C
HLA07731_HLA07778,C*07:02:30,C*07:02,C*07:02:01:05,C*07:02,True,C
HLA07733_HLA00430,C*06:74Q,C*06:74Q,C*06:02:01:01,C*06:02,True,C
HLA07733_HLA02561,C*06:74Q,C*06:74Q,C*06:02:01:02,C*06:02,True,C
HLA07733_HLA05526,C*06:74Q,C*06:74Q,C*06:46N,C*06:46N,True,C
HLA07734_HLA00434,C*07:229,C*07:229,C*07:02:01:01,C*07:02,True,C
HLA07734_HLA01326,C*07:229,C*07:229,C*07:02:01:02,C*07:02,True,C
HLA07734_HLA01902,C*07:229,C*07:229,C*07:02:01:03,C*07:02,True,C
HLA07734_HLA07777,C*07:229,C*07:229,C*07:02:01:04,C*07:02,True,C
HLA07734_HLA07778,C*07:229,C*07:229,C*07:02:01:05,C*07:02,True,C
HLA07735_HLA00433,C*07:230,C*07:230,C*07:01:01:01,C*07:01,True,C
HLA07735_HLA07937,C*07:230,C*07:230,C*07:01:01:02,C*07:01,True,C
HLA07735_HLA00438,C*07:230,C*07:230,C*07:06,C*07:06,True,C
HLA07736_HLA00433,C*07:231,C*07:231,C*07:01:01:01,C*07:01,True,C
HLA07736_HLA07937,C*07:231,C*07:231,C*07:01:01:02,C*07:01,True,C
HLA07736_HLA00438,C*07:231,C*07:231,C*07:06,C*07:06,True,C
HLA07737_HLA00434,C*07:232,C*07:232,C*07:02:01:01,C*07:02,True,C
HLA07737_HLA01326,C*07:232,C*07:232,C*07:02:01:02,C*07:02,True,C
HLA07737_HLA01902,C*07:232,C*07:232,C*07:02:01:03,C*07:02,True,C
HLA07737_HLA07777,C*07:232,C*07:232,C*07:02:01:04,C*07:02,True,C
HLA07737_HLA07778,C*07:232,C*07:232,C*07:02:01:05,C*07:02,True,C
HLA07738_HLA00434,C*07:233,C*07:233,C*07:02:01:01,C*07:02,True,C
HLA07738_HLA01326,C*07:233,C*07:233,C*07:02:01:02,C*07:02,True,C
HLA07738_HLA01902,C*07:233,C*07:233,C*07:02:01:03,C*07:02,True,C
HLA07738_HLA07777,C*07:233,C*07:233,C*07:02:01:04,C*07:02,True,C
HLA07738_HLA07778,C*07:233,C*07:233,C*07:02:01:05,C*07:02,True,C
HLA07739_HLA00434,C*07:234,C*07:234,C*07:02:01:01,C*07:02,True,C
HLA07739_HLA01326,C*07:234,C*07:234,C*07:02:01:02,C*07:02,True,C
HLA07739_HLA01902,C*07:234,C*07:234,C*07:02:01:03,C*07:02,True,C
HLA07739_HLA07777,C*07:234,C*07:234,C*07:02:01:04,C*07:02,True,C
HLA07739_HLA07778,C*07:234,C*07:234,C*07:02:01:05,C*07:02,True,C
HLA07740_HLA00430,C*06:75,C*06:75,C*06:02:01:01,C*06:02,True,C
HLA07740_HLA02561,C*06:75,C*06:75,C*06:02:01:02,C*06:02,True,C
HLA07740_HLA05526,C*06:75,C*06:75,C*06:46N,C*06:46N,True,C
HLA07741_HLA00455,C*12:71,C*12:71,C*12:03:01:01,C*12:03,True,C
HLA07741_HLA02766,C*12:71,C*12:71,C*12:03:01:02,C*12:03,True,C
HLA07742_HLA00445,C*08:16:02,C*08:16,C*08:01:01,C*08:01,True,C
HLA07743_HLA00445,C*08:60,C*08:60,C*08:01:01,C*08:01,True,C
HLA07744_HLA00475,C*16:45,C*16:45,C*16:01:01,C*16:01,True,C
HLA07745_HLA00454,C*12:72,C*12:72,C*12:02:02,C*12:02,True,C
HLA07755_HLA00420,C*04:112,C*04:112,C*04:01:01:01,C*04:01,True,C
HLA07755_HLA01328,C*04:112,C*04:112,C*04:01:01:02,C*04:01,True,C
HLA07755_HLA03572,C*04:112,C*04:112,C*04:01:01:03,C*04:01,True,C
HLA07755_HLA08080,C*04:112,C*04:112,C*04:01:01:05,C*04:01,True,C
HLA07756_HLA00433,C*07:235Q,C*07:235Q,C*07:01:01:01,C*07:01,True,C
HLA07756_HLA07937,C*07:235Q,C*07:235Q,C*07:01:01:02,C*07:01,True,C
HLA07760_HLA00467,C*15:02:08,C*15:02,C*15:02:01,C*15:02,True,C
HLA07763_HLA00413,C*03:04:26,C*03:04,C*03:04:01:01,C*03:04,True,C
HLA07782_HLA00454,C*12:73,C*12:73,C*12:02:02,C*12:02,True,C
HLA07783_HLA00454,C*12:18:02,C*12:18,C*12:02:02,C*12:02,True,C
HLA07784_HLA00454,C*12:74,C*12:74,C*12:02:02,C*12:02,True,C
HLA07785_HLA00454,C*12:02:09,C*12:02,C*12:02:02,C*12:02,True,C
HLA07786_HLA00455,C*12:75,C*12:75,C*12:03:01:01,C*12:03,True,C
HLA07786_HLA02766,C*12:75,C*12:75,C*12:03:01:02,C*12:03,True,C
HLA07787_HLA00467,C*15:58,C*15:58,C*15:02:01,C*15:02,True,C
HLA07788_HLA00471,C*15:59,C*15:59,C*15:05:02,C*15:05,True,C
HLA07789_HLA00467,C*15:02:09,C*15:02,C*15:02:01,C*15:02,True,C
HLA07790_HLA00467,C*15:60,C*15:60,C*15:02:01,C*15:02,True,C
HLA07791_HLA00467,C*15:02:10,C*15:02,C*15:02:01,C*15:02,True,C
HLA07804_HLA00462,C*14:37,C*14:37,C*14:02:01,C*14:02,True,C
HLA07810_HLA00455,C*12:76,C*12:76,C*12:03:01:01,C*12:03,True,C
HLA07810_HLA02766,C*12:76,C*12:76,C*12:03:01:02,C*12:03,True,C
HLA07815_HLA00430,C*06:76:01,C*06:76,C*06:02:01:01,C*06:02,True,C
HLA07815_HLA02561,C*06:76:01,C*06:76,C*06:02:01:02,C*06:02,True,C
HLA07822_HLA00433,C*07:228,C*07:228,C*07:01:01:01,C*07:01,True,C
HLA07822_HLA07937,C*07:228,C*07:228,C*07:01:01:02,C*07:01,True,C
HLA07822_HLA00438,C*07:228,C*07:228,C*07:06,C*07:06,True,C
HLA07824_HLA00464,C*14:38,C*14:38,C*14:03,C*14:03,True,C
HLA07825_HLA00462,C*14:39,C*14:39,C*14:02:01,C*14:02,True,C
HLA07826_HLA00430,C*06:77,C*06:77,C*06:02:01:01,C*06:02,True,C
HLA07826_HLA02561,C*06:77,C*06:77,C*06:02:01:02,C*06:02,True,C
HLA07826_HLA05526,C*06:77,C*06:77,C*06:46N,C*06:46N,True,C
HLA07827_HLA00430,C*06:78,C*06:78,C*06:02:01:01,C*06:02,True,C
HLA07827_HLA02561,C*06:78,C*06:78,C*06:02:01:02,C*06:02,True,C
HLA07827_HLA05526,C*06:78,C*06:78,C*06:46N,C*06:46N,True,C
HLA07828_HLA00434,C*07:02:31,C*07:02,C*07:02:01:01,C*07:02,True,C
HLA07828_HLA01326,C*07:02:31,C*07:02,C*07:02:01:02,C*07:02,True,C
HLA07828_HLA01902,C*07:02:31,C*07:02,C*07:02:01:03,C*07:02,True,C
HLA07828_HLA07777,C*07:02:31,C*07:02,C*07:02:01:04,C*07:02,True,C
HLA07828_HLA07778,C*07:02:31,C*07:02,C*07:02:01:05,C*07:02,True,C
HLA07829_HLA00433,C*07:236,C*07:236,C*07:01:01:01,C*07:01,True,C
HLA07829_HLA07937,C*07:236,C*07:236,C*07:01:01:02,C*07:01,True,C
HLA07829_HLA00438,C*07:236,C*07:236,C*07:06,C*07:06,True,C
HLA07830_HLA00430,C*06:79N,C*06:79N,C*06:02:01:01,C*06:02,True,C
HLA07830_HLA02561,C*06:79N,C*06:79N,C*06:02:01:02,C*06:02,True,C
HLA07830_HLA05526,C*06:79N,C*06:79N,C*06:46N,C*06:46N,True,C
HLA07831_HLA00430,C*06:80,C*06:80,C*06:02:01:01,C*06:02,True,C
HLA07831_HLA02561,C*06:80,C*06:80,C*06:02:01:02,C*06:02,True,C
HLA07831_HLA05526,C*06:80,C*06:80,C*06:46N,C*06:46N,True,C
HLA07832_HLA00430,C*06:02:20,C*06:02,C*06:02:01:01,C*06:02,True,C
HLA07832_HLA02561,C*06:02:20,C*06:02,C*06:02:01:02,C*06:02,True,C
HLA07832_HLA05526,C*06:02:20,C*06:02,C*06:46N,C*06:46N,True,C
HLA07833_HLA00430,C*06:81,C*06:81,C*06:02:01:01,C*06:02,True,C
HLA07833_HLA02561,C*06:81,C*06:81,C*06:02:01:02,C*06:02,True,C
HLA07833_HLA05526,C*06:81,C*06:81,C*06:46N,C*06:46N,True,C
HLA07834_HLA00430,C*06:82,C*06:82,C*06:02:01:01,C*06:02,True,C
HLA07834_HLA02561,C*06:82,C*06:82,C*06:02:01:02,C*06:02,True,C
HLA07834_HLA05526,C*06:82,C*06:82,C*06:46N,C*06:46N,True,C
HLA07835_HLA00433,C*07:141:02,C*07:141,C*07:01:01:01,C*07:01,True,C
HLA07835_HLA07937,C*07:141:02,C*07:141,C*07:01:01:02,C*07:01,True,C
HLA07835_HLA00438,C*07:141:02,C*07:141,C*07:06,C*07:06,True,C
HLA07836_HLA00433,C*07:237,C*07:237,C*07:01:01:01,C*07:01,True,C
HLA07836_HLA07937,C*07:237,C*07:237,C*07:01:01:02,C*07:01,True,C
HLA07836_HLA00438,C*07:237,C*07:237,C*07:06,C*07:06,True,C
HLA07837_HLA02943,C*07:238,C*07:238,C*07:49,C*07:49,True,C
HLA07838_HLA00434,C*07:239,C*07:239,C*07:02:01:01,C*07:02,True,C
HLA07838_HLA01326,C*07:239,C*07:239,C*07:02:01:02,C*07:02,True,C
HLA07838_HLA01902,C*07:239,C*07:239,C*07:02:01:03,C*07:02,True,C
HLA07838_HLA07777,C*07:239,C*07:239,C*07:02:01:04,C*07:02,True,C
HLA07838_HLA07778,C*07:239,C*07:239,C*07:02:01:05,C*07:02,True,C
HLA07839_HLA00434,C*07:240,C*07:240,C*07:02:01:01,C*07:02,True,C
HLA07839_HLA01326,C*07:240,C*07:240,C*07:02:01:02,C*07:02,True,C
HLA07839_HLA01902,C*07:240,C*07:240,C*07:02:01:03,C*07:02,True,C
HLA07839_HLA07777,C*07:240,C*07:240,C*07:02:01:04,C*07:02,True,C
HLA07839_HLA07778,C*07:240,C*07:240,C*07:02:01:05,C*07:02,True,C
HLA07840_HLA00434,C*07:241,C*07:241,C*07:02:01:01,C*07:02,True,C
HLA07840_HLA01326,C*07:241,C*07:241,C*07:02:01:02,C*07:02,True,C
HLA07840_HLA01902,C*07:241,C*07:241,C*07:02:01:03,C*07:02,True,C
HLA07840_HLA07777,C*07:241,C*07:241,C*07:02:01:04,C*07:02,True,C
HLA07840_HLA07778,C*07:241,C*07:241,C*07:02:01:05,C*07:02,True,C
HLA07841_HLA00434,C*07:02:32,C*07:02,C*07:02:01:01,C*07:02,True,C
HLA07841_HLA01326,C*07:02:32,C*07:02,C*07:02:01:02,C*07:02,True,C
HLA07841_HLA01902,C*07:02:32,C*07:02,C*07:02:01:03,C*07:02,True,C
HLA07841_HLA07777,C*07:02:32,C*07:02,C*07:02:01:04,C*07:02,True,C
HLA07841_HLA07778,C*07:02:32,C*07:02,C*07:02:01:05,C*07:02,True,C
HLA07842_HLA00410,C*07:242,C*07:242,C*03:02:01,C*03:02,True,C
HLA07842_HLA05731,C*07:242,C*07:242,C*03:02:02:02,C*03:02,True,C
HLA07842_HLA00434,C*07:242,C*07:242,C*07:02:01:01,C*07:02,True,C
HLA07842_HLA01326,C*07:242,C*07:242,C*07:02:01:02,C*07:02,True,C
HLA07842_HLA01902,C*07:242,C*07:242,C*07:02:01:03,C*07:02,True,C
HLA07842_HLA07777,C*07:242,C*07:242,C*07:02:01:04,C*07:02,True,C
HLA07842_HLA07778,C*07:242,C*07:242,C*07:02:01:05,C*07:02,True,C
HLA07843_HLA00434,C*07:243,C*07:243,C*07:02:01:01,C*07:02,True,C
HLA07843_HLA01326,C*07:243,C*07:243,C*07:02:01:02,C*07:02,True,C
HLA07843_HLA01902,C*07:243,C*07:243,C*07:02:01:03,C*07:02,True,C
HLA07843_HLA07777,C*07:243,C*07:243,C*07:02:01:04,C*07:02,True,C
HLA07843_HLA07778,C*07:243,C*07:243,C*07:02:01:05,C*07:02,True,C
HLA07844_HLA00434,C*07:02:33,C*07:02,C*07:02:01:01,C*07:02,True,C
HLA07844_HLA01326,C*07:02:33,C*07:02,C*07:02:01:02,C*07:02,True,C
HLA07844_HLA01902,C*07:02:33,C*07:02,C*07:02:01:03,C*07:02,True,C
HLA07844_HLA07777,C*07:02:33,C*07:02,C*07:02:01:04,C*07:02,True,C
HLA07844_HLA07778,C*07:02:33,C*07:02,C*07:02:01:05,C*07:02,True,C
HLA07845_HLA00433,C*07:01:25,C*07:01,C*07:01:01:01,C*07:01,True,C
HLA07845_HLA07937,C*07:01:25,C*07:01,C*07:01:01:02,C*07:01,True,C
HLA07845_HLA00438,C*07:01:25,C*07:01,C*07:06,C*07:06,True,C
HLA07846_HLA00433,C*07:01:26,C*07:01,C*07:01:01:01,C*07:01,True,C
HLA07846_HLA07937,C*07:01:26,C*07:01,C*07:01:01:02,C*07:01,True,C
HLA07846_HLA00438,C*07:01:26,C*07:01,C*07:06,C*07:06,True,C
HLA07847_HLA00447,C*08:61,C*08:61,C*08:03:01,C*08:03,True,C
HLA07848_HLA00476,C*16:46,C*16:46,C*16:02:01,C*16:02,True,C
HLA07849_HLA00476,C*16:47,C*16:47,C*16:02:01,C*16:02,True,C
HLA07850_HLA00476,C*16:48,C*16:48,C*16:02:01,C*16:02,True,C
HLA07851_HLA00475,C*16:49,C*16:49,C*16:01:01,C*16:01,True,C
HLA07852_HLA00455,C*12:77,C*12:77,C*12:03:01:01,C*12:03,True,C
HLA07852_HLA02766,C*12:77,C*12:77,C*12:03:01:02,C*12:03,True,C
HLA07853_HLA00455,C*12:03:21,C*12:03,C*12:03:01:01,C*12:03,True,C
HLA07853_HLA02766,C*12:03:21,C*12:03,C*12:03:01:02,C*12:03,True,C
HLA07854_HLA00455,C*12:78,C*12:78,C*12:03:01:01,C*12:03,True,C
HLA07854_HLA02766,C*12:78,C*12:78,C*12:03:01:02,C*12:03,True,C
HLA07855_HLA00455,C*12:03:22,C*12:03,C*12:03:01:01,C*12:03,True,C
HLA07855_HLA02766,C*12:03:22,C*12:03,C*12:03:01:02,C*12:03,True,C
HLA07856_HLA00455,C*12:79,C*12:79,C*12:03:01:01,C*12:03,True,C
HLA07856_HLA02766,C*12:79,C*12:79,C*12:03:01:02,C*12:03,True,C
HLA07857_HLA00481,C*17:12,C*17:12,C*17:01:01:01,C*17:01,True,C
HLA07858_HLA00462,C*14:24:02,C*14:24,C*14:02:01,C*14:02,True,C
HLA07859_HLA00462,C*14:02:11,C*14:02,C*14:02:01,C*14:02,True,C
HLA07860_HLA00462,C*14:40,C*14:40,C*14:02:01,C*14:02,True,C
HLA07861_HLA00464,C*14:41,C*14:41,C*14:03,C*14:03,True,C
HLA07930_HLA00434,C*07:244,C*07:244,C*07:02:01:01,C*07:02,True,C
HLA07930_HLA01326,C*07:244,C*07:244,C*07:02:01:02,C*07:02,True,C
HLA07930_HLA01902,C*07:244,C*07:244,C*07:02:01:03,C*07:02,True,C
HLA07930_HLA07777,C*07:244,C*07:244,C*07:02:01:04,C*07:02,True,C
HLA07930_HLA07778,C*07:244,C*07:244,C*07:02:01:05,C*07:02,True,C
HLA07940_HLA00413,C*03:147,C*03:147,C*03:04:01:01,C*03:04,True,C
HLA07941_HLA00401,C*01:67,C*01:67,C*01:02:01,C*01:02,True,C
HLA07942_HLA00401,C*01:68,C*01:68,C*01:02:01,C*01:02,True,C
HLA07943_HLA00401,C*01:69N,C*01:69N,C*01:02:01,C*01:02,True,C
HLA07944_HLA00405,C*02:57,C*02:57,C*02:02:02,C*02:02,True,C
HLA07945_HLA00413,C*03:148,C*03:148,C*03:04:01:01,C*03:04,True,C
HLA07946_HLA00413,C*03:149,C*03:149,C*03:04:01:01,C*03:04,True,C
HLA07947_HLA00411,C*03:150,C*03:150,C*03:03:01,C*03:03,True,C
HLA07948_HLA00411,C*03:151,C*03:151,C*03:03:01,C*03:03,True,C
HLA07949_HLA00411,C*03:152,C*03:152,C*03:03:01,C*03:03,True,C
HLA07950_HLA00411,C*03:116:02,C*03:116,C*03:03:01,C*03:03,True,C
HLA07951_HLA00413,C*03:153,C*03:153,C*03:04:01:01,C*03:04,True,C
HLA07952_HLA00413,C*03:04:27,C*03:04,C*03:04:01:01,C*03:04,True,C
HLA07953_HLA00413,C*03:154,C*03:154,C*03:04:01:01,C*03:04,True,C
HLA07954_HLA00411,C*03:03:19,C*03:03,C*03:03:01,C*03:03,True,C
HLA07955_HLA00413,C*03:155,C*03:155,C*03:04:01:01,C*03:04,True,C
HLA07956_HLA00413,C*03:04:28,C*03:04,C*03:04:01:01,C*03:04,True,C
HLA07957_HLA00413,C*03:156,C*03:156,C*03:04:01:01,C*03:04,True,C
HLA07965_HLA02120,C*02:58,C*02:58,C*02:10,C*02:10,True,C
HLA07969_HLA00420,C*04:01:38,C*04:01,C*04:01:01:01,C*04:01,True,C
HLA07969_HLA01328,C*04:01:38,C*04:01,C*04:01:01:02,C*04:01,True,C
HLA07969_HLA03572,C*04:01:38,C*04:01,C*04:01:01:03,C*04:01,True,C
HLA07969_HLA08080,C*04:01:38,C*04:01,C*04:01:01:05,C*04:01,True,C
HLA07970_HLA00420,C*04:113,C*04:113,C*04:01:01:01,C*04:01,True,C
HLA07970_HLA01328,C*04:113,C*04:113,C*04:01:01:02,C*04:01,True,C
HLA07970_HLA03572,C*04:113,C*04:113,C*04:01:01:03,C*04:01,True,C
HLA07970_HLA08080,C*04:113,C*04:113,C*04:01:01:05,C*04:01,True,C
HLA07971_HLA00420,C*04:114,C*04:114,C*04:01:01:01,C*04:01,True,C
HLA07971_HLA01328,C*04:114,C*04:114,C*04:01:01:02,C*04:01,True,C
HLA07971_HLA03572,C*04:114,C*04:114,C*04:01:01:03,C*04:01,True,C
HLA07971_HLA08080,C*04:114,C*04:114,C*04:01:01:05,C*04:01,True,C
HLA07972_HLA00420,C*04:115N,C*04:115N,C*04:01:01:01,C*04:01,True,C
HLA07972_HLA01328,C*04:115N,C*04:115N,C*04:01:01:02,C*04:01,True,C
HLA07972_HLA03572,C*04:115N,C*04:115N,C*04:01:01:03,C*04:01,True,C
HLA07972_HLA08080,C*04:115N,C*04:115N,C*04:01:01:05,C*04:01,True,C
HLA07973_HLA00420,C*04:01:39,C*04:01,C*04:01:01:01,C*04:01,True,C
HLA07973_HLA01328,C*04:01:39,C*04:01,C*04:01:01:02,C*04:01,True,C
HLA07973_HLA03572,C*04:01:39,C*04:01,C*04:01:01:03,C*04:01,True,C
HLA07973_HLA08080,C*04:01:39,C*04:01,C*04:01:01:05,C*04:01,True,C
HLA07974_HLA00420,C*04:116,C*04:116,C*04:01:01:01,C*04:01,True,C
HLA07974_HLA01328,C*04:116,C*04:116,C*04:01:01:02,C*04:01,True,C
HLA07974_HLA03572,C*04:116,C*04:116,C*04:01:01:03,C*04:01,True,C
HLA07974_HLA08080,C*04:116,C*04:116,C*04:01:01:05,C*04:01,True,C
HLA07975_HLA00420,C*04:117,C*04:117,C*04:01:01:01,C*04:01,True,C
HLA07975_HLA01328,C*04:117,C*04:117,C*04:01:01:02,C*04:01,True,C
HLA07975_HLA03572,C*04:117,C*04:117,C*04:01:01:03,C*04:01,True,C
HLA07975_HLA08080,C*04:117,C*04:117,C*04:01:01:05,C*04:01,True,C
HLA07976_HLA00427,C*05:01:19,C*05:01,C*05:01:01:01,C*05:01,True,C
HLA07976_HLA03586,C*05:01:19,C*05:01,C*05:01:01:02,C*05:01,True,C
HLA07977_HLA00427,C*05:75,C*05:75,C*05:01:01:01,C*05:01,True,C
HLA07977_HLA03586,C*05:75,C*05:75,C*05:01:01:02,C*05:01,True,C
HLA07978_HLA00427,C*05:76,C*05:76,C*05:01:01:01,C*05:01,True,C
HLA07978_HLA03586,C*05:76,C*05:76,C*05:01:01:02,C*05:01,True,C
HLA07979_HLA00427,C*05:01:20,C*05:01,C*05:01:01:01,C*05:01,True,C
HLA07979_HLA03586,C*05:01:20,C*05:01,C*05:01:01:02,C*05:01,True,C
HLA07980_HLA00427,C*05:77,C*05:77,C*05:01:01:01,C*05:01,True,C
HLA07980_HLA03586,C*05:77,C*05:77,C*05:01:01:02,C*05:01,True,C
HLA07981_HLA00427,C*05:78,C*05:78,C*05:01:01:01,C*05:01,True,C
HLA07981_HLA03586,C*05:78,C*05:78,C*05:01:01:02,C*05:01,True,C
HLA08022_HLA00420,C*04:118,C*04:118,C*04:01:01:01,C*04:01,True,C
HLA08022_HLA01328,C*04:118,C*04:118,C*04:01:01:02,C*04:01,True,C
HLA08022_HLA03572,C*04:118,C*04:118,C*04:01:01:03,C*04:01,True,C
HLA08022_HLA08080,C*04:118,C*04:118,C*04:01:01:05,C*04:01,True,C
HLA08088_HLA00446,C*08:63,C*08:63,C*08:02:01,C*08:02,True,C
HLA08117_HLA00475,C*16:01:08,C*16:01,C*16:01:01,C*16:01,True,C
HLA08118_HLA00405,C*02:59,C*02:59,C*02:02:02,C*02:02,True,C
HLA08119_HLA00420,C*04:119,C*04:119,C*04:01:01:01,C*04:01,True,C
HLA08119_HLA01328,C*04:119,C*04:119,C*04:01:01:02,C*04:01,True,C
HLA08119_HLA03572,C*04:119,C*04:119,C*04:01:01:03,C*04:01,True,C
HLA08119_HLA08080,C*04:119,C*04:119,C*04:01:01:05,C*04:01,True,C
HLA08124_HLA00434,C*07:02:34,C*07:02,C*07:02:01:01,C*07:02,True,C
HLA08124_HLA01326,C*07:02:34,C*07:02,C*07:02:01:02,C*07:02,True,C
HLA08124_HLA01902,C*07:02:34,C*07:02,C*07:02:01:03,C*07:02,True,C
HLA08124_HLA07777,C*07:02:34,C*07:02,C*07:02:01:04,C*07:02,True,C
HLA08124_HLA07778,C*07:02:34,C*07:02,C*07:02:01:05,C*07:02,True,C
HLA08145_HLA00401,C*01:02:16,C*01:02,C*01:02:01,C*01:02,True,C
HLA08146_HLA00401,C*01:70,C*01:70,C*01:02:01,C*01:02,True,C
HLA08147_HLA00433,C*07:246,C*07:246,C*07:01:01:01,C*07:01,True,C
HLA08147_HLA07937,C*07:246,C*07:246,C*07:01:01:02,C*07:01,True,C
HLA08147_HLA00438,C*07:246,C*07:246,C*07:06,C*07:06,True,C
HLA08148_HLA00430,C*06:84,C*06:84,C*06:02:01:01,C*06:02,True,C
HLA08148_HLA02561,C*06:84,C*06:84,C*06:02:01:02,C*06:02,True,C
HLA08148_HLA05526,C*06:84,C*06:84,C*06:46N,C*06:46N,True,C
HLA08149_HLA00430,C*06:85,C*06:85,C*06:02:01:01,C*06:02,True,C
HLA08149_HLA02561,C*06:85,C*06:85,C*06:02:01:02,C*06:02,True,C
HLA08149_HLA05526,C*06:85,C*06:85,C*06:46N,C*06:46N,True,C
HLA08150_HLA00433,C*07:247,C*07:247,C*07:01:01:01,C*07:01,True,C
HLA08150_HLA07937,C*07:247,C*07:247,C*07:01:01:02,C*07:01,True,C
HLA08150_HLA00438,C*07:247,C*07:247,C*07:06,C*07:06,True,C
HLA08151_HLA00433,C*07:248,C*07:248,C*07:01:01:01,C*07:01,True,C
HLA08151_HLA07937,C*07:248,C*07:248,C*07:01:01:02,C*07:01,True,C
HLA08151_HLA00438,C*07:248,C*07:248,C*07:06,C*07:06,True,C
HLA08152_HLA00433,C*07:249,C*07:249,C*07:01:01:01,C*07:01,True,C
HLA08152_HLA07937,C*07:249,C*07:249,C*07:01:01:02,C*07:01,True,C
HLA08152_HLA00438,C*07:249,C*07:249,C*07:06,C*07:06,True,C
HLA08153_HLA00433,C*07:250,C*07:250,C*07:01:01:01,C*07:01,True,C
HLA08153_HLA07937,C*07:250,C*07:250,C*07:01:01:02,C*07:01,True,C
HLA08153_HLA00438,C*07:250,C*07:250,C*07:06,C*07:06,True,C
HLA08153_HLA01720,C*07:250,C*07:250,C*07:19,C*07:19,True,C
HLA08154_HLA00430,C*06:02:21,C*06:02,C*06:02:01:01,C*06:02,True,C
HLA08154_HLA02561,C*06:02:21,C*06:02,C*06:02:01:02,C*06:02,True,C
HLA08154_HLA05526,C*06:02:21,C*06:02,C*06:46N,C*06:46N,True,C
HLA08155_HLA00447,C*05:79,C*05:79,C*08:03:01,C*08:03,True,C
HLA08156_HLA00427,C*05:01:21,C*05:01,C*05:01:01:01,C*05:01,True,C
HLA08156_HLA03586,C*05:01:21,C*05:01,C*05:01:01:02,C*05:01,True,C
HLA08157_HLA00445,C*08:01:06,C*08:01,C*08:01:01,C*08:01,True,C
HLA08158_HLA00445,C*08:01:07,C*08:01,C*08:01:01,C*08:01,True,C
HLA08159_HLA00445,C*08:01:08,C*08:01,C*08:01:01,C*08:01,True,C
HLA08160_HLA00454,C*12:80N,C*12:80N,C*12:02:02,C*12:02,True,C
HLA08161_HLA00475,C*16:01:09,C*16:01,C*16:01:01,C*16:01,True,C
HLA08162_HLA00475,C*16:50,C*16:50,C*16:01:01,C*16:01,True,C
HLA08163_HLA00475,C*16:51,C*16:51,C*16:01:01,C*16:01,True,C
HLA08164_HLA00481,C*17:01:08,C*17:01,C*17:01:01:01,C*17:01,True,C
HLA08165_HLA00405,C*02:02:23,C*02:02,C*02:02:02,C*02:02,True,C
HLA08166_HLA00413,C*03:04:29,C*03:04,C*03:04:01:01,C*03:04,True,C
HLA08167_HLA00413,C*03:04:30,C*03:04,C*03:04:01:01,C*03:04,True,C
HLA08168_HLA00413,C*03:157,C*03:157,C*03:04:01:01,C*03:04,True,C
HLA08169_HLA02881,C*03:40:03,C*03:40,C*03:40:01,C*03:40,True,C
HLA08170_HLA00471,C*15:61,C*15:61,C*15:05:02,C*15:05,True,C
HLA08171_HLA00420,C*04:120,C*04:120,C*04:01:01:01,C*04:01,True,C
HLA08171_HLA01328,C*04:120,C*04:120,C*04:01:01:02,C*04:01,True,C
HLA08171_HLA03572,C*04:120,C*04:120,C*04:01:01:03,C*04:01,True,C
HLA08171_HLA08080,C*04:120,C*04:120,C*04:01:01:05,C*04:01,True,C
HLA08172_HLA00420,C*04:121,C*04:121,C*04:01:01:01,C*04:01,True,C
HLA08172_HLA01328,C*04:121,C*04:121,C*04:01:01:02,C*04:01,True,C
HLA08172_HLA03572,C*04:121,C*04:121,C*04:01:01:03,C*04:01,True,C
HLA08172_HLA08080,C*04:121,C*04:121,C*04:01:01:05,C*04:01,True,C
HLA08173_HLA00420,C*04:122,C*04:122,C*04:01:01:01,C*04:01,True,C
HLA08173_HLA01328,C*04:122,C*04:122,C*04:01:01:02,C*04:01,True,C
HLA08173_HLA03572,C*04:122,C*04:122,C*04:01:01:03,C*04:01,True,C
HLA08173_HLA08080,C*04:122,C*04:122,C*04:01:01:05,C*04:01,True,C
HLA08174_HLA00420,C*04:123N,C*04:123N,C*04:01:01:01,C*04:01,True,C
HLA08174_HLA01328,C*04:123N,C*04:123N,C*04:01:01:02,C*04:01,True,C
HLA08174_HLA03572,C*04:123N,C*04:123N,C*04:01:01:03,C*04:01,True,C
HLA08174_HLA08080,C*04:123N,C*04:123N,C*04:01:01:05,C*04:01,True,C
HLA08175_HLA00411,C*03:158,C*03:158,C*03:03:01,C*03:03,True,C
HLA08176_HLA00413,C*03:159,C*03:159,C*03:04:01:01,C*03:04,True,C
HLA08177_HLA00401,C*01:71,C*01:71,C*01:02:01,C*01:02,True,C
HLA08178_HLA00401,C*01:72,C*01:72,C*01:02:01,C*01:02,True,C
HLA08179_HLA00434,C*07:251,C*07:251,C*07:02:01:01,C*07:02,True,C
HLA08179_HLA01326,C*07:251,C*07:251,C*07:02:01:02,C*07:02,True,C
HLA08179_HLA01902,C*07:251,C*07:251,C*07:02:01:03,C*07:02,True,C
HLA08179_HLA07777,C*07:251,C*07:251,C*07:02:01:04,C*07:02,True,C
HLA08179_HLA07778,C*07:251,C*07:251,C*07:02:01:05,C*07:02,True,C
HLA08180_HLA00434,C*07:252,C*07:252,C*07:02:01:01,C*07:02,True,C
HLA08180_HLA01326,C*07:252,C*07:252,C*07:02:01:02,C*07:02,True,C
HLA08180_HLA01902,C*07:252,C*07:252,C*07:02:01:03,C*07:02,True,C
HLA08180_HLA07777,C*07:252,C*07:252,C*07:02:01:04,C*07:02,True,C
HLA08180_HLA07778,C*07:252,C*07:252,C*07:02:01:05,C*07:02,True,C
HLA08181_HLA00430,C*06:86,C*06:86,C*06:02:01:01,C*06:02,True,C
HLA08181_HLA02561,C*06:86,C*06:86,C*06:02:01:02,C*06:02,True,C
HLA08181_HLA05526,C*06:86,C*06:86,C*06:46N,C*06:46N,True,C
HLA08182_HLA00430,C*06:87,C*06:87,C*06:02:01:01,C*06:02,True,C
HLA08182_HLA02561,C*06:87,C*06:87,C*06:02:01:02,C*06:02,True,C
HLA08182_HLA05526,C*06:87,C*06:87,C*06:46N,C*06:46N,True,C
HLA08183_HLA00436,C*07:199:02,C*07:199,C*07:04:01,C*07:04,True,C
HLA08184_HLA00436,C*07:04:08,C*07:04,C*07:04:01,C*07:04,True,C
HLA08185_HLA00433,C*07:253,C*07:253,C*07:01:01:01,C*07:01,True,C
HLA08185_HLA07937,C*07:253,C*07:253,C*07:01:01:02,C*07:01,True,C
HLA08185_HLA00438,C*07:253,C*07:253,C*07:06,C*07:06,True,C
HLA08186_HLA00433,C*07:254,C*07:254,C*07:01:01:01,C*07:01,True,C
HLA08186_HLA07937,C*07:254,C*07:254,C*07:01:01:02,C*07:01,True,C
HLA08186_HLA00438,C*07:254,C*07:254,C*07:06,C*07:06,True,C
HLA08187_HLA00433,C*07:255,C*07:255,C*07:01:01:01,C*07:01,True,C
HLA08187_HLA07937,C*07:255,C*07:255,C*07:01:01:02,C*07:01,True,C
HLA08187_HLA00438,C*07:255,C*07:255,C*07:06,C*07:06,True,C
HLA08188_HLA00433,C*07:256,C*07:256,C*07:01:01:01,C*07:01,True,C
HLA08188_HLA07937,C*07:256,C*07:256,C*07:01:01:02,C*07:01,True,C
HLA08188_HLA00438,C*07:256,C*07:256,C*07:06,C*07:06,True,C
HLA08189_HLA00433,C*07:257,C*07:257,C*07:01:01:01,C*07:01,True,C
HLA08189_HLA07937,C*07:257,C*07:257,C*07:01:01:02,C*07:01,True,C
HLA08189_HLA00438,C*07:257,C*07:257,C*07:06,C*07:06,True,C
HLA08190_HLA00434,C*07:258,C*07:258,C*07:02:01:01,C*07:02,True,C
HLA08190_HLA01326,C*07:258,C*07:258,C*07:02:01:02,C*07:02,True,C
HLA08190_HLA01902,C*07:258,C*07:258,C*07:02:01:03,C*07:02,True,C
HLA08190_HLA07777,C*07:258,C*07:258,C*07:02:01:04,C*07:02,True,C
HLA08190_HLA07778,C*07:258,C*07:258,C*07:02:01:05,C*07:02,True,C
HLA08191_HLA00434,C*07:259,C*07:259,C*07:02:01:01,C*07:02,True,C
HLA08191_HLA01326,C*07:259,C*07:259,C*07:02:01:02,C*07:02,True,C
HLA08191_HLA01902,C*07:259,C*07:259,C*07:02:01:03,C*07:02,True,C
HLA08191_HLA07777,C*07:259,C*07:259,C*07:02:01:04,C*07:02,True,C
HLA08191_HLA07778,C*07:259,C*07:259,C*07:02:01:05,C*07:02,True,C
HLA08192_HLA00434,C*07:260,C*07:260,C*07:02:01:01,C*07:02,True,C
HLA08192_HLA01326,C*07:260,C*07:260,C*07:02:01:02,C*07:02,True,C
HLA08192_HLA01902,C*07:260,C*07:260,C*07:02:01:03,C*07:02,True,C
HLA08192_HLA07777,C*07:260,C*07:260,C*07:02:01:04,C*07:02,True,C
HLA08192_HLA07778,C*07:260,C*07:260,C*07:02:01:05,C*07:02,True,C
HLA08193_HLA00434,C*07:261,C*07:261,C*07:02:01:01,C*07:02,True,C
HLA08193_HLA01326,C*07:261,C*07:261,C*07:02:01:02,C*07:02,True,C
HLA08193_HLA01902,C*07:261,C*07:261,C*07:02:01:03,C*07:02,True,C
HLA08193_HLA07777,C*07:261,C*07:261,C*07:02:01:04,C*07:02,True,C
HLA08193_HLA07778,C*07:261,C*07:261,C*07:02:01:05,C*07:02,True,C
HLA08194_HLA00434,C*07:02:35,C*07:02,C*07:02:01:01,C*07:02,True,C
HLA08194_HLA01326,C*07:02:35,C*07:02,C*07:02:01:02,C*07:02,True,C
HLA08194_HLA01902,C*07:02:35,C*07:02,C*07:02:01:03,C*07:02,True,C
HLA08194_HLA07777,C*07:02:35,C*07:02,C*07:02:01:04,C*07:02,True,C
HLA08194_HLA07778,C*07:02:35,C*07:02,C*07:02:01:05,C*07:02,True,C
HLA08195_HLA00434,C*07:262,C*07:262,C*07:02:01:01,C*07:02,True,C
HLA08195_HLA01326,C*07:262,C*07:262,C*07:02:01:02,C*07:02,True,C
HLA08195_HLA01902,C*07:262,C*07:262,C*07:02:01:03,C*07:02,True,C
HLA08195_HLA07777,C*07:262,C*07:262,C*07:02:01:04,C*07:02,True,C
HLA08195_HLA07778,C*07:262,C*07:262,C*07:02:01:05,C*07:02,True,C
HLA08196_HLA00434,C*07:02:36,C*07:02,C*07:02:01:01,C*07:02,True,C
HLA08196_HLA01326,C*07:02:36,C*07:02,C*07:02:01:02,C*07:02,True,C
HLA08196_HLA01902,C*07:02:36,C*07:02,C*07:02:01:03,C*07:02,True,C
HLA08196_HLA07777,C*07:02:36,C*07:02,C*07:02:01:04,C*07:02,True,C
HLA08196_HLA07778,C*07:02:36,C*07:02,C*07:02:01:05,C*07:02,True,C
HLA08197_HLA00433,C*07:263,C*07:263,C*07:01:01:01,C*07:01,True,C
HLA08197_HLA07937,C*07:263,C*07:263,C*07:01:01:02,C*07:01,True,C
HLA08197_HLA00438,C*07:263,C*07:263,C*07:06,C*07:06,True,C
HLA08198_HLA00427,C*05:80,C*05:80,C*05:01:01:01,C*05:01,True,C
HLA08198_HLA03586,C*05:80,C*05:80,C*05:01:01:02,C*05:01,True,C
HLA08199_HLA00427,C*05:44:02,C*05:44,C*05:01:01:01,C*05:01,True,C
HLA08199_HLA03586,C*05:44:02,C*05:44,C*05:01:01:02,C*05:01,True,C
HLA08200_HLA00427,C*05:81,C*05:81,C*05:01:01:01,C*05:01,True,C
HLA08200_HLA03586,C*05:81,C*05:81,C*05:01:01:02,C*05:01,True,C
HLA08201_HLA00446,C*08:33:03,C*08:33,C*08:02:01,C*08:02,True,C
HLA08201_HLA03975,C*08:33:03,C*08:33,C*08:27,C*08:27,True,C
HLA08202_HLA00455,C*12:81,C*12:81,C*12:03:01:01,C*12:03,True,C
HLA08202_HLA02766,C*12:81,C*12:81,C*12:03:01:02,C*12:03,True,C
HLA08203_HLA00475,C*16:52,C*16:52,C*16:01:01,C*16:01,True,C
HLA08204_HLA00475,C*16:01:10,C*16:01,C*16:01:01,C*16:01,True,C
HLA08205_HLA00455,C*06:76:02,C*06:76,C*12:03:01:01,C*12:03,True,C
HLA08205_HLA02766,C*06:76:02,C*06:76,C*12:03:01:02,C*12:03,True,C
HLA08206_HLA00413,C*03:64:02,C*03:64,C*03:04:01:01,C*03:04,True,C
HLA08207_HLA00481,C*17:13,C*17:13,C*17:01:01:01,C*17:01,True,C
HLA08208_HLA00481,C*17:01:09,C*17:01,C*17:01:01:01,C*17:01,True,C
HLA08209_HLA00405,C*02:60,C*02:60,C*02:02:02,C*02:02,True,C
HLA08210_HLA00405,C*02:02:24,C*02:02,C*02:02:02,C*02:02,True,C
HLA08211_HLA00405,C*02:61,C*02:61,C*02:02:02,C*02:02,True,C
HLA08212_HLA00405,C*02:62,C*02:62,C*02:02:02,C*02:02,True,C
HLA08213_HLA00405,C*02:63,C*02:63,C*02:02:02,C*02:02,True,C
HLA08214_HLA00411,C*03:160,C*03:160,C*03:03:01,C*03:03,True,C
HLA08215_HLA00411,C*03:161,C*03:161,C*03:03:01,C*03:03,True,C
HLA08216_HLA00413,C*03:162,C*03:162,C*03:04:01:01,C*03:04,True,C
HLA08217_HLA00413,C*03:163,C*03:163,C*03:04:01:01,C*03:04,True,C
HLA08218_HLA00455,C*12:82,C*12:82,C*12:03:01:01,C*12:03,True,C
HLA08218_HLA02766,C*12:82,C*12:82,C*12:03:01:02,C*12:03,True,C
HLA08219_HLA00462,C*14:42,C*14:42,C*14:02:01,C*14:02,True,C
HLA08220_HLA00462,C*14:43,C*14:43,C*14:02:01,C*14:02,True,C
HLA08221_HLA00420,C*04:124,C*04:124,C*04:01:01:01,C*04:01,True,C
HLA08221_HLA01328,C*04:124,C*04:124,C*04:01:01:02,C*04:01,True,C
HLA08221_HLA03572,C*04:124,C*04:124,C*04:01:01:03,C*04:01,True,C
HLA08221_HLA08080,C*04:124,C*04:124,C*04:01:01:05,C*04:01,True,C
HLA08222_HLA00420,C*04:125,C*04:125,C*04:01:01:01,C*04:01,True,C
HLA08222_HLA01328,C*04:125,C*04:125,C*04:01:01:02,C*04:01,True,C
HLA08222_HLA03572,C*04:125,C*04:125,C*04:01:01:03,C*04:01,True,C
HLA08222_HLA08080,C*04:125,C*04:125,C*04:01:01:05,C*04:01,True,C
HLA08223_HLA00420,C*04:64:02,C*04:64,C*04:01:01:01,C*04:01,True,C
HLA08223_HLA01328,C*04:64:02,C*04:64,C*04:01:01:02,C*04:01,True,C
HLA08223_HLA03572,C*04:64:02,C*04:64,C*04:01:01:03,C*04:01,True,C
HLA08223_HLA08080,C*04:64:02,C*04:64,C*04:01:01:05,C*04:01,True,C
HLA08224_HLA00420,C*04:126,C*04:126,C*04:01:01:01,C*04:01,True,C
HLA08224_HLA01328,C*04:126,C*04:126,C*04:01:01:02,C*04:01,True,C
HLA08224_HLA03572,C*04:126,C*04:126,C*04:01:01:03,C*04:01,True,C
HLA08224_HLA08080,C*04:126,C*04:126,C*04:01:01:05,C*04:01,True,C
HLA08225_HLA00420,C*04:01:40,C*04:01,C*04:01:01:01,C*04:01,True,C
HLA08225_HLA01328,C*04:01:40,C*04:01,C*04:01:01:02,C*04:01,True,C
HLA08225_HLA03572,C*04:01:40,C*04:01,C*04:01:01:03,C*04:01,True,C
HLA08225_HLA08080,C*04:01:40,C*04:01,C*04:01:01:05,C*04:01,True,C
HLA08226_HLA00420,C*04:01:41,C*04:01,C*04:01:01:01,C*04:01,True,C
HLA08226_HLA01328,C*04:01:41,C*04:01,C*04:01:01:02,C*04:01,True,C
HLA08226_HLA03572,C*04:01:41,C*04:01,C*04:01:01:03,C*04:01,True,C
HLA08226_HLA08080,C*04:01:41,C*04:01,C*04:01:01:05,C*04:01,True,C
HLA08227_HLA00420,C*04:127,C*04:127,C*04:01:01:01,C*04:01,True,C
HLA08227_HLA01328,C*04:127,C*04:127,C*04:01:01:02,C*04:01,True,C
HLA08227_HLA03572,C*04:127,C*04:127,C*04:01:01:03,C*04:01,True,C
HLA08227_HLA08080,C*04:127,C*04:127,C*04:01:01:05,C*04:01,True,C
HLA08304_HLA00462,C*14:44,C*14:44,C*14:02:01,C*14:02,True,C
HLA08307_HLA00401,C*01:73,C*01:73,C*01:02:01,C*01:02,True,C
HLA08399_HLA00454,C*12:83,C*12:83,C*12:02:02,C*12:02,True,C
HLA08400_HLA00445,C*08:65,C*08:65,C*08:01:01,C*08:01,True,C
HLA08402_HLA00434,C*07:264N,C*07:264N,C*07:02:01:01,C*07:02,True,C
HLA08402_HLA01326,C*07:264N,C*07:264N,C*07:02:01:02,C*07:02,True,C
HLA08402_HLA01902,C*07:264N,C*07:264N,C*07:02:01:03,C*07:02,True,C
HLA08402_HLA07777,C*07:264N,C*07:264N,C*07:02:01:04,C*07:02,True,C
HLA08402_HLA07778,C*07:264N,C*07:264N,C*07:02:01:05,C*07:02,True,C
HLA08418_HLA00434,C*07:265,C*07:265,C*07:02:01:01,C*07:02,True,C
HLA08418_HLA01326,C*07:265,C*07:265,C*07:02:01:02,C*07:02,True,C
HLA08418_HLA01902,C*07:265,C*07:265,C*07:02:01:03,C*07:02,True,C
HLA08418_HLA07777,C*07:265,C*07:265,C*07:02:01:04,C*07:02,True,C
HLA08418_HLA07778,C*07:265,C*07:265,C*07:02:01:05,C*07:02,True,C
HLA08419_HLA00413,C*03:164,C*03:164,C*03:04:01:01,C*03:04,True,C
HLA08421_HLA00454,C*12:84N,C*12:84N,C*12:02:02,C*12:02,True,C
HLA08426_HLA00454,C*12:85,C*12:85,C*12:02:02,C*12:02,True,C
HLA08427_HLA00448,C*08:66,C*08:66,C*08:04:01,C*08:04,True,C
HLA08428_HLA00462,C*14:45,C*14:45,C*14:02:01,C*14:02,True,C
HLA08440_HLA00401,C*01:02:17,C*01:02,C*01:02:01,C*01:02,True,C
HLA08441_HLA00420,C*04:129,C*04:129,C*04:01:01:01,C*04:01,True,C
HLA08441_HLA01328,C*04:129,C*04:129,C*04:01:01:02,C*04:01,True,C
HLA08441_HLA03572,C*04:129,C*04:129,C*04:01:01:03,C*04:01,True,C
HLA08441_HLA08080,C*04:129,C*04:129,C*04:01:01:05,C*04:01,True,C
HLA08442_HLA00433,C*07:01:28,C*07:01,C*07:01:01:01,C*07:01,True,C
HLA08442_HLA07937,C*07:01:28,C*07:01,C*07:01:01:02,C*07:01,True,C
HLA08442_HLA00438,C*07:01:28,C*07:01,C*07:06,C*07:06,True,C
HLA08473_HLA00430,C*06:53:02,C*06:53,C*06:02:01:01,C*06:02,True,C
HLA08473_HLA02561,C*06:53:02,C*06:53,C*06:02:01:02,C*06:02,True,C
HLA08473_HLA05526,C*06:53:02,C*06:53,C*06:46N,C*06:46N,True,C
HLA08474_HLA00433,C*07:266,C*07:266,C*07:01:01:01,C*07:01,True,C
HLA08474_HLA07937,C*07:266,C*07:266,C*07:01:01:02,C*07:01,True,C
HLA08474_HLA00438,C*07:266,C*07:266,C*07:06,C*07:06,True,C
HLA08475_HLA00427,C*05:01:22,C*05:01,C*05:01:01:01,C*05:01,True,C
HLA08475_HLA03586,C*05:01:22,C*05:01,C*05:01:01:02,C*05:01,True,C
HLA08476_HLA00471,C*15:05:07,C*15:05,C*15:05:02,C*15:05,True,C
HLA08477_HLA00411,C*03:165,C*03:165,C*03:03:01,C*03:03,True,C
HLA08478_HLA00433,C*07:267,C*07:267,C*07:01:01:01,C*07:01,True,C
HLA08478_HLA07937,C*07:267,C*07:267,C*07:01:01:02,C*07:01,True,C
HLA08478_HLA00438,C*07:267,C*07:267,C*07:06,C*07:06,True,C
HLA08526_HLA00433,C*07:268,C*07:268,C*07:01:01:01,C*07:01,True,C
HLA08526_HLA07937,C*07:268,C*07:268,C*07:01:01:02,C*07:01,True,C
HLA08526_HLA00438,C*07:268,C*07:268,C*07:06,C*07:06,True,C
HLA08527_HLA00433,C*07:269,C*07:269,C*07:01:01:01,C*07:01,True,C
HLA08527_HLA07937,C*07:269,C*07:269,C*07:01:01:02,C*07:01,True,C
HLA08527_HLA00438,C*07:269,C*07:269,C*07:06,C*07:06,True,C
HLA08528_HLA00434,C*07:270,C*07:270,C*07:02:01:01,C*07:02,True,C
HLA08528_HLA01326,C*07:270,C*07:270,C*07:02:01:02,C*07:02,True,C
HLA08528_HLA01902,C*07:270,C*07:270,C*07:02:01:03,C*07:02,True,C
HLA08528_HLA07777,C*07:270,C*07:270,C*07:02:01:04,C*07:02,True,C
HLA08528_HLA07778,C*07:270,C*07:270,C*07:02:01:05,C*07:02,True,C
HLA08529_HLA00433,C*07:31:02,C*07:31,C*07:01:01:01,C*07:01,True,C
HLA08529_HLA07937,C*07:31:02,C*07:31,C*07:01:01:02,C*07:01,True,C
HLA08529_HLA00434,C*07:31:02,C*07:31,C*07:02:01:01,C*07:02,True,C
HLA08529_HLA01326,C*07:31:02,C*07:31,C*07:02:01:02,C*07:02,True,C
HLA08529_HLA01902,C*07:31:02,C*07:31,C*07:02:01:03,C*07:02,True,C
HLA08529_HLA07777,C*07:31:02,C*07:31,C*07:02:01:04,C*07:02,True,C
HLA08529_HLA07778,C*07:31:02,C*07:31,C*07:02:01:05,C*07:02,True,C
HLA08529_HLA00438,C*07:31:02,C*07:31,C*07:06,C*07:06,True,C
HLA08530_HLA00413,C*03:166,C*03:166,C*03:04:01:01,C*03:04,True,C
HLA08531_HLA00481,C*17:14,C*17:14,C*17:01:01:01,C*17:01,True,C
HLA08532_HLA00427,C*05:01:23,C*05:01,C*05:01:01:01,C*05:01,True,C
HLA08532_HLA03586,C*05:01:23,C*05:01,C*05:01:01:02,C*05:01,True,C
HLA08533_HLA00405,C*02:64,C*02:64,C*02:02:02,C*02:02,True,C
HLA08534_HLA00467,C*15:62,C*15:62,C*15:02:01,C*15:02,True,C
HLA08535_HLA00455,C*12:03:23,C*12:03,C*12:03:01:01,C*12:03,True,C
HLA08535_HLA02766,C*12:03:23,C*12:03,C*12:03:01:02,C*12:03,True,C
HLA08536_HLA00413,C*03:37:02,C*03:37,C*03:04:01:01,C*03:04,True,C
HLA08537_HLA00415,C*03:167,C*03:167,C*03:05,C*03:05,True,C
HLA08538_HLA00411,C*03:168,C*03:168,C*03:03:01,C*03:03,True,C
HLA08539_HLA00414,C*03:04:31,C*03:04,C*03:04:02,C*03:04,True,C
HLA08540_HLA00410,C*03:169Q,C*03:169Q,C*03:02:01,C*03:02,True,C
HLA08540_HLA05731,C*03:169Q,C*03:169Q,C*03:02:02:02,C*03:02,True,C
HLA08541_HLA00462,C*14:46,C*14:46,C*14:02:01,C*14:02,True,C
HLA08542_HLA00420,C*04:130,C*04:130,C*04:01:01:01,C*04:01,True,C
HLA08542_HLA01328,C*04:130,C*04:130,C*04:01:01:02,C*04:01,True,C
HLA08542_HLA03572,C*04:130,C*04:130,C*04:01:01:03,C*04:01,True,C
HLA08542_HLA08080,C*04:130,C*04:130,C*04:01:01:05,C*04:01,True,C
HLA08543_HLA00420,C*04:131,C*04:131,C*04:01:01:01,C*04:01,True,C
HLA08543_HLA01328,C*04:131,C*04:131,C*04:01:01:02,C*04:01,True,C
HLA08543_HLA03572,C*04:131,C*04:131,C*04:01:01:03,C*04:01,True,C
HLA08543_HLA08080,C*04:131,C*04:131,C*04:01:01:05,C*04:01,True,C
HLA08544_HLA00420,C*04:132,C*04:132,C*04:01:01:01,C*04:01,True,C
HLA08544_HLA01328,C*04:132,C*04:132,C*04:01:01:02,C*04:01,True,C
HLA08544_HLA03572,C*04:132,C*04:132,C*04:01:01:03,C*04:01,True,C
HLA08544_HLA08080,C*04:132,C*04:132,C*04:01:01:05,C*04:01,True,C
HLA08545_HLA00413,C*03:170,C*03:170,C*03:04:01:01,C*03:04,True,C
HLA08688_HLA00434,C*07:271,C*07:271,C*07:02:01:01,C*07:02,True,C
HLA08688_HLA01326,C*07:271,C*07:271,C*07:02:01:02,C*07:02,True,C
HLA08688_HLA01902,C*07:271,C*07:271,C*07:02:01:03,C*07:02,True,C
HLA08688_HLA07777,C*07:271,C*07:271,C*07:02:01:04,C*07:02,True,C
HLA08688_HLA07778,C*07:271,C*07:271,C*07:02:01:05,C*07:02,True,C
HLA08689_HLA00436,C*07:272,C*07:272,C*07:04:01,C*07:04,True,C
HLA08690_HLA00483,C*18:06,C*18:06,C*18:01,C*18:01,True,C
HLA08691_HLA00434,C*07:273,C*07:273,C*07:02:01:01,C*07:02,True,C
HLA08691_HLA01326,C*07:273,C*07:273,C*07:02:01:02,C*07:02,True,C
HLA08691_HLA01902,C*07:273,C*07:273,C*07:02:01:03,C*07:02,True,C
HLA08691_HLA07777,C*07:273,C*07:273,C*07:02:01:04,C*07:02,True,C
HLA08691_HLA07778,C*07:273,C*07:273,C*07:02:01:05,C*07:02,True,C
HLA08692_HLA00434,C*07:274,C*07:274,C*07:02:01:01,C*07:02,True,C
HLA08692_HLA01326,C*07:274,C*07:274,C*07:02:01:02,C*07:02,True,C
HLA08692_HLA01902,C*07:274,C*07:274,C*07:02:01:03,C*07:02,True,C
HLA08692_HLA07777,C*07:274,C*07:274,C*07:02:01:04,C*07:02,True,C
HLA08692_HLA07778,C*07:274,C*07:274,C*07:02:01:05,C*07:02,True,C
HLA08693_HLA00430,C*06:88,C*06:88,C*06:02:01:01,C*06:02,True,C
HLA08693_HLA02561,C*06:88,C*06:88,C*06:02:01:02,C*06:02,True,C
HLA08693_HLA05526,C*06:88,C*06:88,C*06:46N,C*06:46N,True,C
HLA08694_HLA00467,C*15:63,C*15:63,C*15:02:01,C*15:02,True,C
HLA08695_HLA00430,C*06:89,C*06:89,C*06:02:01:01,C*06:02,True,C
HLA08695_HLA02561,C*06:89,C*06:89,C*06:02:01:02,C*06:02,True,C
HLA08695_HLA05526,C*06:89,C*06:89,C*06:46N,C*06:46N,True,C
HLA08696_HLA00430,C*06:90,C*06:90,C*06:02:01:01,C*06:02,True,C
HLA08696_HLA02561,C*06:90,C*06:90,C*06:02:01:02,C*06:02,True,C
HLA08696_HLA05526,C*06:90,C*06:90,C*06:46N,C*06:46N,True,C
HLA08697_HLA00430,C*06:91,C*06:91,C*06:02:01:01,C*06:02,True,C
HLA08697_HLA02561,C*06:91,C*06:91,C*06:02:01:02,C*06:02,True,C
HLA08697_HLA05526,C*06:91,C*06:91,C*06:46N,C*06:46N,True,C
HLA08698_HLA00430,C*06:02:22,C*06:02,C*06:02:01:01,C*06:02,True,C
HLA08698_HLA02561,C*06:02:22,C*06:02,C*06:02:01:02,C*06:02,True,C
HLA08698_HLA05526,C*06:02:22,C*06:02,C*06:46N,C*06:46N,True,C
HLA08699_HLA00430,C*06:02:23,C*06:02,C*06:02:01:01,C*06:02,True,C
HLA08699_HLA02561,C*06:02:23,C*06:02,C*06:02:01:02,C*06:02,True,C
HLA08699_HLA05526,C*06:02:23,C*06:02,C*06:46N,C*06:46N,True,C
HLA08700_HLA00430,C*06:92,C*06:92,C*06:02:01:01,C*06:02,True,C
HLA08700_HLA02561,C*06:92,C*06:92,C*06:02:01:02,C*06:02,True,C
HLA08700_HLA05526,C*06:92,C*06:92,C*06:46N,C*06:46N,True,C
HLA08701_HLA00430,C*06:93,C*06:93,C*06:02:01:01,C*06:02,True,C
HLA08701_HLA02561,C*06:93,C*06:93,C*06:02:01:02,C*06:02,True,C
HLA08702_HLA00430,C*06:02:24,C*06:02,C*06:02:01:01,C*06:02,True,C
HLA08702_HLA02561,C*06:02:24,C*06:02,C*06:02:01:02,C*06:02,True,C
HLA08702_HLA05526,C*06:02:24,C*06:02,C*06:46N,C*06:46N,True,C
HLA08703_HLA00434,C*07:275,C*07:275,C*07:02:01:01,C*07:02,True,C
HLA08703_HLA01326,C*07:275,C*07:275,C*07:02:01:02,C*07:02,True,C
HLA08703_HLA01902,C*07:275,C*07:275,C*07:02:01:03,C*07:02,True,C
HLA08703_HLA07777,C*07:275,C*07:275,C*07:02:01:04,C*07:02,True,C
HLA08703_HLA07778,C*07:275,C*07:275,C*07:02:01:05,C*07:02,True,C
HLA08704_HLA00433,C*07:276,C*07:276,C*07:01:01:01,C*07:01,True,C
HLA08704_HLA07937,C*07:276,C*07:276,C*07:01:01:02,C*07:01,True,C
HLA08704_HLA00438,C*07:276,C*07:276,C*07:06,C*07:06,True,C
HLA08705_HLA00433,C*07:277,C*07:277,C*07:01:01:01,C*07:01,True,C
HLA08705_HLA07937,C*07:277,C*07:277,C*07:01:01:02,C*07:01,True,C
HLA08705_HLA00438,C*07:277,C*07:277,C*07:06,C*07:06,True,C
HLA08706_HLA00433,C*07:278,C*07:278,C*07:01:01:01,C*07:01,True,C
HLA08706_HLA07937,C*07:278,C*07:278,C*07:01:01:02,C*07:01,True,C
HLA08706_HLA00438,C*07:278,C*07:278,C*07:06,C*07:06,True,C
HLA08707_HLA00433,C*07:279,C*07:279,C*07:01:01:01,C*07:01,True,C
HLA08707_HLA07937,C*07:279,C*07:279,C*07:01:01:02,C*07:01,True,C
HLA08707_HLA00438,C*07:279,C*07:279,C*07:06,C*07:06,True,C
HLA08708_HLA00433,C*07:280,C*07:280,C*07:01:01:01,C*07:01,True,C
HLA08708_HLA07937,C*07:280,C*07:280,C*07:01:01:02,C*07:01,True,C
HLA08708_HLA00438,C*07:280,C*07:280,C*07:06,C*07:06,True,C
HLA08709_HLA00433,C*07:01:29,C*07:01,C*07:01:01:01,C*07:01,True,C
HLA08709_HLA07937,C*07:01:29,C*07:01,C*07:01:01:02,C*07:01,True,C
HLA08709_HLA00438,C*07:01:29,C*07:01,C*07:06,C*07:06,True,C
HLA08710_HLA00433,C*07:281,C*07:281,C*07:01:01:01,C*07:01,True,C
HLA08710_HLA07937,C*07:281,C*07:281,C*07:01:01:02,C*07:01,True,C
HLA08710_HLA00438,C*07:281,C*07:281,C*07:06,C*07:06,True,C
HLA08711_HLA00433,C*07:01:30,C*07:01,C*07:01:01:01,C*07:01,True,C
HLA08711_HLA07937,C*07:01:30,C*07:01,C*07:01:01:02,C*07:01,True,C
HLA08711_HLA00438,C*07:01:30,C*07:01,C*07:06,C*07:06,True,C
HLA08712_HLA00433,C*07:282,C*07:282,C*07:01:01:01,C*07:01,True,C
HLA08712_HLA07937,C*07:282,C*07:282,C*07:01:01:02,C*07:01,True,C
HLA08712_HLA00438,C*07:282,C*07:282,C*07:06,C*07:06,True,C
HLA08713_HLA00433,C*07:01:31,C*07:01,C*07:01:01:01,C*07:01,True,C
HLA08713_HLA07937,C*07:01:31,C*07:01,C*07:01:01:02,C*07:01,True,C
HLA08713_HLA00438,C*07:01:31,C*07:01,C*07:06,C*07:06,True,C
HLA08714_HLA00434,C*07:283,C*07:283,C*07:02:01:01,C*07:02,True,C
HLA08714_HLA01326,C*07:283,C*07:283,C*07:02:01:02,C*07:02,True,C
HLA08714_HLA01902,C*07:283,C*07:283,C*07:02:01:03,C*07:02,True,C
HLA08714_HLA07777,C*07:283,C*07:283,C*07:02:01:04,C*07:02,True,C
HLA08714_HLA07778,C*07:283,C*07:283,C*07:02:01:05,C*07:02,True,C
HLA08715_HLA00434,C*07:284,C*07:284,C*07:02:01:01,C*07:02,True,C
HLA08715_HLA01326,C*07:284,C*07:284,C*07:02:01:02,C*07:02,True,C
HLA08715_HLA01902,C*07:284,C*07:284,C*07:02:01:03,C*07:02,True,C
HLA08715_HLA07777,C*07:284,C*07:284,C*07:02:01:04,C*07:02,True,C
HLA08715_HLA07778,C*07:284,C*07:284,C*07:02:01:05,C*07:02,True,C
HLA08716_HLA00434,C*07:285,C*07:285,C*07:02:01:01,C*07:02,True,C
HLA08716_HLA01326,C*07:285,C*07:285,C*07:02:01:02,C*07:02,True,C
HLA08716_HLA01902,C*07:285,C*07:285,C*07:02:01:03,C*07:02,True,C
HLA08716_HLA07777,C*07:285,C*07:285,C*07:02:01:04,C*07:02,True,C
HLA08716_HLA07778,C*07:285,C*07:285,C*07:02:01:05,C*07:02,True,C
HLA08717_HLA00434,C*07:286,C*07:286,C*07:02:01:01,C*07:02,True,C
HLA08717_HLA01326,C*07:286,C*07:286,C*07:02:01:02,C*07:02,True,C
HLA08717_HLA01902,C*07:286,C*07:286,C*07:02:01:03,C*07:02,True,C
HLA08717_HLA07777,C*07:286,C*07:286,C*07:02:01:04,C*07:02,True,C
HLA08717_HLA07778,C*07:286,C*07:286,C*07:02:01:05,C*07:02,True,C
HLA08718_HLA00434,C*07:287,C*07:287,C*07:02:01:01,C*07:02,True,C
HLA08718_HLA01326,C*07:287,C*07:287,C*07:02:01:02,C*07:02,True,C
HLA08718_HLA01902,C*07:287,C*07:287,C*07:02:01:03,C*07:02,True,C
HLA08718_HLA07777,C*07:287,C*07:287,C*07:02:01:04,C*07:02,True,C
HLA08718_HLA07778,C*07:287,C*07:287,C*07:02:01:05,C*07:02,True,C
HLA08719_HLA00434,C*07:288,C*07:288,C*07:02:01:01,C*07:02,True,C
HLA08719_HLA01326,C*07:288,C*07:288,C*07:02:01:02,C*07:02,True,C
HLA08719_HLA01902,C*07:288,C*07:288,C*07:02:01:03,C*07:02,True,C
HLA08719_HLA07777,C*07:288,C*07:288,C*07:02:01:04,C*07:02,True,C
HLA08719_HLA07778,C*07:288,C*07:288,C*07:02:01:05,C*07:02,True,C
HLA08720_HLA00434,C*07:17:02,C*07:17,C*07:02:01:01,C*07:02,True,C
HLA08720_HLA01326,C*07:17:02,C*07:17,C*07:02:01:02,C*07:02,True,C
HLA08720_HLA01902,C*07:17:02,C*07:17,C*07:02:01:03,C*07:02,True,C
HLA08720_HLA07777,C*07:17:02,C*07:17,C*07:02:01:04,C*07:02,True,C
HLA08720_HLA07778,C*07:17:02,C*07:17,C*07:02:01:05,C*07:02,True,C
HLA08721_HLA00434,C*07:02:37,C*07:02,C*07:02:01:01,C*07:02,True,C
HLA08721_HLA01326,C*07:02:37,C*07:02,C*07:02:01:02,C*07:02,True,C
HLA08721_HLA01902,C*07:02:37,C*07:02,C*07:02:01:03,C*07:02,True,C
HLA08721_HLA07777,C*07:02:37,C*07:02,C*07:02:01:04,C*07:02,True,C
HLA08721_HLA07778,C*07:02:37,C*07:02,C*07:02:01:05,C*07:02,True,C
HLA08722_HLA00434,C*07:02:38,C*07:02,C*07:02:01:01,C*07:02,True,C
HLA08722_HLA01326,C*07:02:38,C*07:02,C*07:02:01:02,C*07:02,True,C
HLA08722_HLA01902,C*07:02:38,C*07:02,C*07:02:01:03,C*07:02,True,C
HLA08722_HLA07777,C*07:02:38,C*07:02,C*07:02:01:04,C*07:02,True,C
HLA08722_HLA07778,C*07:02:38,C*07:02,C*07:02:01:05,C*07:02,True,C
HLA08723_HLA00434,C*07:289,C*07:289,C*07:02:01:01,C*07:02,True,C
HLA08723_HLA01326,C*07:289,C*07:289,C*07:02:01:02,C*07:02,True,C
HLA08723_HLA01902,C*07:289,C*07:289,C*07:02:01:03,C*07:02,True,C
HLA08723_HLA07777,C*07:289,C*07:289,C*07:02:01:04,C*07:02,True,C
HLA08723_HLA07778,C*07:289,C*07:289,C*07:02:01:05,C*07:02,True,C
HLA08724_HLA00434,C*07:290,C*07:290,C*07:02:01:01,C*07:02,True,C
HLA08724_HLA01326,C*07:290,C*07:290,C*07:02:01:02,C*07:02,True,C
HLA08724_HLA01902,C*07:290,C*07:290,C*07:02:01:03,C*07:02,True,C
HLA08724_HLA07777,C*07:290,C*07:290,C*07:02:01:04,C*07:02,True,C
HLA08724_HLA07778,C*07:290,C*07:290,C*07:02:01:05,C*07:02,True,C
HLA08725_HLA00434,C*07:291,C*07:291,C*07:02:01:01,C*07:02,True,C
HLA08725_HLA01326,C*07:291,C*07:291,C*07:02:01:02,C*07:02,True,C
HLA08725_HLA01902,C*07:291,C*07:291,C*07:02:01:03,C*07:02,True,C
HLA08725_HLA07777,C*07:291,C*07:291,C*07:02:01:04,C*07:02,True,C
HLA08725_HLA07778,C*07:291,C*07:291,C*07:02:01:05,C*07:02,True,C
HLA08726_HLA00433,C*07:292,C*07:292,C*07:01:01:01,C*07:01,True,C
HLA08726_HLA07937,C*07:292,C*07:292,C*07:01:01:02,C*07:01,True,C
HLA08726_HLA00438,C*07:292,C*07:292,C*07:06,C*07:06,True,C
HLA08727_HLA00434,C*07:02:39,C*07:02,C*07:02:01:01,C*07:02,True,C
HLA08727_HLA01326,C*07:02:39,C*07:02,C*07:02:01:02,C*07:02,True,C
HLA08727_HLA01902,C*07:02:39,C*07:02,C*07:02:01:03,C*07:02,True,C
HLA08727_HLA07777,C*07:02:39,C*07:02,C*07:02:01:04,C*07:02,True,C
HLA08727_HLA07778,C*07:02:39,C*07:02,C*07:02:01:05,C*07:02,True,C
HLA08728_HLA00446,C*08:67,C*08:67,C*08:02:01,C*08:02,True,C
HLA08729_HLA00446,C*08:68,C*08:68,C*08:02:01,C*08:02,True,C
HLA08730_HLA00427,C*05:01:24,C*05:01,C*05:01:01:01,C*05:01,True,C
HLA08730_HLA03586,C*05:01:24,C*05:01,C*05:01:01:02,C*05:01,True,C
HLA08731_HLA00446,C*08:69,C*08:69,C*08:02:01,C*08:02,True,C
HLA08732_HLA00427,C*05:01:25,C*05:01,C*05:01:01:01,C*05:01,True,C
HLA08732_HLA03586,C*05:01:25,C*05:01,C*05:01:01:02,C*05:01,True,C
HLA08733_HLA00427,C*05:82,C*05:82,C*05:01:01:01,C*05:01,True,C
HLA08733_HLA03586,C*05:82,C*05:82,C*05:01:01:02,C*05:01,True,C
HLA08734_HLA00427,C*05:83,C*05:83,C*05:01:01:01,C*05:01,True,C
HLA08734_HLA03586,C*05:83,C*05:83,C*05:01:01:02,C*05:01,True,C
HLA08735_HLA00427,C*05:84,C*05:84,C*05:01:01:01,C*05:01,True,C
HLA08735_HLA03586,C*05:84,C*05:84,C*05:01:01:02,C*05:01,True,C
HLA08736_HLA00427,C*05:04:02,C*05:04,C*05:01:01:01,C*05:01,True,C
HLA08736_HLA03586,C*05:04:02,C*05:04,C*05:01:01:02,C*05:01,True,C
HLA08737_HLA00427,C*05:85,C*05:85,C*05:01:01:01,C*05:01,True,C
HLA08737_HLA03586,C*05:85,C*05:85,C*05:01:01:02,C*05:01,True,C
HLA08738_HLA00446,C*08:70Q,C*08:70Q,C*08:02:01,C*08:02,True,C
HLA08739_HLA00446,C*08:71,C*08:71,C*08:02:01,C*08:02,True,C
HLA08740_HLA00448,C*08:04:03,C*08:04,C*08:04:01,C*08:04,True,C
HLA08741_HLA00445,C*08:72:01,C*08:72,C*08:01:01,C*08:01,True,C
HLA08742_HLA00455,C*12:03:24,C*12:03,C*12:03:01:01,C*12:03,True,C
HLA08742_HLA02766,C*12:03:24,C*12:03,C*12:03:01:02,C*12:03,True,C
HLA08743_HLA00475,C*16:01:11,C*16:01,C*16:01:01,C*16:01,True,C
HLA08744_HLA00454,C*12:86,C*12:86,C*12:02:02,C*12:02,True,C
HLA08745_HLA00455,C*12:87,C*12:87,C*12:03:01:01,C*12:03,True,C
HLA08745_HLA02766,C*12:87,C*12:87,C*12:03:01:02,C*12:03,True,C
HLA08746_HLA00455,C*12:88,C*12:88,C*12:03:01:01,C*12:03,True,C
HLA08746_HLA02766,C*12:88,C*12:88,C*12:03:01:02,C*12:03,True,C
HLA08747_HLA00455,C*12:89,C*12:89,C*12:03:01:01,C*12:03,True,C
HLA08747_HLA02766,C*12:89,C*12:89,C*12:03:01:02,C*12:03,True,C
HLA08748_HLA00455,C*12:90,C*12:90,C*12:03:01:01,C*12:03,True,C
HLA08748_HLA02766,C*12:90,C*12:90,C*12:03:01:02,C*12:03,True,C
HLA08749_HLA00427,C*05:29:02,C*05:29,C*05:01:01:01,C*05:01,True,C
HLA08749_HLA03586,C*05:29:02,C*05:29,C*05:01:01:02,C*05:01,True,C
HLA08750_HLA00481,C*17:15,C*17:15,C*17:01:01:01,C*17:01,True,C
HLA08751_HLA00455,C*12:91,C*12:91,C*12:03:01:01,C*12:03,True,C
HLA08751_HLA02766,C*12:91,C*12:91,C*12:03:01:02,C*12:03,True,C
HLA08752_HLA00455,C*12:03:25,C*12:03,C*12:03:01:01,C*12:03,True,C
HLA08752_HLA02766,C*12:03:25,C*12:03,C*12:03:01:02,C*12:03,True,C
HLA08753_HLA00446,C*08:02:08,C*08:02,C*08:02:01,C*08:02,True,C
HLA08754_HLA00405,C*02:02:25,C*02:02,C*02:02:02,C*02:02,True,C
HLA08755_HLA00405,C*02:65,C*02:65,C*02:02:02,C*02:02,True,C
HLA08756_HLA00405,C*02:66,C*02:66,C*02:02:02,C*02:02,True,C
HLA08757_HLA00467,C*15:02:11,C*15:02,C*15:02:01,C*15:02,True,C
HLA08758_HLA00467,C*15:02:12,C*15:02,C*15:02:01,C*15:02,True,C
HLA08759_HLA00467,C*15:02:13,C*15:02,C*15:02:01,C*15:02,True,C
HLA08760_HLA00467,C*15:02:14,C*15:02,C*15:02:01,C*15:02,True,C
HLA08761_HLA00467,C*15:64,C*15:64,C*15:02:01,C*15:02,True,C
HLA08762_HLA01889,C*07:96:02,C*07:96,C*07:26,C*07:26,True,C
HLA08763_HLA00467,C*15:02:15,C*15:02,C*15:02:01,C*15:02,True,C
HLA08764_HLA00413,C*03:172,C*03:172,C*03:04:01:01,C*03:04,True,C
HLA08765_HLA00413,C*03:04:32,C*03:04,C*03:04:01:01,C*03:04,True,C
HLA08766_HLA00413,C*03:173,C*03:173,C*03:04:01:01,C*03:04,True,C
HLA08767_HLA00413,C*03:174,C*03:174,C*03:04:01:01,C*03:04,True,C
HLA08768_HLA00411,C*03:175,C*03:175,C*03:03:01,C*03:03,True,C
HLA08808_HLA01889,C*15:65,C*15:65,C*07:26,C*07:26,True,C
HLA08811_HLA00475,C*16:53,C*16:53,C*16:01:01,C*16:01,True,C
HLA08812_HLA00411,C*03:176,C*03:176,C*03:03:01,C*03:03,True,C
HLA08813_HLA00411,C*03:177,C*03:177,C*03:03:01,C*03:03,True,C
HLA08813_HLA01412,C*03:177,C*03:177,C*03:13,C*03:13,True,C
HLA08814_HLA01412,C*03:178,C*03:178,C*03:13,C*03:13,True,C
HLA08815_HLA00413,C*03:179,C*03:179,C*03:04:01:01,C*03:04,True,C
HLA08816_HLA00413,C*03:180,C*03:180,C*03:04:01:01,C*03:04,True,C
HLA08817_HLA00413,C*03:181,C*03:181,C*03:04:01:01,C*03:04,True,C
HLA08818_HLA00411,C*03:182,C*03:182,C*03:03:01,C*03:03,True,C
HLA08819_HLA00462,C*14:47N,C*14:47N,C*14:02:01,C*14:02,True,C
HLA08820_HLA00462,C*14:48,C*14:48,C*14:02:01,C*14:02,True,C
HLA08821_HLA00462,C*14:49,C*14:49,C*14:02:01,C*14:02,True,C
HLA08822_HLA00420,C*04:133,C*04:133,C*04:01:01:01,C*04:01,True,C
HLA08822_HLA01328,C*04:133,C*04:133,C*04:01:01:02,C*04:01,True,C
HLA08822_HLA03572,C*04:133,C*04:133,C*04:01:01:03,C*04:01,True,C
HLA08822_HLA08080,C*04:133,C*04:133,C*04:01:01:05,C*04:01,True,C
HLA08823_HLA00420,C*04:134,C*04:134,C*04:01:01:01,C*04:01,True,C
HLA08823_HLA01328,C*04:134,C*04:134,C*04:01:01:02,C*04:01,True,C
HLA08823_HLA03572,C*04:134,C*04:134,C*04:01:01:03,C*04:01,True,C
HLA08823_HLA08080,C*04:134,C*04:134,C*04:01:01:05,C*04:01,True,C
HLA08824_HLA00420,C*04:01:42,C*04:01,C*04:01:01:01,C*04:01,True,C
HLA08824_HLA01328,C*04:01:42,C*04:01,C*04:01:01:02,C*04:01,True,C
HLA08824_HLA03572,C*04:01:42,C*04:01,C*04:01:01:03,C*04:01,True,C
HLA08824_HLA08080,C*04:01:42,C*04:01,C*04:01:01:05,C*04:01,True,C
HLA08825_HLA00420,C*04:135,C*04:135,C*04:01:01:01,C*04:01,True,C
HLA08825_HLA01328,C*04:135,C*04:135,C*04:01:01:02,C*04:01,True,C
HLA08825_HLA03572,C*04:135,C*04:135,C*04:01:01:03,C*04:01,True,C
HLA08825_HLA08080,C*04:135,C*04:135,C*04:01:01:05,C*04:01,True,C
HLA08826_HLA00420,C*04:01:43,C*04:01,C*04:01:01:01,C*04:01,True,C
HLA08826_HLA01328,C*04:01:43,C*04:01,C*04:01:01:02,C*04:01,True,C
HLA08826_HLA03572,C*04:01:43,C*04:01,C*04:01:01:03,C*04:01,True,C
HLA08826_HLA08080,C*04:01:43,C*04:01,C*04:01:01:05,C*04:01,True,C
HLA08827_HLA00420,C*04:01:44,C*04:01,C*04:01:01:01,C*04:01,True,C
HLA08827_HLA01328,C*04:01:44,C*04:01,C*04:01:01:02,C*04:01,True,C
HLA08827_HLA03572,C*04:01:44,C*04:01,C*04:01:01:03,C*04:01,True,C
HLA08827_HLA08080,C*04:01:44,C*04:01,C*04:01:01:05,C*04:01,True,C
HLA08828_HLA00420,C*04:136,C*04:136,C*04:01:01:01,C*04:01,True,C
HLA08828_HLA01328,C*04:136,C*04:136,C*04:01:01:02,C*04:01,True,C
HLA08828_HLA03572,C*04:136,C*04:136,C*04:01:01:03,C*04:01,True,C
HLA08828_HLA08080,C*04:136,C*04:136,C*04:01:01:05,C*04:01,True,C
HLA08829_HLA00420,C*04:137,C*04:137,C*04:01:01:01,C*04:01,True,C
HLA08829_HLA01328,C*04:137,C*04:137,C*04:01:01:02,C*04:01,True,C
HLA08829_HLA03572,C*04:137,C*04:137,C*04:01:01:03,C*04:01,True,C
HLA08829_HLA08080,C*04:137,C*04:137,C*04:01:01:05,C*04:01,True,C
HLA08830_HLA00420,C*04:138,C*04:138,C*04:01:01:01,C*04:01,True,C
HLA08830_HLA01328,C*04:138,C*04:138,C*04:01:01:02,C*04:01,True,C
HLA08830_HLA03572,C*04:138,C*04:138,C*04:01:01:03,C*04:01,True,C
HLA08830_HLA08080,C*04:138,C*04:138,C*04:01:01:05,C*04:01,True,C
HLA08831_HLA00420,C*04:01:45,C*04:01,C*04:01:01:01,C*04:01,True,C
HLA08831_HLA01328,C*04:01:45,C*04:01,C*04:01:01:02,C*04:01,True,C
HLA08831_HLA03572,C*04:01:45,C*04:01,C*04:01:01:03,C*04:01,True,C
HLA08831_HLA08080,C*04:01:45,C*04:01,C*04:01:01:05,C*04:01,True,C
HLA08832_HLA00420,C*04:139,C*04:139,C*04:01:01:01,C*04:01,True,C
HLA08832_HLA01328,C*04:139,C*04:139,C*04:01:01:02,C*04:01,True,C
HLA08832_HLA03572,C*04:139,C*04:139,C*04:01:01:03,C*04:01,True,C
HLA08832_HLA08080,C*04:139,C*04:139,C*04:01:01:05,C*04:01,True,C
HLA08833_HLA00433,C*07:293,C*07:293,C*07:01:01:01,C*07:01,True,C
HLA08833_HLA07937,C*07:293,C*07:293,C*07:01:01:02,C*07:01,True,C
HLA08833_HLA00438,C*07:293,C*07:293,C*07:06,C*07:06,True,C
HLA08885_HLA00401,C*01:02:18,C*01:02,C*01:02:01,C*01:02,True,C
HLA08892_HLA00475,C*16:54,C*16:54,C*16:01:01,C*16:01,True,C
HLA08893_HLA00455,C*12:92,C*12:92,C*12:03:01:01,C*12:03,True,C
HLA08893_HLA02766,C*12:92,C*12:92,C*12:03:01:02,C*12:03,True,C
HLA08897_HLA00433,C*07:294,C*07:294,C*07:01:01:01,C*07:01,True,C
HLA08897_HLA07937,C*07:294,C*07:294,C*07:01:01:02,C*07:01,True,C
HLA08897_HLA00434,C*07:294,C*07:294,C*07:02:01:01,C*07:02,True,C
HLA08897_HLA01326,C*07:294,C*07:294,C*07:02:01:02,C*07:02,True,C
HLA08897_HLA01902,C*07:294,C*07:294,C*07:02:01:03,C*07:02,True,C
HLA08897_HLA07777,C*07:294,C*07:294,C*07:02:01:04,C*07:02,True,C
HLA08897_HLA07778,C*07:294,C*07:294,C*07:02:01:05,C*07:02,True,C
HLA08897_HLA00438,C*07:294,C*07:294,C*07:06,C*07:06,True,C
HLA08932_HLA00478,C*16:55,C*16:55,C*16:04:01,C*16:04,True,C
HLA08954_HLA00413,C*03:183,C*03:183,C*03:04:01:01,C*03:04,True,C
HLA09012_HLA00401,C*01:74,C*01:74,C*01:02:01,C*01:02,True,C
HLA09013_HLA00433,C*07:296,C*07:296,C*07:01:01:01,C*07:01,True,C
HLA09013_HLA07937,C*07:296,C*07:296,C*07:01:01:02,C*07:01,True,C
HLA09013_HLA00438,C*07:296,C*07:296,C*07:06,C*07:06,True,C
HLA09014_HLA00430,C*06:94,C*06:94,C*06:02:01:01,C*06:02,True,C
HLA09014_HLA02561,C*06:94,C*06:94,C*06:02:01:02,C*06:02,True,C
HLA09014_HLA05526,C*06:94,C*06:94,C*06:46N,C*06:46N,True,C
HLA09015_HLA00430,C*06:95,C*06:95,C*06:02:01:01,C*06:02,True,C
HLA09015_HLA02561,C*06:95,C*06:95,C*06:02:01:02,C*06:02,True,C
HLA09015_HLA05526,C*06:95,C*06:95,C*06:46N,C*06:46N,True,C
HLA09016_HLA00430,C*06:02:25,C*06:02,C*06:02:01:01,C*06:02,True,C
HLA09016_HLA02561,C*06:02:25,C*06:02,C*06:02:01:02,C*06:02,True,C
HLA09016_HLA05526,C*06:02:25,C*06:02,C*06:46N,C*06:46N,True,C
HLA09017_HLA00430,C*06:96,C*06:96,C*06:02:01:01,C*06:02,True,C
HLA09017_HLA02561,C*06:96,C*06:96,C*06:02:01:02,C*06:02,True,C
HLA09017_HLA05526,C*06:96,C*06:96,C*06:46N,C*06:46N,True,C
HLA09018_HLA00433,C*07:297,C*07:297,C*07:01:01:01,C*07:01,True,C
HLA09018_HLA07937,C*07:297,C*07:297,C*07:01:01:02,C*07:01,True,C
HLA09018_HLA00438,C*07:297,C*07:297,C*07:06,C*07:06,True,C
HLA09019_HLA00433,C*07:298,C*07:298,C*07:01:01:01,C*07:01,True,C
HLA09019_HLA07937,C*07:298,C*07:298,C*07:01:01:02,C*07:01,True,C
HLA09019_HLA00438,C*07:298,C*07:298,C*07:06,C*07:06,True,C
HLA09020_HLA00433,C*07:01:32,C*07:01,C*07:01:01:01,C*07:01,True,C
HLA09020_HLA07937,C*07:01:32,C*07:01,C*07:01:01:02,C*07:01,True,C
HLA09020_HLA00438,C*07:01:32,C*07:01,C*07:06,C*07:06,True,C
HLA09021_HLA00433,C*07:299,C*07:299,C*07:01:01:01,C*07:01,True,C
HLA09021_HLA07937,C*07:299,C*07:299,C*07:01:01:02,C*07:01,True,C
HLA09021_HLA00438,C*07:299,C*07:299,C*07:06,C*07:06,True,C
HLA09022_HLA00433,C*07:01:33,C*07:01,C*07:01:01:01,C*07:01,True,C
HLA09022_HLA07937,C*07:01:33,C*07:01,C*07:01:01:02,C*07:01,True,C
HLA09022_HLA00438,C*07:01:33,C*07:01,C*07:06,C*07:06,True,C
HLA09023_HLA00446,C*08:73,C*08:73,C*08:02:01,C*08:02,True,C
HLA09024_HLA00427,C*05:86,C*05:86,C*05:01:01:01,C*05:01,True,C
HLA09024_HLA03586,C*05:86,C*05:86,C*05:01:01:02,C*05:01,True,C
HLA09025_HLA00427,C*05:87,C*05:87,C*05:01:01:01,C*05:01,True,C
HLA09025_HLA03586,C*05:87,C*05:87,C*05:01:01:02,C*05:01,True,C
HLA09026_HLA00446,C*08:02:09,C*08:02,C*08:02:01,C*08:02,True,C
HLA09027_HLA00475,C*16:01:12,C*16:01,C*16:01:01,C*16:01,True,C
HLA09028_HLA00475,C*16:01:13,C*16:01,C*16:01:01,C*16:01,True,C
HLA09029_HLA00455,C*12:93,C*12:93,C*12:03:01:01,C*12:03,True,C
HLA09029_HLA02766,C*12:93,C*12:93,C*12:03:01:02,C*12:03,True,C
HLA09030_HLA00481,C*17:16,C*17:16,C*17:01:01:01,C*17:01,True,C
HLA09031_HLA00481,C*17:17,C*17:17,C*17:01:01:01,C*17:01,True,C
HLA09032_HLA00481,C*17:18,C*17:18,C*17:01:01:01,C*17:01,True,C
HLA09033_HLA00481,C*17:19,C*17:19,C*17:01:01:01,C*17:01,True,C
HLA09034_HLA00427,C*05:01:26,C*05:01,C*05:01:01:01,C*05:01,True,C
HLA09034_HLA03586,C*05:01:26,C*05:01,C*05:01:01:02,C*05:01,True,C
HLA09035_HLA00405,C*02:67Q,C*02:67Q,C*02:02:02,C*02:02,True,C
HLA09036_HLA00471,C*15:05:08,C*15:05,C*15:05:02,C*15:05,True,C
HLA09037_HLA00471,C*15:66,C*15:66,C*15:05:02,C*15:05,True,C
HLA09038_HLA00413,C*03:184,C*03:184,C*03:04:01:01,C*03:04,True,C
HLA09039_HLA00414,C*03:04:33,C*03:04,C*03:04:02,C*03:04,True,C
HLA09040_HLA00413,C*03:04:34,C*03:04,C*03:04:01:01,C*03:04,True,C
HLA09041_HLA00411,C*03:185,C*03:185,C*03:03:01,C*03:03,True,C
HLA09042_HLA00413,C*03:04:35,C*03:04,C*03:04:01:01,C*03:04,True,C
HLA09043_HLA00420,C*04:140,C*04:140,C*04:01:01:01,C*04:01,True,C
HLA09043_HLA01328,C*04:140,C*04:140,C*04:01:01:02,C*04:01,True,C
HLA09043_HLA03572,C*04:140,C*04:140,C*04:01:01:03,C*04:01,True,C
HLA09043_HLA08080,C*04:140,C*04:140,C*04:01:01:05,C*04:01,True,C
HLA09044_HLA00420,C*04:01:46,C*04:01,C*04:01:01:01,C*04:01,True,C
HLA09044_HLA01328,C*04:01:46,C*04:01,C*04:01:01:02,C*04:01,True,C
HLA09044_HLA03572,C*04:01:46,C*04:01,C*04:01:01:03,C*04:01,True,C
HLA09044_HLA08080,C*04:01:46,C*04:01,C*04:01:01:05,C*04:01,True,C
HLA09045_HLA00420,C*04:98:02,C*04:98,C*04:01:01:01,C*04:01,True,C
HLA09045_HLA01328,C*04:98:02,C*04:98,C*04:01:01:02,C*04:01,True,C
HLA09045_HLA03572,C*04:98:02,C*04:98,C*04:01:01:03,C*04:01,True,C
HLA09045_HLA08080,C*04:98:02,C*04:98,C*04:01:01:05,C*04:01,True,C
HLA09046_HLA00420,C*04:141,C*04:141,C*04:01:01:01,C*04:01,True,C
HLA09046_HLA01328,C*04:141,C*04:141,C*04:01:01:02,C*04:01,True,C
HLA09046_HLA03572,C*04:141,C*04:141,C*04:01:01:03,C*04:01,True,C
HLA09046_HLA08080,C*04:141,C*04:141,C*04:01:01:05,C*04:01,True,C
HLA09047_HLA00420,C*04:142,C*04:142,C*04:01:01:01,C*04:01,True,C
HLA09047_HLA01328,C*04:142,C*04:142,C*04:01:01:02,C*04:01,True,C
HLA09047_HLA03572,C*04:142,C*04:142,C*04:01:01:03,C*04:01,True,C
HLA09047_HLA08080,C*04:142,C*04:142,C*04:01:01:05,C*04:01,True,C
HLA09048_HLA00420,C*04:01:47,C*04:01,C*04:01:01:01,C*04:01,True,C
HLA09048_HLA01328,C*04:01:47,C*04:01,C*04:01:01:02,C*04:01,True,C
HLA09048_HLA03572,C*04:01:47,C*04:01,C*04:01:01:03,C*04:01,True,C
HLA09048_HLA08080,C*04:01:47,C*04:01,C*04:01:01:05,C*04:01,True,C
HLA09049_HLA00420,C*04:143,C*04:143,C*04:01:01:01,C*04:01,True,C
HLA09049_HLA01328,C*04:143,C*04:143,C*04:01:01:02,C*04:01,True,C
HLA09049_HLA03572,C*04:143,C*04:143,C*04:01:01:03,C*04:01,True,C
HLA09049_HLA08080,C*04:143,C*04:143,C*04:01:01:05,C*04:01,True,C
HLA09050_HLA00420,C*04:01:48,C*04:01,C*04:01:01:01,C*04:01,True,C
HLA09050_HLA01328,C*04:01:48,C*04:01,C*04:01:01:02,C*04:01,True,C
HLA09050_HLA03572,C*04:01:48,C*04:01,C*04:01:01:03,C*04:01,True,C
HLA09050_HLA08080,C*04:01:48,C*04:01,C*04:01:01:05,C*04:01,True,C
HLA09051_HLA00446,C*08:74,C*08:74,C*08:02:01,C*08:02,True,C
HLA09086_HLA00455,C*12:94,C*12:94,C*12:03:01:01,C*12:03,True,C
HLA09086_HLA02766,C*12:94,C*12:94,C*12:03:01:02,C*12:03,True,C
HLA09111_HLA00401,C*01:75,C*01:75,C*01:02:01,C*01:02,True,C
HLA09115_HLA00475,C*16:56,C*16:56,C*16:01:01,C*16:01,True,C
HLA09133_HLA00427,C*05:88,C*05:88,C*05:01:01:01,C*05:01,True,C
HLA09133_HLA03586,C*05:88,C*05:88,C*05:01:01:02,C*05:01,True,C
HLA09136_HLA00433,C*07:300,C*07:300,C*07:01:01:01,C*07:01,True,C
HLA09136_HLA07937,C*07:300,C*07:300,C*07:01:01:02,C*07:01,True,C
HLA09136_HLA00438,C*07:300,C*07:300,C*07:06,C*07:06,True,C
HLA09166_HLA00446,C*08:76,C*08:76,C*08:02:01,C*08:02,True,C
HLA09176_HLA00420,C*04:145,C*04:145,C*04:01:01:01,C*04:01,True,C
HLA09176_HLA01328,C*04:145,C*04:145,C*04:01:01:02,C*04:01,True,C
HLA09176_HLA03572,C*04:145,C*04:145,C*04:01:01:03,C*04:01,True,C
HLA09176_HLA08080,C*04:145,C*04:145,C*04:01:01:05,C*04:01,True,C
HLA09177_HLA00434,C*07:02:40,C*07:02,C*07:02:01:01,C*07:02,True,C
HLA09177_HLA01326,C*07:02:40,C*07:02,C*07:02:01:02,C*07:02,True,C
HLA09177_HLA01902,C*07:02:40,C*07:02,C*07:02:01:03,C*07:02,True,C
HLA09177_HLA07777,C*07:02:40,C*07:02,C*07:02:01:04,C*07:02,True,C
HLA09177_HLA07778,C*07:02:40,C*07:02,C*07:02:01:05,C*07:02,True,C
HLA09178_HLA00433,C*07:301,C*07:301,C*07:01:01:01,C*07:01,True,C
HLA09178_HLA07937,C*07:301,C*07:301,C*07:01:01:02,C*07:01,True,C
HLA09178_HLA00438,C*07:301,C*07:301,C*07:06,C*07:06,True,C
HLA09179_HLA00430,C*06:97,C*06:97,C*06:02:01:01,C*06:02,True,C
HLA09179_HLA02561,C*06:97,C*06:97,C*06:02:01:02,C*06:02,True,C
HLA09179_HLA05526,C*06:97,C*06:97,C*06:46N,C*06:46N,True,C
HLA09180_HLA00430,C*06:43:02,C*06:43,C*06:02:01:01,C*06:02,True,C
HLA09180_HLA02561,C*06:43:02,C*06:43,C*06:02:01:02,C*06:02,True,C
HLA09180_HLA05526,C*06:43:02,C*06:43,C*06:46N,C*06:46N,True,C
HLA09181_HLA00430,C*06:02:26,C*06:02,C*06:02:01:01,C*06:02,True,C
HLA09181_HLA02561,C*06:02:26,C*06:02,C*06:02:01:02,C*06:02,True,C
HLA09181_HLA05526,C*06:02:26,C*06:02,C*06:46N,C*06:46N,True,C
HLA09182_HLA00430,C*06:98,C*06:98,C*06:02:01:01,C*06:02,True,C
HLA09182_HLA02561,C*06:98,C*06:98,C*06:02:01:02,C*06:02,True,C
HLA09182_HLA05526,C*06:98,C*06:98,C*06:46N,C*06:46N,True,C
HLA09183_HLA00436,C*07:302,C*07:302,C*07:04:01,C*07:04,True,C
HLA09184_HLA00433,C*07:303,C*07:303,C*07:01:01:01,C*07:01,True,C
HLA09184_HLA07937,C*07:303,C*07:303,C*07:01:01:02,C*07:01,True,C
HLA09184_HLA00438,C*07:303,C*07:303,C*07:06,C*07:06,True,C
HLA09185_HLA00433,C*07:304,C*07:304,C*07:01:01:01,C*07:01,True,C
HLA09185_HLA07937,C*07:304,C*07:304,C*07:01:01:02,C*07:01,True,C
HLA09185_HLA00438,C*07:304,C*07:304,C*07:06,C*07:06,True,C
HLA09186_HLA00434,C*07:02:41,C*07:02,C*07:02:01:01,C*07:02,True,C
HLA09186_HLA01326,C*07:02:41,C*07:02,C*07:02:01:02,C*07:02,True,C
HLA09186_HLA01902,C*07:02:41,C*07:02,C*07:02:01:03,C*07:02,True,C
HLA09186_HLA07777,C*07:02:41,C*07:02,C*07:02:01:04,C*07:02,True,C
HLA09186_HLA07778,C*07:02:41,C*07:02,C*07:02:01:05,C*07:02,True,C
HLA09187_HLA00434,C*07:305,C*07:305,C*07:02:01:01,C*07:02,True,C
HLA09187_HLA01326,C*07:305,C*07:305,C*07:02:01:02,C*07:02,True,C
HLA09187_HLA01902,C*07:305,C*07:305,C*07:02:01:03,C*07:02,True,C
HLA09187_HLA07777,C*07:305,C*07:305,C*07:02:01:04,C*07:02,True,C
HLA09187_HLA07778,C*07:305,C*07:305,C*07:02:01:05,C*07:02,True,C
HLA09188_HLA00434,C*07:306,C*07:306,C*07:02:01:01,C*07:02,True,C
HLA09188_HLA01326,C*07:306,C*07:306,C*07:02:01:02,C*07:02,True,C
HLA09188_HLA01902,C*07:306,C*07:306,C*07:02:01:03,C*07:02,True,C
HLA09188_HLA07777,C*07:306,C*07:306,C*07:02:01:04,C*07:02,True,C
HLA09188_HLA07778,C*07:306,C*07:306,C*07:02:01:05,C*07:02,True,C
HLA09189_HLA01843,C*05:89,C*05:89,C*05:08,C*05:08,True,C
HLA09190_HLA00427,C*05:90,C*05:90,C*05:01:01:01,C*05:01,True,C
HLA09190_HLA03586,C*05:90,C*05:90,C*05:01:01:02,C*05:01,True,C
HLA09191_HLA00427,C*05:64:02,C*05:64,C*05:01:01:01,C*05:01,True,C
HLA09191_HLA03586,C*05:64:02,C*05:64,C*05:01:01:02,C*05:01,True,C
HLA09192_HLA00427,C*05:91N,C*05:91N,C*05:01:01:01,C*05:01,True,C
HLA09192_HLA03586,C*05:91N,C*05:91N,C*05:01:01:02,C*05:01,True,C
HLA09193_HLA00446,C*08:77,C*08:77,C*08:02:01,C*08:02,True,C
HLA09194_HLA00446,C*08:02:10,C*08:02,C*08:02:01,C*08:02,True,C
HLA09195_HLA00475,C*16:57,C*16:57,C*16:01:01,C*16:01,True,C
HLA09196_HLA00455,C*12:95,C*12:95,C*12:03:01:01,C*12:03,True,C
HLA09196_HLA02766,C*12:95,C*12:95,C*12:03:01:02,C*12:03,True,C
HLA09197_HLA00413,C*03:186,C*03:186,C*03:04:01:01,C*03:04,True,C
HLA09198_HLA00411,C*03:187,C*03:187,C*03:03:01,C*03:03,True,C
HLA09199_HLA00411,C*03:03:20,C*03:03,C*03:03:01,C*03:03,True,C
HLA09200_HLA00411,C*03:188,C*03:188,C*03:03:01,C*03:03,True,C
HLA09201_HLA00411,C*03:189N,C*03:189N,C*03:03:01,C*03:03,True,C
HLA09202_HLA00405,C*02:02:26,C*02:02,C*02:02:02,C*02:02,True,C
HLA09203_HLA00462,C*14:50,C*14:50,C*14:02:01,C*14:02,True,C
HLA09204_HLA00462,C*14:51,C*14:51,C*14:02:01,C*14:02,True,C
HLA09205_HLA00420,C*04:01:49,C*04:01,C*04:01:01:01,C*04:01,True,C
HLA09205_HLA01328,C*04:01:49,C*04:01,C*04:01:01:02,C*04:01,True,C
HLA09205_HLA03572,C*04:01:49,C*04:01,C*04:01:01:03,C*04:01,True,C
HLA09205_HLA08080,C*04:01:49,C*04:01,C*04:01:01:05,C*04:01,True,C
HLA09206_HLA00420,C*04:01:50,C*04:01,C*04:01:01:01,C*04:01,True,C
HLA09206_HLA01328,C*04:01:50,C*04:01,C*04:01:01:02,C*04:01,True,C
HLA09206_HLA03572,C*04:01:50,C*04:01,C*04:01:01:03,C*04:01,True,C
HLA09206_HLA08080,C*04:01:50,C*04:01,C*04:01:01:05,C*04:01,True,C
HLA09207_HLA00420,C*04:01:51,C*04:01,C*04:01:01:01,C*04:01,True,C
HLA09207_HLA01328,C*04:01:51,C*04:01,C*04:01:01:02,C*04:01,True,C
HLA09207_HLA03572,C*04:01:51,C*04:01,C*04:01:01:03,C*04:01,True,C
HLA09207_HLA08080,C*04:01:51,C*04:01,C*04:01:01:05,C*04:01,True,C
HLA09299_HLA00454,C*12:96,C*12:96,C*12:02:02,C*12:02,True,C
HLA09300_HLA00401,C*01:76,C*01:76,C*01:02:01,C*01:02,True,C
HLA09330_HLA00410,C*03:190,C*03:190,C*03:02:01,C*03:02,True,C
HLA09330_HLA05731,C*03:190,C*03:190,C*03:02:02:02,C*03:02,True,C
HLA09451_HLA00434,C*07:307,C*07:307,C*07:02:01:01,C*07:02,True,C
HLA09451_HLA01326,C*07:307,C*07:307,C*07:02:01:02,C*07:02,True,C
HLA09451_HLA01902,C*07:307,C*07:307,C*07:02:01:03,C*07:02,True,C
HLA09451_HLA07777,C*07:307,C*07:307,C*07:02:01:04,C*07:02,True,C
HLA09451_HLA07778,C*07:307,C*07:307,C*07:02:01:05,C*07:02,True,C
HLA09473_HLA00430,C*06:99,C*06:99,C*06:02:01:01,C*06:02,True,C
HLA09473_HLA02561,C*06:99,C*06:99,C*06:02:01:02,C*06:02,True,C
HLA09515_HLA00430,C*06:100,C*06:100,C*06:02:01:01,C*06:02,True,C
HLA09515_HLA02561,C*06:100,C*06:100,C*06:02:01:02,C*06:02,True,C
HLA09518_HLA00427,C*05:92N,C*05:92N,C*05:01:01:01,C*05:01,True,C
HLA09518_HLA03586,C*05:92N,C*05:92N,C*05:01:01:02,C*05:01,True,C
HLA09596_HLA00401,C*01:02:19,C*01:02,C*01:02:01,C*01:02,True,C
HLA09597_HLA00413,C*03:191,C*03:191,C*03:04:01:01,C*03:04,True,C
HLA09598_HLA00434,C*07:309,C*07:309,C*07:02:01:01,C*07:02,True,C
HLA09598_HLA01326,C*07:309,C*07:309,C*07:02:01:02,C*07:02,True,C
HLA09598_HLA01902,C*07:309,C*07:309,C*07:02:01:03,C*07:02,True,C
HLA09598_HLA07777,C*07:309,C*07:309,C*07:02:01:04,C*07:02,True,C
HLA09598_HLA07778,C*07:309,C*07:309,C*07:02:01:05,C*07:02,True,C
HLA09599_HLA00430,C*06:101,C*06:101,C*06:02:01:01,C*06:02,True,C
HLA09599_HLA02561,C*06:101,C*06:101,C*06:02:01:02,C*06:02,True,C
HLA09599_HLA05526,C*06:101,C*06:101,C*06:46N,C*06:46N,True,C
HLA09600_HLA00483,C*18:07N,C*18:07N,C*18:01,C*18:01,True,C
HLA09601_HLA00430,C*06:102,C*06:102,C*06:02:01:01,C*06:02,True,C
HLA09601_HLA02561,C*06:102,C*06:102,C*06:02:01:02,C*06:02,True,C
HLA09601_HLA05526,C*06:102,C*06:102,C*06:46N,C*06:46N,True,C
HLA09602_HLA00433,C*07:310,C*07:310,C*07:01:01:01,C*07:01,True,C
HLA09602_HLA07937,C*07:310,C*07:310,C*07:01:01:02,C*07:01,True,C
HLA09602_HLA00438,C*07:310,C*07:310,C*07:06,C*07:06,True,C
HLA09603_HLA00433,C*07:311,C*07:311,C*07:01:01:01,C*07:01,True,C
HLA09603_HLA07937,C*07:311,C*07:311,C*07:01:01:02,C*07:01,True,C
HLA09603_HLA00438,C*07:311,C*07:311,C*07:06,C*07:06,True,C
HLA09604_HLA00434,C*07:02:42,C*07:02,C*07:02:01:01,C*07:02,True,C
HLA09604_HLA01326,C*07:02:42,C*07:02,C*07:02:01:02,C*07:02,True,C
HLA09604_HLA01902,C*07:02:42,C*07:02,C*07:02:01:03,C*07:02,True,C
HLA09604_HLA07777,C*07:02:42,C*07:02,C*07:02:01:04,C*07:02,True,C
HLA09604_HLA07778,C*07:02:42,C*07:02,C*07:02:01:05,C*07:02,True,C
HLA09605_HLA00434,C*07:312,C*07:312,C*07:02:01:01,C*07:02,True,C
HLA09605_HLA01326,C*07:312,C*07:312,C*07:02:01:02,C*07:02,True,C
HLA09605_HLA01902,C*07:312,C*07:312,C*07:02:01:03,C*07:02,True,C
HLA09605_HLA07777,C*07:312,C*07:312,C*07:02:01:04,C*07:02,True,C
HLA09605_HLA07778,C*07:312,C*07:312,C*07:02:01:05,C*07:02,True,C
HLA09606_HLA00433,C*07:313,C*07:313,C*07:01:01:01,C*07:01,True,C
HLA09606_HLA07937,C*07:313,C*07:313,C*07:01:01:02,C*07:01,True,C
HLA09606_HLA00438,C*07:313,C*07:313,C*07:06,C*07:06,True,C
HLA09607_HLA00433,C*07:01:34,C*07:01,C*07:01:01:01,C*07:01,True,C
HLA09607_HLA07937,C*07:01:34,C*07:01,C*07:01:01:02,C*07:01,True,C
HLA09607_HLA00438,C*07:01:34,C*07:01,C*07:06,C*07:06,True,C
HLA09608_HLA00434,C*07:02:43,C*07:02,C*07:02:01:01,C*07:02,True,C
HLA09608_HLA01326,C*07:02:43,C*07:02,C*07:02:01:02,C*07:02,True,C
HLA09608_HLA01902,C*07:02:43,C*07:02,C*07:02:01:03,C*07:02,True,C
HLA09608_HLA07777,C*07:02:43,C*07:02,C*07:02:01:04,C*07:02,True,C
HLA09608_HLA07778,C*07:02:43,C*07:02,C*07:02:01:05,C*07:02,True,C
HLA09609_HLA00427,C*05:01:27,C*05:01,C*05:01:01:01,C*05:01,True,C
HLA09609_HLA03586,C*05:01:27,C*05:01,C*05:01:01:02,C*05:01,True,C
HLA09610_HLA00445,C*08:72:02,C*08:72,C*08:01:01,C*08:01,True,C
HLA09611_HLA00455,C*12:97,C*12:97,C*12:03:01:01,C*12:03,True,C
HLA09611_HLA02766,C*12:97,C*12:97,C*12:03:01:02,C*12:03,True,C
HLA09612_HLA00475,C*16:59,C*16:59,C*16:01:01,C*16:01,True,C
HLA09613_HLA00455,C*12:98,C*12:98,C*12:03:01:01,C*12:03,True,C
HLA09613_HLA02766,C*12:98,C*12:98,C*12:03:01:02,C*12:03,True,C
HLA09614_HLA00455,C*12:99,C*12:99,C*12:03:01:01,C*12:03,True,C
HLA09614_HLA02766,C*12:99,C*12:99,C*12:03:01:02,C*12:03,True,C
HLA09615_HLA00410,C*03:02:10,C*03:02,C*03:02:01,C*03:02,True,C
HLA09615_HLA05731,C*03:02:10,C*03:02,C*03:02:02:02,C*03:02,True,C
HLA09616_HLA00405,C*02:68,C*02:68,C*02:02:02,C*02:02,True,C
HLA09617_HLA00423,C*04:147,C*04:147,C*04:03:01,C*04:03,True,C
HLA09618_HLA00467,C*15:67,C*15:67,C*15:02:01,C*15:02,True,C
HLA09619_HLA00467,C*15:68,C*15:68,C*15:02:01,C*15:02,True,C
HLA09620_HLA00467,C*15:02:16,C*15:02,C*15:02:01,C*15:02,True,C
HLA09621_HLA00471,C*15:69,C*15:69,C*15:05:02,C*15:05,True,C
HLA09622_HLA00471,C*15:70,C*15:70,C*15:05:02,C*15:05,True,C
HLA09623_HLA00467,C*15:71,C*15:71,C*15:02:01,C*15:02,True,C
HLA09624_HLA00411,C*03:192,C*03:192,C*03:03:01,C*03:03,True,C
HLA09625_HLA00413,C*03:193,C*03:193,C*03:04:01:01,C*03:04,True,C
HLA09626_HLA00410,C*03:194,C*03:194,C*03:02:01,C*03:02,True,C
HLA09626_HLA05731,C*03:194,C*03:194,C*03:02:02:02,C*03:02,True,C
HLA09627_HLA00471,C*15:05:09,C*15:05,C*15:05:02,C*15:05,True,C
HLA09628_HLA00420,C*04:148,C*04:148,C*04:01:01:01,C*04:01,True,C
HLA09628_HLA01328,C*04:148,C*04:148,C*04:01:01:02,C*04:01,True,C
HLA09628_HLA03572,C*04:148,C*04:148,C*04:01:01:03,C*04:01,True,C
HLA09628_HLA08080,C*04:148,C*04:148,C*04:01:01:05,C*04:01,True,C
HLA09629_HLA00420,C*04:149,C*04:149,C*04:01:01:01,C*04:01,True,C
HLA09629_HLA01328,C*04:149,C*04:149,C*04:01:01:02,C*04:01,True,C
HLA09629_HLA03572,C*04:149,C*04:149,C*04:01:01:03,C*04:01,True,C
HLA09629_HLA08080,C*04:149,C*04:149,C*04:01:01:05,C*04:01,True,C
HLA09630_HLA00420,C*04:150,C*04:150,C*04:01:01:01,C*04:01,True,C
HLA09630_HLA01328,C*04:150,C*04:150,C*04:01:01:02,C*04:01,True,C
HLA09630_HLA03572,C*04:150,C*04:150,C*04:01:01:03,C*04:01,True,C
HLA09630_HLA08080,C*04:150,C*04:150,C*04:01:01:05,C*04:01,True,C
HLA09631_HLA00420,C*04:01:52,C*04:01,C*04:01:01:01,C*04:01,True,C
HLA09631_HLA01328,C*04:01:52,C*04:01,C*04:01:01:02,C*04:01,True,C
HLA09631_HLA03572,C*04:01:52,C*04:01,C*04:01:01:03,C*04:01,True,C
HLA09631_HLA08080,C*04:01:52,C*04:01,C*04:01:01:05,C*04:01,True,C
HLA09632_HLA00420,C*04:151,C*04:151,C*04:01:01:01,C*04:01,True,C
HLA09632_HLA01328,C*04:151,C*04:151,C*04:01:01:02,C*04:01,True,C
HLA09632_HLA03572,C*04:151,C*04:151,C*04:01:01:03,C*04:01,True,C
HLA09632_HLA08080,C*04:151,C*04:151,C*04:01:01:05,C*04:01,True,C
HLA09669_HLA00401,C*01:77,C*01:77,C*01:02:01,C*01:02,True,C
HLA09671_HLA00411,C*03:195,C*03:195,C*03:03:01,C*03:03,True,C
HLA09679_HLA00427,C*05:94,C*05:94,C*05:01:01:01,C*05:01,True,C
HLA09679_HLA03586,C*05:94,C*05:94,C*05:01:01:02,C*05:01,True,C
HLA09689_HLA00434,C*07:314,C*07:314,C*07:02:01:01,C*07:02,True,C
HLA09689_HLA01326,C*07:314,C*07:314,C*07:02:01:02,C*07:02,True,C
HLA09689_HLA01902,C*07:314,C*07:314,C*07:02:01:03,C*07:02,True,C
HLA09689_HLA07777,C*07:314,C*07:314,C*07:02:01:04,C*07:02,True,C
HLA09689_HLA07778,C*07:314,C*07:314,C*07:02:01:05,C*07:02,True,C
HLA09716_HLA00423,C*04:03:02,C*04:03,C*04:03:01,C*04:03,True,C
HLA09717_HLA00402,C*01:78,C*01:78,C*01:03,C*01:03,True,C
HLA09725_HLA00430,C*06:02:27,C*06:02,C*06:02:01:01,C*06:02,True,C
HLA09725_HLA02561,C*06:02:27,C*06:02,C*06:02:01:02,C*06:02,True,C
HLA09725_HLA05526,C*06:02:27,C*06:02,C*06:46N,C*06:46N,True,C
HLA09726_HLA00411,C*03:03:21,C*03:03,C*03:03:01,C*03:03,True,C
HLA09727_HLA00462,C*14:02:12,C*14:02,C*14:02:01,C*14:02,True,C
HLA09728_HLA00420,C*04:152,C*04:152,C*04:01:01:01,C*04:01,True,C
HLA09728_HLA01328,C*04:152,C*04:152,C*04:01:01:02,C*04:01,True,C
HLA09728_HLA03572,C*04:152,C*04:152,C*04:01:01:03,C*04:01,True,C
HLA09728_HLA08080,C*04:152,C*04:152,C*04:01:01:05,C*04:01,True,C
HLA09820_HLA00462,C*14:52,C*14:52,C*14:02:01,C*14:02,True,C
HLA09822_HLA00475,C*16:39:02,C*16:39,C*16:01:01,C*16:01,True,C
HLA09831_HLA02943,C*07:315,C*07:315,C*07:49,C*07:49,True,C
HLA09834_HLA00445,C*08:01:10,C*08:01,C*08:01:01,C*08:01,True,C
